{
    "CPU temp": 57.0,
    "CPU load (/proc/loadavg)(1m)": 1.85,
    "CPU load (/proc/loadavg)(5m)": 1.62,
    "CPU load (/proc/loadavg)(15m)": 0.88,
    "CPU load (/proc/stat)(1s)": 0.46397694524495675,
    "CPU power": 6.078537,
    "lo RX": 0.0,
    "lo TX": 0.0,
    "enp3s0 RX": 2226185.0,
    "enp3s0 TX": 123250198.0,
    "wlp2s0 RX": 0.0,
    "wlp2s0 TX": 0.0,
    "System power": 12.0
}