{
    "CPU temp": 51.0,
    "CPU load (/proc/loadavg)(1m)": 0.16,
    "CPU load (/proc/loadavg)(5m)": 0.06,
    "CPU load (/proc/loadavg)(15m)": 0.01,
    "CPU load (/proc/stat)(1s)": 0.2131578947368421,
    "CPU power": 3.825552,
    "lo RX": 0.0,
    "lo TX": 0.0,
    "enp3s0 RX": 123082353.0,
    "enp3s0 TX": 108324.0,
    "wlp2s0 RX": 0.0,
    "wlp2s0 TX": 0.0,
    "System power": 7.0
}