{
    "CPU temp": 52.0,
    "CPU load (/proc/loadavg)(1m)": 1.84,
    "CPU load (/proc/loadavg)(5m)": 1.08,
    "CPU load (/proc/loadavg)(15m)": 0.44,
    "CPU load (/proc/stat)(1s)": 0.25065963060686014,
    "CPU power": 4.138905,
    "lo RX": 0.0,
    "lo TX": 0.0,
    "enp3s0 RX": 123179041.0,
    "enp3s0 TX": 107190.0,
    "wlp2s0 RX": 0.0,
    "wlp2s0 TX": 0.0,
    "System power": 9.0
}