{
    "CPU temp": 53.0,
    "CPU load (/proc/loadavg)(1m)": 1.84,
    "CPU load (/proc/loadavg)(5m)": 1.08,
    "CPU load (/proc/loadavg)(15m)": 0.44,
    "CPU load (/proc/stat)(1s)": 0.19788918205804748,
    "CPU power": 3.770131,
    "lo RX": 0.0,
    "lo TX": 0.0,
    "enp3s0 RX": 122955505.0,
    "enp3s0 TX": 108108.0,
    "wlp2s0 RX": 0.0,
    "wlp2s0 TX": 0.0,
    "System power": 10.0
}