{
    "CPU temp": 53.0,
    "CPU load (/proc/loadavg)(1m)": 1.78,
    "CPU load (/proc/loadavg)(5m)": 1.07,
    "CPU load (/proc/loadavg)(15m)": 0.44,
    "CPU load (/proc/stat)(1s)": 0.21066666666666667,
    "CPU power": 3.989248,
    "lo RX": 0.0,
    "lo TX": 0.0,
    "enp3s0 RX": 122141487.0,
    "enp3s0 TX": 105462.0,
    "wlp2s0 RX": 0.0,
    "wlp2s0 TX": 0.0,
    "System power": 8.0
}