{
    "CPU temp": 54.0,
    "CPU load (/proc/loadavg)(1m)": 1.78,
    "CPU load (/proc/loadavg)(5m)": 1.07,
    "CPU load (/proc/loadavg)(15m)": 0.44,
    "CPU load (/proc/stat)(1s)": 0.24857142857142858,
    "CPU power": 4.630664,
    "lo RX": 0.0,
    "lo TX": 0.0,
    "enp3s0 RX": 2285285.0,
    "enp3s0 TX": 123153302.0,
    "wlp2s0 RX": 0.0,
    "wlp2s0 TX": 0.0,
    "System power": 7.0
}