{
    "CPU temp": 55.0,
    "CPU load (/proc/loadavg)(1m)": 1.82,
    "CPU load (/proc/loadavg)(5m)": 1.11,
    "CPU load (/proc/loadavg)(15m)": 0.46,
    "CPU load (/proc/stat)(1s)": 0.45194805194805193,
    "CPU power": 5.366807,
    "lo RX": 0.0,
    "lo TX": 0.0,
    "enp3s0 RX": 122452327.0,
    "enp3s0 TX": 107568.0,
    "wlp2s0 RX": 0.0,
    "wlp2s0 TX": 0.0,
    "System power": 10.0
}