{
    "CPU temp": 52.0,
    "CPU load (/proc/loadavg)(1m)": 0.15,
    "CPU load (/proc/loadavg)(5m)": 0.06,
    "CPU load (/proc/loadavg)(15m)": 0.01,
    "CPU load (/proc/stat)(1s)": 0.19047619047619047,
    "CPU power": 3.727407,
    "lo RX": 0.0,
    "lo TX": 0.0,
    "enp3s0 RX": 122935615.0,
    "enp3s0 TX": 107838.0,
    "wlp2s0 RX": 0.0,
    "wlp2s0 TX": 0.0,
    "System power": 7.0
}