{
    "CPU temp": 56.0,
    "CPU load (/proc/loadavg)(1m)": 1.68,
    "CPU load (/proc/loadavg)(5m)": 1.09,
    "CPU load (/proc/loadavg)(15m)": 0.45,
    "CPU load (/proc/stat)(1s)": 0.42337662337662335,
    "CPU power": 5.371568,
    "lo RX": 0.0,
    "lo TX": 0.0,
    "enp3s0 RX": 122547709.0,
    "enp3s0 TX": 107568.0,
    "wlp2s0 RX": 0.0,
    "wlp2s0 TX": 0.0,
    "System power": 10.0
}