{
    "CPU temp": 57.0,
    "CPU load (/proc/loadavg)(1m)": 1.7,
    "CPU load (/proc/loadavg)(5m)": 1.1,
    "CPU load (/proc/loadavg)(15m)": 0.46,
    "CPU load (/proc/stat)(1s)": 0.4339080459770115,
    "CPU power": 5.898545,
    "lo RX": 0.0,
    "lo TX": 0.0,
    "enp3s0 RX": 2284445.0,
    "enp3s0 TX": 123151788.0,
    "wlp2s0 RX": 0.0,
    "wlp2s0 TX": 0.0,
    "System power": 11.0
}