{
    "CPU temp": 57.0,
    "CPU load (/proc/loadavg)(1m)": 1.73,
    "CPU load (/proc/loadavg)(5m)": 1.12,
    "CPU load (/proc/loadavg)(15m)": 0.47,
    "CPU load (/proc/stat)(1s)": 0.44886363636363635,
    "CPU power": 5.939804,
    "lo RX": 0.0,
    "lo TX": 0.0,
    "enp3s0 RX": 2285705.0,
    "enp3s0 TX": 123207806.0,
    "wlp2s0 RX": 0.0,
    "wlp2s0 TX": 0.0,
    "System power": 10.0
}