{
    "CPU temp": 57.0,
    "CPU load (/proc/loadavg)(1m)": 1.99,
    "CPU load (/proc/loadavg)(5m)": 1.18,
    "CPU load (/proc/loadavg)(15m)": 0.5,
    "CPU load (/proc/stat)(1s)": 0.26785714285714285,
    "CPU power": 4.142445,
    "lo RX": 0.0,
    "lo TX": 0.0,
    "enp3s0 RX": 286601.0,
    "enp3s0 TX": 15228525.0,
    "wlp2s0 RX": 0.0,
    "wlp2s0 TX": 0.0,
    "System power": 9.0
}