{
    "CPU temp": 57.0,
    "CPU load (/proc/loadavg)(1m)": 1.91,
    "CPU load (/proc/loadavg)(5m)": 1.18,
    "CPU load (/proc/loadavg)(15m)": 0.5,
    "CPU load (/proc/stat)(1s)": 0.6210526315789474,
    "CPU power": 6.59294,
    "lo RX": 0.0,
    "lo TX": 0.0,
    "enp3s0 RX": 120848515.0,
    "enp3s0 TX": 105570.0,
    "wlp2s0 RX": 0.0,
    "wlp2s0 TX": 0.0,
    "System power": 9.0
}