{
    "CPU temp": 58.0,
    "CPU load (/proc/loadavg)(1m)": 1.91,
    "CPU load (/proc/loadavg)(5m)": 1.18,
    "CPU load (/proc/loadavg)(15m)": 0.5,
    "CPU load (/proc/stat)(1s)": 0.6243386243386243,
    "CPU power": 6.77342,
    "lo RX": 0.0,
    "lo TX": 0.0,
    "enp3s0 RX": 119536009.0,
    "enp3s0 TX": 103896.0,
    "wlp2s0 RX": 0.0,
    "wlp2s0 TX": 0.0,
    "System power": 12.0
}