{
    "CPU temp": 59.0,
    "CPU load (/proc/loadavg)(1m)": 1.92,
    "CPU load (/proc/loadavg)(5m)": 1.19,
    "CPU load (/proc/loadavg)(15m)": 0.51,
    "CPU load (/proc/stat)(1s)": 0.6342105263157894,
    "CPU power": 6.778669,
    "lo RX": 0.0,
    "lo TX": 0.0,
    "enp3s0 RX": 120192959.0,
    "enp3s0 TX": 104598.0,
    "wlp2s0 RX": 0.0,
    "wlp2s0 TX": 0.0,
    "System power": 10.0
}