{
    "CPU temp": 52.0,
    "CPU load (/proc/loadavg)(1m)": 0.15,
    "CPU load (/proc/loadavg)(5m)": 0.06,
    "CPU load (/proc/loadavg)(15m)": 0.01,
    "CPU load (/proc/stat)(1s)": 0.24010554089709762,
    "CPU power": 4.002126,
    "lo RX": 0.0,
    "lo TX": 0.0,
    "enp3s0 RX": 112557103.0,
    "enp3s0 TX": 101731.0,
    "wlp2s0 RX": 0.0,
    "wlp2s0 TX": 0.0,
    "System power": 9.0
}