{
    "CPU temp": 60.0,
    "CPU load (/proc/loadavg)(1m)": 2.0,
    "CPU load (/proc/loadavg)(5m)": 1.22,
    "CPU load (/proc/loadavg)(15m)": 0.52,
    "CPU load (/proc/stat)(1s)": 0.6347826086956522,
    "CPU power": 7.154828,
    "lo RX": 0.0,
    "lo TX": 0.0,
    "enp3s0 RX": 2283185.0,
    "enp3s0 TX": 123139676.0,
    "wlp2s0 RX": 0.0,
    "wlp2s0 TX": 0.0,
    "System power": 11.0
}