{
    "CPU temp": 60.0,
    "CPU load (/proc/loadavg)(1m)": 2.0,
    "CPU load (/proc/loadavg)(5m)": 1.22,
    "CPU load (/proc/loadavg)(15m)": 0.52,
    "CPU load (/proc/stat)(1s)": 0.6355685131195336,
    "CPU power": 7.153546,
    "lo RX": 0.0,
    "lo TX": 0.0,
    "enp3s0 RX": 2278025.0,
    "enp3s0 TX": 122821736.0,
    "wlp2s0 RX": 0.0,
    "wlp2s0 TX": 0.0,
    "System power": 12.0
}