{
    "CPU temp": 60.0,
    "CPU load (/proc/loadavg)(1m)": 2.08,
    "CPU load (/proc/loadavg)(5m)": 1.25,
    "CPU load (/proc/loadavg)(15m)": 0.53,
    "CPU load (/proc/stat)(1s)": 0.6171428571428571,
    "CPU power": 6.949262,
    "lo RX": 0.0,
    "lo TX": 0.0,
    "enp3s0 RX": 2287205.0,
    "enp3s0 TX": 123294104.0,
    "wlp2s0 RX": 0.0,
    "wlp2s0 TX": 0.0,
    "System power": 12.0
}