{
    "CPU temp": 60.0,
    "CPU load (/proc/loadavg)(1m)": 2.16,
    "CPU load (/proc/loadavg)(5m)": 1.28,
    "CPU load (/proc/loadavg)(15m)": 0.55,
    "CPU load (/proc/stat)(1s)": 0.8293963254593176,
    "CPU power": 7.927225,
    "lo RX": 0.0,
    "lo TX": 0.0,
    "enp3s0 RX": 119874161.0,
    "enp3s0 TX": 103950.0,
    "wlp2s0 RX": 0.0,
    "wlp2s0 TX": 0.0,
    "System power": 12.0
}