{
    "CPU temp": 61.0,
    "CPU load (/proc/loadavg)(1m)": 2.16,
    "CPU load (/proc/loadavg)(5m)": 1.28,
    "CPU load (/proc/loadavg)(15m)": 0.55,
    "CPU load (/proc/stat)(1s)": 0.824607329842932,
    "CPU power": 8.017374,
    "lo RX": 0.0,
    "lo TX": 0.0,
    "enp3s0 RX": 117629933.0,
    "enp3s0 TX": 101790.0,
    "wlp2s0 RX": 0.0,
    "wlp2s0 TX": 0.0,
    "System power": 12.0
}