{
    "CPU temp": 62.0,
    "CPU load (/proc/loadavg)(1m)": 2.23,
    "CPU load (/proc/loadavg)(5m)": 1.31,
    "CPU load (/proc/loadavg)(15m)": 0.56,
    "CPU load (/proc/stat)(1s)": 0.8289473684210527,
    "CPU power": 8.061503,
    "lo RX": 0.0,
    "lo TX": 0.0,
    "enp3s0 RX": 116495603.0,
    "enp3s0 TX": 100764.0,
    "wlp2s0 RX": 0.0,
    "wlp2s0 TX": 0.0,
    "System power": 12.0
}