{
    "CPU temp": 62.0,
    "CPU load (/proc/loadavg)(1m)": 2.23,
    "CPU load (/proc/loadavg)(5m)": 1.31,
    "CPU load (/proc/loadavg)(15m)": 0.56,
    "CPU load (/proc/stat)(1s)": 0.8285714285714286,
    "CPU power": 8.066263,
    "lo RX": 0.0,
    "lo TX": 0.0,
    "enp3s0 RX": 118651101.0,
    "enp3s0 TX": 103140.0,
    "wlp2s0 RX": 0.0,
    "wlp2s0 TX": 0.0,
    "System power": 12.0
}