{
    "CPU temp": 63.0,
    "CPU load (/proc/loadavg)(1m)": 2.29,
    "CPU load (/proc/loadavg)(5m)": 1.34,
    "CPU load (/proc/loadavg)(15m)": 0.57,
    "CPU load (/proc/stat)(1s)": 0.8257142857142857,
    "CPU power": 8.221109,
    "lo RX": 0.0,
    "lo TX": 0.0,
    "enp3s0 RX": 2259725.0,
    "enp3s0 TX": 121827038.0,
    "wlp2s0 RX": 0.0,
    "wlp2s0 TX": 0.0,
    "System power": 12.0
}