{
    "CPU temp": 53.0,
    "CPU load (/proc/loadavg)(1m)": 0.46,
    "CPU load (/proc/loadavg)(5m)": 0.12,
    "CPU load (/proc/loadavg)(15m)": 0.03,
    "CPU load (/proc/stat)(1s)": 0.4323607427055703,
    "CPU power": 5.437791,
    "lo RX": 0.0,
    "lo TX": 0.0,
    "enp3s0 RX": 121355907.0,
    "enp3s0 TX": 105570.0,
    "wlp2s0 RX": 0.0,
    "wlp2s0 TX": 0.0,
    "System power": 7.0
}