{
    "CPU temp": 63.0,
    "CPU load (/proc/loadavg)(1m)": 2.43,
    "CPU load (/proc/loadavg)(5m)": 1.38,
    "CPU load (/proc/loadavg)(15m)": 0.59,
    "CPU load (/proc/stat)(1s)": 0.828080229226361,
    "CPU power": 8.215677,
    "lo RX": 0.0,
    "lo TX": 0.0,
    "enp3s0 RX": 2286065.0,
    "enp3s0 TX": 123216890.0,
    "wlp2s0 RX": 0.0,
    "wlp2s0 TX": 0.0,
    "System power": 13.0
}