{
    "CPU temp": 55.0,
    "CPU load (/proc/loadavg)(1m)": 2.05,
    "CPU load (/proc/loadavg)(5m)": 1.34,
    "CPU load (/proc/loadavg)(15m)": 0.59,
    "CPU load (/proc/stat)(1s)": 0.026246719160104987,
    "CPU power": 2.530328,
    "lo RX": 0.0,
    "lo TX": 0.0,
    "enp3s0 RX": 123120323.0,
    "enp3s0 TX": 108000.0,
    "wlp2s0 RX": 0.0,
    "wlp2s0 TX": 0.0,
    "System power": 7.0
}