{
    "CPU temp": 54.0,
    "CPU load (/proc/loadavg)(1m)": 2.05,
    "CPU load (/proc/loadavg)(5m)": 1.34,
    "CPU load (/proc/loadavg)(15m)": 0.59,
    "CPU load (/proc/stat)(1s)": 0.021108179419525065,
    "CPU power": 2.532525,
    "lo RX": 0.0,
    "lo TX": 0.0,
    "enp3s0 RX": 123125931.0,
    "enp3s0 TX": 107946.0,
    "wlp2s0 RX": 0.0,
    "wlp2s0 TX": 0.0,
    "System power": 7.0
}