{
    "CPU temp": 53.0,
    "CPU load (/proc/loadavg)(1m)": 1.89,
    "CPU load (/proc/loadavg)(5m)": 1.31,
    "CPU load (/proc/loadavg)(15m)": 0.58,
    "CPU load (/proc/stat)(1s)": 0.02005730659025788,
    "CPU power": 3.094169,
    "lo RX": 0.0,
    "lo TX": 0.0,
    "enp3s0 RX": 2256425.0,
    "enp3s0 TX": 123151788.0,
    "wlp2s0 RX": 0.0,
    "wlp2s0 TX": 0.0,
    "System power": 9.0
}