{
    "CPU temp": 53.0,
    "CPU load (/proc/loadavg)(1m)": 1.76,
    "CPU load (/proc/loadavg)(5m)": 1.31,
    "CPU load (/proc/loadavg)(15m)": 0.59,
    "CPU load (/proc/stat)(1s)": 0.48021108179419525,
    "CPU power": 5.990097,
    "lo RX": 0.0,
    "lo TX": 0.0,
    "enp3s0 RX": 45140189.0,
    "enp3s0 TX": 45672.0,
    "wlp2s0 RX": 0.0,
    "wlp2s0 TX": 0.0,
    "System power": 10.0
}