{
    "CPU temp": 54.0,
    "CPU load (/proc/loadavg)(1m)": 1.86,
    "CPU load (/proc/loadavg)(5m)": 1.33,
    "CPU load (/proc/loadavg)(15m)": 0.6,
    "CPU load (/proc/stat)(1s)": 0.21693121693121692,
    "CPU power": 4.049733,
    "lo RX": 0.0,
    "lo TX": 0.0,
    "enp3s0 RX": 123128959.0,
    "enp3s0 TX": 108270.0,
    "wlp2s0 RX": 0.0,
    "wlp2s0 TX": 0.0,
    "System power": 7.0
}