{
    "CPU temp": 54.0,
    "CPU load (/proc/loadavg)(1m)": 1.71,
    "CPU load (/proc/loadavg)(5m)": 1.31,
    "CPU load (/proc/loadavg)(15m)": 0.6,
    "CPU load (/proc/stat)(1s)": 0.26861702127659576,
    "CPU power": 4.348378,
    "lo RX": 0.0,
    "lo TX": 0.0,
    "enp3s0 RX": 111165617.0,
    "enp3s0 TX": 11307742.0,
    "wlp2s0 RX": 0.0,
    "wlp2s0 TX": 0.0,
    "System power": 7.0
}