{
    "CPU temp": 55.0,
    "CPU load (/proc/loadavg)(1m)": 1.71,
    "CPU load (/proc/loadavg)(5m)": 1.31,
    "CPU load (/proc/loadavg)(15m)": 0.6,
    "CPU load (/proc/stat)(1s)": 0.2471590909090909,
    "CPU power": 4.468739,
    "lo RX": 0.0,
    "lo TX": 0.0,
    "enp3s0 RX": 2226965.0,
    "enp3s0 TX": 123262310.0,
    "wlp2s0 RX": 0.0,
    "wlp2s0 TX": 0.0,
    "System power": 8.0
}