{
    "CPU temp": 55.0,
    "CPU load (/proc/loadavg)(1m)": 1.81,
    "CPU load (/proc/loadavg)(5m)": 1.34,
    "CPU load (/proc/loadavg)(15m)": 0.61,
    "CPU load (/proc/stat)(1s)": 0.2543352601156069,
    "CPU power": 4.855945,
    "lo RX": 0.0,
    "lo TX": 0.0,
    "enp3s0 RX": 2227925.0,
    "enp3s0 TX": 123344066.0,
    "wlp2s0 RX": 0.0,
    "wlp2s0 TX": 0.0,
    "System power": 9.0
}