{
    "CPU temp": 55.0,
    "CPU load (/proc/loadavg)(1m)": 1.75,
    "CPU load (/proc/loadavg)(5m)": 1.33,
    "CPU load (/proc/loadavg)(15m)": 0.61,
    "CPU load (/proc/stat)(1s)": 0.41379310344827586,
    "CPU power": 5.337327,
    "lo RX": 0.0,
    "lo TX": 0.0,
    "enp3s0 RX": 111215193.0,
    "enp3s0 TX": 105558.0,
    "wlp2s0 RX": 0.0,
    "wlp2s0 TX": 0.0,
    "System power": 9.0
}