{
    "CPU temp": 56.0,
    "CPU load (/proc/loadavg)(1m)": 1.85,
    "CPU load (/proc/loadavg)(5m)": 1.36,
    "CPU load (/proc/loadavg)(15m)": 0.63,
    "CPU load (/proc/stat)(1s)": 0.42592592592592593,
    "CPU power": 5.59453,
    "lo RX": 0.0,
    "lo TX": 0.0,
    "enp3s0 RX": 123129051.0,
    "enp3s0 TX": 108540.0,
    "wlp2s0 RX": 0.0,
    "wlp2s0 TX": 0.0,
    "System power": 11.0
}