{
    "CPU temp": 56.0,
    "CPU load (/proc/loadavg)(1m)": 1.85,
    "CPU load (/proc/loadavg)(5m)": 1.36,
    "CPU load (/proc/loadavg)(15m)": 0.63,
    "CPU load (/proc/stat)(1s)": 0.43271767810026385,
    "CPU power": 5.594896,
    "lo RX": 0.0,
    "lo TX": 0.0,
    "enp3s0 RX": 123157785.0,
    "enp3s0 TX": 108432.0,
    "wlp2s0 RX": 0.0,
    "wlp2s0 TX": 0.0,
    "System power": 9.0
}