{
    "CPU temp": 57.0,
    "CPU load (/proc/loadavg)(1m)": 1.86,
    "CPU load (/proc/loadavg)(5m)": 1.37,
    "CPU load (/proc/loadavg)(15m)": 0.63,
    "CPU load (/proc/stat)(1s)": 0.37971014492753624,
    "CPU power": 5.541978,
    "lo RX": 0.0,
    "lo TX": 0.0,
    "enp3s0 RX": 2205097.0,
    "enp3s0 TX": 122727868.0,
    "wlp2s0 RX": 0.0,
    "wlp2s0 TX": 0.0,
    "System power": 11.0
}