{
    "CPU temp": 57.0,
    "CPU load (/proc/loadavg)(1m)": 1.87,
    "CPU load (/proc/loadavg)(5m)": 1.38,
    "CPU load (/proc/loadavg)(15m)": 0.64,
    "CPU load (/proc/stat)(1s)": 0.4110787172011662,
    "CPU power": 5.803147,
    "lo RX": 0.0,
    "lo TX": 0.0,
    "enp3s0 RX": 2238905.0,
    "enp3s0 TX": 123135134.0,
    "wlp2s0 RX": 0.0,
    "wlp2s0 TX": 0.0,
    "System power": 10.0
}