{
    "CPU temp": 57.0,
    "CPU load (/proc/loadavg)(1m)": 1.8,
    "CPU load (/proc/loadavg)(5m)": 1.38,
    "CPU load (/proc/loadavg)(15m)": 0.64,
    "CPU load (/proc/stat)(1s)": 0.4409221902017291,
    "CPU power": 5.935837,
    "lo RX": 0.0,
    "lo TX": 0.0,
    "enp3s0 RX": 2242865.0,
    "enp3s0 TX": 123159358.0,
    "wlp2s0 RX": 0.0,
    "wlp2s0 TX": 0.0,
    "System power": 6.0
}