{
    "CPU temp": 58.0,
    "CPU load (/proc/loadavg)(1m)": 1.98,
    "CPU load (/proc/loadavg)(5m)": 1.42,
    "CPU load (/proc/loadavg)(15m)": 0.66,
    "CPU load (/proc/stat)(1s)": 0.6335078534031413,
    "CPU power": 6.741987,
    "lo RX": 0.0,
    "lo TX": 0.0,
    "enp3s0 RX": 123133501.0,
    "enp3s0 TX": 107514.0,
    "wlp2s0 RX": 0.0,
    "wlp2s0 TX": 0.0,
    "System power": 12.0
}