{
    "CPU temp": 59.0,
    "CPU load (/proc/loadavg)(1m)": 2.38,
    "CPU load (/proc/loadavg)(5m)": 1.51,
    "CPU load (/proc/loadavg)(15m)": 0.7,
    "CPU load (/proc/stat)(1s)": 0.623342175066313,
    "CPU power": 6.797773,
    "lo RX": 0.0,
    "lo TX": 0.0,
    "enp3s0 RX": 123142705.0,
    "enp3s0 TX": 106488.0,
    "wlp2s0 RX": 0.0,
    "wlp2s0 TX": 0.0,
    "System power": 12.0
}