{
    "CPU temp": 59.0,
    "CPU load (/proc/loadavg)(1m)": 2.38,
    "CPU load (/proc/loadavg)(5m)": 1.51,
    "CPU load (/proc/loadavg)(15m)": 0.7,
    "CPU load (/proc/stat)(1s)": 0.6345029239766082,
    "CPU power": 7.116193,
    "lo RX": 0.0,
    "lo TX": 0.0,
    "enp3s0 RX": 2229905.0,
    "enp3s0 TX": 122738466.0,
    "wlp2s0 RX": 0.0,
    "wlp2s0 TX": 0.0,
    "System power": 12.0
}