{
    "CPU temp": 59.0,
    "CPU load (/proc/loadavg)(1m)": 2.27,
    "CPU load (/proc/loadavg)(5m)": 1.5,
    "CPU load (/proc/loadavg)(15m)": 0.7,
    "CPU load (/proc/stat)(1s)": 0.6264367816091954,
    "CPU power": 7.07414,
    "lo RX": 0.0,
    "lo TX": 0.0,
    "enp3s0 RX": 2228105.0,
    "enp3s0 TX": 122316060.0,
    "wlp2s0 RX": 0.0,
    "wlp2s0 TX": 0.0,
    "System power": 12.0
}