{
    "CPU temp": 60.0,
    "CPU load (/proc/loadavg)(1m)": 2.33,
    "CPU load (/proc/loadavg)(5m)": 1.53,
    "CPU load (/proc/loadavg)(15m)": 0.71,
    "CPU load (/proc/stat)(1s)": 0.6695906432748538,
    "CPU power": 7.344219,
    "lo RX": 0.0,
    "lo TX": 0.0,
    "enp3s0 RX": 2177045.0,
    "enp3s0 TX": 122414470.0,
    "wlp2s0 RX": 0.0,
    "wlp2s0 TX": 0.0,
    "System power": 11.0
}