{
    "CPU temp": 59.0,
    "CPU load (/proc/loadavg)(1m)": 2.33,
    "CPU load (/proc/loadavg)(5m)": 1.53,
    "CPU load (/proc/loadavg)(15m)": 0.71,
    "CPU load (/proc/stat)(1s)": 0.8311345646437994,
    "CPU power": 8.05546,
    "lo RX": 0.0,
    "lo TX": 0.0,
    "enp3s0 RX": 123125931.0,
    "enp3s0 TX": 106542.0,
    "wlp2s0 RX": 0.0,
    "wlp2s0 TX": 0.0,
    "System power": 8.0
}