{
    "CPU temp": 61.0,
    "CPU load (/proc/loadavg)(1m)": 2.38,
    "CPU load (/proc/loadavg)(5m)": 1.55,
    "CPU load (/proc/loadavg)(15m)": 0.72,
    "CPU load (/proc/stat)(1s)": 0.8258575197889182,
    "CPU power": 8.07609,
    "lo RX": 0.0,
    "lo TX": 0.0,
    "enp3s0 RX": 123130473.0,
    "enp3s0 TX": 106272.0,
    "wlp2s0 RX": 0.0,
    "wlp2s0 TX": 0.0,
    "System power": 13.0
}