{
    "CPU temp": 62.0,
    "CPU load (/proc/loadavg)(1m)": 2.51,
    "CPU load (/proc/loadavg)(5m)": 1.59,
    "CPU load (/proc/loadavg)(15m)": 0.74,
    "CPU load (/proc/stat)(1s)": 0.8236842105263158,
    "CPU power": 8.059183,
    "lo RX": 0.0,
    "lo TX": 0.0,
    "enp3s0 RX": 123212349.0,
    "enp3s0 TX": 107892.0,
    "wlp2s0 RX": 0.0,
    "wlp2s0 TX": 0.0,
    "System power": 12.0
}