{
    "CPU temp": 61.0,
    "CPU load (/proc/loadavg)(1m)": 2.51,
    "CPU load (/proc/loadavg)(5m)": 1.59,
    "CPU load (/proc/loadavg)(15m)": 0.74,
    "CPU load (/proc/stat)(1s)": 0.49206349206349204,
    "CPU power": 5.760545,
    "lo RX": 0.0,
    "lo TX": 0.0,
    "enp3s0 RX": 119123793.0,
    "enp3s0 TX": 898168.0,
    "wlp2s0 RX": 0.0,
    "wlp2s0 TX": 0.0,
    "System power": 7.0
}