{
    "CPU temp": 58.0,
    "CPU load (/proc/loadavg)(1m)": 2.31,
    "CPU load (/proc/loadavg)(5m)": 1.57,
    "CPU load (/proc/loadavg)(15m)": 0.74,
    "CPU load (/proc/stat)(1s)": 0.021052631578947368,
    "CPU power": 2.508539,
    "lo RX": 0.0,
    "lo TX": 0.0,
    "enp3s0 RX": 123118809.0,
    "enp3s0 TX": 108162.0,
    "wlp2s0 RX": 0.0,
    "wlp2s0 TX": 0.0,
    "System power": 7.0
}