{
    "CPU temp": 55.0,
    "CPU load (/proc/loadavg)(1m)": 0.46,
    "CPU load (/proc/loadavg)(5m)": 0.14,
    "CPU load (/proc/loadavg)(15m)": 0.04,
    "CPU load (/proc/stat)(1s)": 0.5103626943005182,
    "CPU power": 5.788193,
    "lo RX": 0.0,
    "lo TX": 0.0,
    "enp3s0 RX": 84186435.0,
    "enp3s0 TX": 75526.0,
    "wlp2s0 RX": 0.0,
    "wlp2s0 TX": 0.0,
    "System power": 10.0
}