{
    "CPU temp": 56.0,
    "CPU load (/proc/loadavg)(1m)": 2.31,
    "CPU load (/proc/loadavg)(5m)": 1.57,
    "CPU load (/proc/loadavg)(15m)": 0.74,
    "CPU load (/proc/stat)(1s)": 0.02368421052631579,
    "CPU power": 2.515375,
    "lo RX": 0.0,
    "lo TX": 0.0,
    "enp3s0 RX": 123133501.0,
    "enp3s0 TX": 108216.0,
    "wlp2s0 RX": 0.0,
    "wlp2s0 TX": 0.0,
    "System power": 7.0
}