{
    "CPU temp": 53.0,
    "CPU load (/proc/loadavg)(1m)": 2.13,
    "CPU load (/proc/loadavg)(5m)": 1.54,
    "CPU load (/proc/loadavg)(15m)": 0.73,
    "CPU load (/proc/stat)(1s)": 0.017191977077363897,
    "CPU power": 3.083854,
    "lo RX": 0.0,
    "lo TX": 0.0,
    "enp3s0 RX": 2172845.0,
    "enp3s0 TX": 123139676.0,
    "wlp2s0 RX": 0.0,
    "wlp2s0 TX": 0.0,
    "System power": 7.0
}