{
    "CPU temp": 53.0,
    "CPU load (/proc/loadavg)(1m)": 1.95,
    "CPU load (/proc/loadavg)(5m)": 1.52,
    "CPU load (/proc/loadavg)(15m)": 0.73,
    "CPU load (/proc/stat)(1s)": 0.025495750708215296,
    "CPU power": 3.091911,
    "lo RX": 0.0,
    "lo TX": 0.0,
    "enp3s0 RX": 2189945.0,
    "enp3s0 TX": 123144218.0,
    "wlp2s0 RX": 0.0,
    "wlp2s0 TX": 0.0,
    "System power": 7.0
}