{
    "CPU temp": 53.0,
    "CPU load (/proc/loadavg)(1m)": 1.73,
    "CPU load (/proc/loadavg)(5m)": 1.48,
    "CPU load (/proc/loadavg)(15m)": 0.73,
    "CPU load (/proc/stat)(1s)": 0.2047872340425532,
    "CPU power": 3.773244,
    "lo RX": 0.0,
    "lo TX": 0.0,
    "enp3s0 RX": 123174379.0,
    "enp3s0 TX": 108162.0,
    "wlp2s0 RX": 0.0,
    "wlp2s0 TX": 0.0,
    "System power": 9.0
}