{
    "CPU temp": 53.0,
    "CPU load (/proc/loadavg)(1m)": 1.73,
    "CPU load (/proc/loadavg)(5m)": 1.48,
    "CPU load (/proc/loadavg)(15m)": 0.73,
    "CPU load (/proc/stat)(1s)": 0.2532981530343008,
    "CPU power": 4.20464,
    "lo RX": 0.0,
    "lo TX": 0.0,
    "enp3s0 RX": 123177467.0,
    "enp3s0 TX": 108378.0,
    "wlp2s0 RX": 0.0,
    "wlp2s0 TX": 0.0,
    "System power": 12.0
}