{
    "CPU temp": 53.0,
    "CPU load (/proc/loadavg)(1m)": 1.6,
    "CPU load (/proc/loadavg)(5m)": 1.46,
    "CPU load (/proc/loadavg)(15m)": 0.72,
    "CPU load (/proc/stat)(1s)": 0.25526315789473686,
    "CPU power": 4.309926,
    "lo RX": 0.0,
    "lo TX": 0.0,
    "enp3s0 RX": 123153275.0,
    "enp3s0 TX": 108756.0,
    "wlp2s0 RX": 0.0,
    "wlp2s0 TX": 0.0,
    "System power": 7.0
}