{
    "CPU temp": 56.0,
    "CPU load (/proc/loadavg)(1m)": 0.46,
    "CPU load (/proc/loadavg)(5m)": 0.14,
    "CPU load (/proc/loadavg)(15m)": 0.04,
    "CPU load (/proc/stat)(1s)": 0.6377952755905512,
    "CPU power": 6.719221,
    "lo RX": 0.0,
    "lo TX": 0.0,
    "enp3s0 RX": 119069227.0,
    "enp3s0 TX": 103356.0,
    "wlp2s0 RX": 0.0,
    "wlp2s0 TX": 0.0,
    "System power": 1212.0
}