{
    "CPU temp": 54.0,
    "CPU load (/proc/loadavg)(1m)": 1.6,
    "CPU load (/proc/loadavg)(5m)": 1.46,
    "CPU load (/proc/loadavg)(15m)": 0.72,
    "CPU load (/proc/stat)(1s)": 0.21082621082621084,
    "CPU power": 4.395923,
    "lo RX": 0.0,
    "lo TX": 0.0,
    "enp3s0 RX": 2233325.0,
    "enp3s0 TX": 123322870.0,
    "wlp2s0 RX": 0.0,
    "wlp2s0 TX": 0.0,
    "System power": 9.0
}