{
    "CPU temp": 54.0,
    "CPU load (/proc/loadavg)(1m)": 1.47,
    "CPU load (/proc/loadavg)(5m)": 1.43,
    "CPU load (/proc/loadavg)(15m)": 0.72,
    "CPU load (/proc/stat)(1s)": 0.20579710144927535,
    "CPU power": 4.452259,
    "lo RX": 0.0,
    "lo TX": 0.0,
    "enp3s0 RX": 2231705.0,
    "enp3s0 TX": 123291076.0,
    "wlp2s0 RX": 0.0,
    "wlp2s0 TX": 0.0,
    "System power": 8.0
}