{
    "CPU temp": 54.0,
    "CPU load (/proc/loadavg)(1m)": 1.51,
    "CPU load (/proc/loadavg)(5m)": 1.44,
    "CPU load (/proc/loadavg)(15m)": 0.72,
    "CPU load (/proc/stat)(1s)": 0.25862068965517243,
    "CPU power": 4.676685,
    "lo RX": 0.0,
    "lo TX": 0.0,
    "enp3s0 RX": 2220725.0,
    "enp3s0 TX": 123166928.0,
    "wlp2s0 RX": 0.0,
    "wlp2s0 TX": 0.0,
    "System power": 8.0
}