{
    "CPU temp": 56.0,
    "CPU load (/proc/loadavg)(1m)": 1.63,
    "CPU load (/proc/loadavg)(5m)": 1.47,
    "CPU load (/proc/loadavg)(15m)": 0.74,
    "CPU load (/proc/stat)(1s)": 0.42063492063492064,
    "CPU power": 5.471605,
    "lo RX": 0.0,
    "lo TX": 0.0,
    "enp3s0 RX": 123133501.0,
    "enp3s0 TX": 107028.0,
    "wlp2s0 RX": 0.0,
    "wlp2s0 TX": 0.0,
    "System power": 12.0
}