{
    "CPU temp": 57.0,
    "CPU load (/proc/loadavg)(1m)": 1.58,
    "CPU load (/proc/loadavg)(5m)": 1.46,
    "CPU load (/proc/loadavg)(15m)": 0.74,
    "CPU load (/proc/stat)(1s)": 0.41076487252124644,
    "CPU power": 5.561021,
    "lo RX": 0.0,
    "lo TX": 0.0,
    "enp3s0 RX": 29898705.0,
    "enp3s0 TX": 93948310.0,
    "wlp2s0 RX": 0.0,
    "wlp2s0 TX": 0.0,
    "System power": 9.0
}