{
    "CPU temp": 57.0,
    "CPU load (/proc/loadavg)(1m)": 1.53,
    "CPU load (/proc/loadavg)(5m)": 1.45,
    "CPU load (/proc/loadavg)(15m)": 0.74,
    "CPU load (/proc/stat)(1s)": 0.4753623188405797,
    "CPU power": 6.212021,
    "lo RX": 0.0,
    "lo TX": 0.0,
    "enp3s0 RX": 2235905.0,
    "enp3s0 TX": 123307730.0,
    "wlp2s0 RX": 0.0,
    "wlp2s0 TX": 0.0,
    "System power": 12.0
}