{
    "CPU temp": 57.0,
    "CPU load (/proc/loadavg)(1m)": 1.49,
    "CPU load (/proc/loadavg)(5m)": 1.44,
    "CPU load (/proc/loadavg)(15m)": 0.74,
    "CPU load (/proc/stat)(1s)": 0.41210374639769454,
    "CPU power": 5.740647,
    "lo RX": 0.0,
    "lo TX": 0.0,
    "enp3s0 RX": 2244725.0,
    "enp3s0 TX": 123157844.0,
    "wlp2s0 RX": 0.0,
    "wlp2s0 TX": 0.0,
    "System power": 9.0
}