{
    "CPU temp": 57.0,
    "CPU load (/proc/loadavg)(1m)": 1.49,
    "CPU load (/proc/loadavg)(5m)": 1.44,
    "CPU load (/proc/loadavg)(15m)": 0.74,
    "CPU load (/proc/stat)(1s)": 0.42165242165242167,
    "CPU power": 5.663865,
    "lo RX": 0.0,
    "lo TX": 0.0,
    "enp3s0 RX": 2230325.0,
    "enp3s0 TX": 122358452.0,
    "wlp2s0 RX": 0.0,
    "wlp2s0 TX": 0.0,
    "System power": 9.0
}