{
    "CPU temp": 57.0,
    "CPU load (/proc/loadavg)(1m)": 1.53,
    "CPU load (/proc/loadavg)(5m)": 1.45,
    "CPU load (/proc/loadavg)(15m)": 0.75,
    "CPU load (/proc/stat)(1s)": 0.6306068601583114,
    "CPU power": 6.692732,
    "lo RX": 0.0,
    "lo TX": 0.0,
    "enp3s0 RX": 123159359.0,
    "enp3s0 TX": 107730.0,
    "wlp2s0 RX": 0.0,
    "wlp2s0 TX": 0.0,
    "System power": 11.0
}