{
    "CPU temp": 59.0,
    "CPU load (/proc/loadavg)(1m)": 1.81,
    "CPU load (/proc/loadavg)(5m)": 1.51,
    "CPU load (/proc/loadavg)(15m)": 0.77,
    "CPU load (/proc/stat)(1s)": 0.6253298153034301,
    "CPU power": 6.797223,
    "lo RX": 0.0,
    "lo TX": 0.0,
    "enp3s0 RX": 123180495.0,
    "enp3s0 TX": 107136.0,
    "wlp2s0 RX": 0.0,
    "wlp2s0 TX": 0.0,
    "System power": 12.0
}