{
    "CPU temp": 59.0,
    "CPU load (/proc/loadavg)(1m)": 1.82,
    "CPU load (/proc/loadavg)(5m)": 1.52,
    "CPU load (/proc/loadavg)(15m)": 0.78,
    "CPU load (/proc/stat)(1s)": 0.6487935656836461,
    "CPU power": 7.057722,
    "lo RX": 0.0,
    "lo TX": 0.0,
    "enp3s0 RX": 97669805.0,
    "enp3s0 TX": 25246208.0,
    "wlp2s0 RX": 0.0,
    "wlp2s0 TX": 0.0,
    "System power": 11.0
}