{
    "CPU temp": 60.0,
    "CPU load (/proc/loadavg)(1m)": 1.82,
    "CPU load (/proc/loadavg)(5m)": 1.52,
    "CPU load (/proc/loadavg)(15m)": 0.78,
    "CPU load (/proc/stat)(1s)": 0.6308139534883721,
    "CPU power": 7.10008,
    "lo RX": 0.0,
    "lo TX": 0.0,
    "enp3s0 RX": 2218145.0,
    "enp3s0 TX": 123154816.0,
    "wlp2s0 RX": 0.0,
    "wlp2s0 TX": 0.0,
    "System power": 12.0
}