{
    "CPU temp": 60.0,
    "CPU load (/proc/loadavg)(1m)": 1.92,
    "CPU load (/proc/loadavg)(5m)": 1.55,
    "CPU load (/proc/loadavg)(15m)": 0.79,
    "CPU load (/proc/stat)(1s)": 0.6268221574344023,
    "CPU power": 7.061078,
    "lo RX": 0.0,
    "lo TX": 0.0,
    "enp3s0 RX": 2198645.0,
    "enp3s0 TX": 122111670.0,
    "wlp2s0 RX": 0.0,
    "wlp2s0 TX": 0.0,
    "System power": 11.0
}