{
    "CPU temp": 60.0,
    "CPU load (/proc/loadavg)(1m)": 1.93,
    "CPU load (/proc/loadavg)(5m)": 1.55,
    "CPU load (/proc/loadavg)(15m)": 0.8,
    "CPU load (/proc/stat)(1s)": 0.46814404432132967,
    "CPU power": 5.80156,
    "lo RX": 0.0,
    "lo TX": 0.0,
    "enp3s0 RX": 10273609.0,
    "enp3s0 TX": 67035155.0,
    "wlp2s0 RX": 0.0,
    "wlp2s0 TX": 0.0,
    "System power": 13.0
}