{
    "CPU temp": 62.0,
    "CPU load (/proc/loadavg)(1m)": 2.17,
    "CPU load (/proc/loadavg)(5m)": 1.61,
    "CPU load (/proc/loadavg)(15m)": 0.82,
    "CPU load (/proc/stat)(1s)": 0.8272251308900523,
    "CPU power": 8.04368,
    "lo RX": 0.0,
    "lo TX": 0.0,
    "enp3s0 RX": 123141071.0,
    "enp3s0 TX": 107028.0,
    "wlp2s0 RX": 0.0,
    "wlp2s0 TX": 0.0,
    "System power": 13.0
}