{
    "CPU temp": 63.0,
    "CPU load (/proc/loadavg)(1m)": 2.16,
    "CPU load (/proc/loadavg)(5m)": 1.62,
    "CPU load (/proc/loadavg)(15m)": 0.83,
    "CPU load (/proc/stat)(1s)": 0.8252148997134671,
    "CPU power": 8.174417,
    "lo RX": 0.0,
    "lo TX": 0.0,
    "enp3s0 RX": 2177345.0,
    "enp3s0 TX": 123132106.0,
    "wlp2s0 RX": 0.0,
    "wlp2s0 TX": 0.0,
    "System power": 12.0
}