{
    "CPU temp": 63.0,
    "CPU load (/proc/loadavg)(1m)": 2.23,
    "CPU load (/proc/loadavg)(5m)": 1.64,
    "CPU load (/proc/loadavg)(15m)": 0.84,
    "CPU load (/proc/stat)(1s)": 0.8179190751445087,
    "CPU power": 8.204874,
    "lo RX": 0.0,
    "lo TX": 0.0,
    "enp3s0 RX": 2217365.0,
    "enp3s0 TX": 123038292.0,
    "wlp2s0 RX": 0.0,
    "wlp2s0 TX": 0.0,
    "System power": 13.0
}