{
    "CPU temp": 60.0,
    "CPU load (/proc/loadavg)(1m)": 2.45,
    "CPU load (/proc/loadavg)(5m)": 1.7,
    "CPU load (/proc/loadavg)(15m)": 0.86,
    "CPU load (/proc/stat)(1s)": 0.026385224274406333,
    "CPU power": 2.632562,
    "lo RX": 0.0,
    "lo TX": 0.0,
    "enp3s0 RX": 123136857.0,
    "enp3s0 TX": 108108.0,
    "wlp2s0 RX": 0.0,
    "wlp2s0 TX": 0.0,
    "System power": 7.0
}