{
    "CPU temp": 58.0,
    "CPU load (/proc/loadavg)(1m)": 0.59,
    "CPU load (/proc/loadavg)(5m)": 0.17,
    "CPU load (/proc/loadavg)(15m)": 0.05,
    "CPU load (/proc/stat)(1s)": 0.6299212598425197,
    "CPU power": 6.814985,
    "lo RX": 0.0,
    "lo TX": 0.0,
    "enp3s0 RX": 120386095.0,
    "enp3s0 TX": 104382.0,
    "wlp2s0 RX": 0.0,
    "wlp2s0 TX": 0.0,
    "System power": 12.0
}