{
    "CPU temp": 56.0,
    "CPU load (/proc/loadavg)(1m)": 2.25,
    "CPU load (/proc/loadavg)(5m)": 1.67,
    "CPU load (/proc/loadavg)(15m)": 0.86,
    "CPU load (/proc/stat)(1s)": 0.023809523809523808,
    "CPU power": 2.615045,
    "lo RX": 0.0,
    "lo TX": 0.0,
    "enp3s0 RX": 123144159.0,
    "enp3s0 TX": 108378.0,
    "wlp2s0 RX": 0.0,
    "wlp2s0 TX": 0.0,
    "System power": 7.0
}