{
    "CPU temp": 54.0,
    "CPU load (/proc/loadavg)(1m)": 2.07,
    "CPU load (/proc/loadavg)(5m)": 1.64,
    "CPU load (/proc/loadavg)(15m)": 0.85,
    "CPU load (/proc/stat)(1s)": 0.01440922190201729,
    "CPU power": 3.115044,
    "lo RX": 0.0,
    "lo TX": 0.0,
    "enp3s0 RX": 2200057.0,
    "enp3s0 TX": 123145732.0,
    "wlp2s0 RX": 0.0,
    "wlp2s0 TX": 0.0,
    "System power": 8.0
}