{
    "CPU temp": 53.0,
    "CPU load (/proc/loadavg)(1m)": 1.75,
    "CPU load (/proc/loadavg)(5m)": 1.59,
    "CPU load (/proc/loadavg)(15m)": 0.84,
    "CPU load (/proc/stat)(1s)": 0.24932975871313673,
    "CPU power": 4.192128,
    "lo RX": 0.0,
    "lo TX": 0.0,
    "enp3s0 RX": 106858211.0,
    "enp3s0 TX": 115922.0,
    "wlp2s0 RX": 0.0,
    "wlp2s0 TX": 0.0,
    "System power": 7.0
}