{
    "CPU temp": 54.0,
    "CPU load (/proc/loadavg)(1m)": 1.61,
    "CPU load (/proc/loadavg)(5m)": 1.56,
    "CPU load (/proc/loadavg)(15m)": 0.84,
    "CPU load (/proc/stat)(1s)": 0.1968503937007874,
    "CPU power": 3.712637,
    "lo RX": 0.0,
    "lo TX": 0.0,
    "enp3s0 RX": 123195307.0,
    "enp3s0 TX": 108432.0,
    "wlp2s0 RX": 0.0,
    "wlp2s0 TX": 0.0,
    "System power": 12.0
}