{
    "CPU temp": 59.0,
    "CPU load (/proc/loadavg)(1m)": 0.54,
    "CPU load (/proc/loadavg)(5m)": 0.16,
    "CPU load (/proc/loadavg)(15m)": 0.05,
    "CPU load (/proc/stat)(1s)": 0.8241469816272966,
    "CPU power": 7.995341,
    "lo RX": 0.0,
    "lo TX": 0.0,
    "enp3s0 RX": 119505729.0,
    "enp3s0 TX": 103842.0,
    "wlp2s0 RX": 0.0,
    "wlp2s0 TX": 0.0,
    "System power": 9.0
}