{
    "CPU temp": 54.0,
    "CPU load (/proc/loadavg)(1m)": 1.56,
    "CPU load (/proc/loadavg)(5m)": 1.55,
    "CPU load (/proc/loadavg)(15m)": 0.84,
    "CPU load (/proc/stat)(1s)": 0.2138728323699422,
    "CPU power": 4.487598,
    "lo RX": 0.0,
    "lo TX": 0.0,
    "enp3s0 RX": 2234225.0,
    "enp3s0 TX": 123277450.0,
    "wlp2s0 RX": 0.0,
    "wlp2s0 TX": 0.0,
    "System power": 11.0
}