{
    "CPU temp": 54.0,
    "CPU load (/proc/loadavg)(1m)": 1.68,
    "CPU load (/proc/loadavg)(5m)": 1.58,
    "CPU load (/proc/loadavg)(15m)": 0.85,
    "CPU load (/proc/stat)(1s)": 0.21159420289855072,
    "CPU power": 4.480885,
    "lo RX": 0.0,
    "lo TX": 0.0,
    "enp3s0 RX": 2233625.0,
    "enp3s0 TX": 123224460.0,
    "wlp2s0 RX": 0.0,
    "wlp2s0 TX": 0.0,
    "System power": 11.0
}