{
    "CPU temp": 54.0,
    "CPU load (/proc/loadavg)(1m)": 1.62,
    "CPU load (/proc/loadavg)(5m)": 1.57,
    "CPU load (/proc/loadavg)(15m)": 0.85,
    "CPU load (/proc/stat)(1s)": 0.1994219653179191,
    "CPU power": 4.327442,
    "lo RX": 0.0,
    "lo TX": 0.0,
    "enp3s0 RX": 2228105.0,
    "enp3s0 TX": 122711214.0,
    "wlp2s0 RX": 0.0,
    "wlp2s0 TX": 0.0,
    "System power": 9.0
}