{
    "CPU temp": 60.0,
    "CPU load (/proc/loadavg)(1m)": 0.54,
    "CPU load (/proc/loadavg)(5m)": 0.16,
    "CPU load (/proc/loadavg)(15m)": 0.05,
    "CPU load (/proc/stat)(1s)": 0.8258575197889182,
    "CPU power": 8.055216,
    "lo RX": 0.0,
    "lo TX": 0.0,
    "enp3s0 RX": 116995693.0,
    "enp3s0 TX": 100872.0,
    "wlp2s0 RX": 0.0,
    "wlp2s0 TX": 0.0,
    "System power": 12.0
}