{
    "CPU temp": 62.0,
    "CPU load (/proc/loadavg)(1m)": 0.82,
    "CPU load (/proc/loadavg)(5m)": 0.23,
    "CPU load (/proc/loadavg)(15m)": 0.07,
    "CPU load (/proc/stat)(1s)": 0.8337662337662337,
    "CPU power": 8.076456,
    "lo RX": 0.0,
    "lo TX": 0.0,
    "enp3s0 RX": 119856053.0,
    "enp3s0 TX": 104166.0,
    "wlp2s0 RX": 0.0,
    "wlp2s0 TX": 0.0,
    "System power": 12.0
}