{
    "CPU temp": 62.0,
    "CPU load (/proc/loadavg)(1m)": 0.91,
    "CPU load (/proc/loadavg)(5m)": 0.26,
    "CPU load (/proc/loadavg)(15m)": 0.08,
    "CPU load (/proc/stat)(1s)": 0.6094986807387863,
    "CPU power": 6.588973,
    "lo RX": 0.0,
    "lo TX": 0.0,
    "enp3s0 RX": 114641107.0,
    "enp3s0 TX": 104988.0,
    "wlp2s0 RX": 0.0,
    "wlp2s0 TX": 0.0,
    "System power": 12.0
}