{
    "CPU temp": 58.0,
    "CPU load (/proc/loadavg)(1m)": 0.91,
    "CPU load (/proc/loadavg)(5m)": 0.26,
    "CPU load (/proc/loadavg)(15m)": 0.08,
    "CPU load (/proc/stat)(1s)": 0.018518518518518517,
    "CPU power": 2.545953,
    "lo RX": 0.0,
    "lo TX": 0.0,
    "enp3s0 RX": 123168383.0,
    "enp3s0 TX": 108378.0,
    "wlp2s0 RX": 0.0,
    "wlp2s0 TX": 0.0,
    "System power": 12.0
}