{
    "CPU temp": 56.0,
    "CPU load (/proc/loadavg)(1m)": 0.84,
    "CPU load (/proc/loadavg)(5m)": 0.25,
    "CPU load (/proc/loadavg)(15m)": 0.08,
    "CPU load (/proc/stat)(1s)": 0.015957446808510637,
    "CPU power": 2.544061,
    "lo RX": 0.0,
    "lo TX": 0.0,
    "enp3s0 RX": 123145613.0,
    "enp3s0 TX": 108270.0,
    "wlp2s0 RX": 0.0,
    "wlp2s0 TX": 0.0,
    "System power": 7.0
}