{
    "CPU temp": 53.0,
    "CPU load (/proc/loadavg)(1m)": 0.77,
    "CPU load (/proc/loadavg)(5m)": 0.25,
    "CPU load (/proc/loadavg)(15m)": 0.08,
    "CPU load (/proc/stat)(1s)": 0.19525065963060687,
    "CPU power": 3.689444,
    "lo RX": 0.0,
    "lo TX": 0.0,
    "enp3s0 RX": 123131987.0,
    "enp3s0 TX": 108486.0,
    "wlp2s0 RX": 0.0,
    "wlp2s0 TX": 0.0,
    "System power": 7.0
}