{
    "CPU temp": 54.0,
    "CPU load (/proc/loadavg)(1m)": 0.71,
    "CPU load (/proc/loadavg)(5m)": 0.25,
    "CPU load (/proc/loadavg)(15m)": 0.08,
    "CPU load (/proc/stat)(1s)": 0.1931216931216931,
    "CPU power": 3.718741,
    "lo RX": 0.0,
    "lo TX": 0.0,
    "enp3s0 RX": 123210447.0,
    "enp3s0 TX": 108216.0,
    "wlp2s0 RX": 0.0,
    "wlp2s0 TX": 0.0,
    "System power": 12.0
}