{
    "CPU temp": 54.0,
    "CPU load (/proc/loadavg)(1m)": 0.89,
    "CPU load (/proc/loadavg)(5m)": 0.29,
    "CPU load (/proc/loadavg)(15m)": 0.09,
    "CPU load (/proc/stat)(1s)": 0.3020304568527919,
    "CPU power": 4.348194,
    "lo RX": 0.0,
    "lo TX": 0.0,
    "enp3s0 RX": 24362215.0,
    "enp3s0 TX": 28230.0,
    "wlp2s0 RX": 0.0,
    "wlp2s0 TX": 0.0,
    "System power": 9.0
}