{
    "CPU temp": 57.0,
    "CPU load (/proc/loadavg)(1m)": 1.06,
    "CPU load (/proc/loadavg)(5m)": 0.35,
    "CPU load (/proc/loadavg)(15m)": 0.11,
    "CPU load (/proc/stat)(1s)": 0.4435695538057743,
    "CPU power": 5.646714,
    "lo RX": 0.0,
    "lo TX": 0.0,
    "enp3s0 RX": 123139557.0,
    "enp3s0 TX": 108540.0,
    "wlp2s0 RX": 0.0,
    "wlp2s0 TX": 0.0,
    "System power": 99.0
}