{
    "CPU temp": 58.0,
    "CPU load (/proc/loadavg)(1m)": 1.3,
    "CPU load (/proc/loadavg)(5m)": 0.41,
    "CPU load (/proc/loadavg)(15m)": 0.13,
    "CPU load (/proc/stat)(1s)": 0.6296296296296297,
    "CPU power": 6.810896,
    "lo RX": 0.0,
    "lo TX": 0.0,
    "enp3s0 RX": 123131987.0,
    "enp3s0 TX": 107298.0,
    "wlp2s0 RX": 0.0,
    "wlp2s0 TX": 0.0,
    "System power": 12.0
}