{
    "CPU temp": 59.0,
    "CPU load (/proc/loadavg)(1m)": 1.52,
    "CPU load (/proc/loadavg)(5m)": 0.47,
    "CPU load (/proc/loadavg)(15m)": 0.16,
    "CPU load (/proc/stat)(1s)": 0.6282722513089005,
    "CPU power": 6.831404,
    "lo RX": 0.0,
    "lo TX": 0.0,
    "enp3s0 RX": 123126059.0,
    "enp3s0 TX": 106704.0,
    "wlp2s0 RX": 0.0,
    "wlp2s0 TX": 0.0,
    "System power": 12.0
}