{
    "CPU temp": 59.0,
    "CPU load (/proc/loadavg)(1m)": 1.71,
    "CPU load (/proc/loadavg)(5m)": 0.53,
    "CPU load (/proc/loadavg)(15m)": 0.18,
    "CPU load (/proc/stat)(1s)": 0.6449086161879896,
    "CPU power": 6.66429,
    "lo RX": 0.0,
    "lo TX": 0.0,
    "enp3s0 RX": 89842215.0,
    "enp3s0 TX": 85474.0,
    "wlp2s0 RX": 0.0,
    "wlp2s0 TX": 0.0,
    "System power": 12.0
}