{
    "CPU temp": 60.0,
    "CPU load (/proc/loadavg)(1m)": 1.71,
    "CPU load (/proc/loadavg)(5m)": 0.53,
    "CPU load (/proc/loadavg)(15m)": 0.18,
    "CPU load (/proc/stat)(1s)": 0.8298429319371727,
    "CPU power": 8.045756,
    "lo RX": 0.0,
    "lo TX": 0.0,
    "enp3s0 RX": 123128959.0,
    "enp3s0 TX": 106866.0,
    "wlp2s0 RX": 0.0,
    "wlp2s0 TX": 0.0,
    "System power": 12.0
}