{
    "CPU temp": 61.0,
    "CPU load (/proc/loadavg)(1m)": 1.98,
    "CPU load (/proc/loadavg)(5m)": 0.6,
    "CPU load (/proc/loadavg)(15m)": 0.2,
    "CPU load (/proc/stat)(1s)": 0.8236842105263158,
    "CPU power": 8.02299,
    "lo RX": 0.0,
    "lo TX": 0.0,
    "enp3s0 RX": 123136529.0,
    "enp3s0 TX": 107028.0,
    "wlp2s0 RX": 0.0,
    "wlp2s0 TX": 0.0,
    "System power": 12.0
}