{
    "CPU temp": 62.0,
    "CPU load (/proc/loadavg)(1m)": 1.98,
    "CPU load (/proc/loadavg)(5m)": 0.6,
    "CPU load (/proc/loadavg)(15m)": 0.2,
    "CPU load (/proc/stat)(1s)": 0.8222811671087533,
    "CPU power": 8.060282,
    "lo RX": 0.0,
    "lo TX": 0.0,
    "enp3s0 RX": 117176809.0,
    "enp3s0 TX": 101628.0,
    "wlp2s0 RX": 0.0,
    "wlp2s0 TX": 0.0,
    "System power": 12.0
}