{
    "CPU temp": 60.0,
    "CPU load (/proc/loadavg)(1m)": 2.14,
    "CPU load (/proc/loadavg)(5m)": 0.66,
    "CPU load (/proc/loadavg)(15m)": 0.22,
    "CPU load (/proc/stat)(1s)": 0.029333333333333333,
    "CPU power": 2.78875,
    "lo RX": 0.0,
    "lo TX": 0.0,
    "enp3s0 RX": 123125931.0,
    "enp3s0 TX": 107136.0,
    "wlp2s0 RX": 0.0,
    "wlp2s0 TX": 0.0,
    "System power": 7.0
}