{
    "CPU temp": 57.0,
    "CPU load (/proc/loadavg)(1m)": 2.14,
    "CPU load (/proc/loadavg)(5m)": 0.66,
    "CPU load (/proc/loadavg)(15m)": 0.22,
    "CPU load (/proc/stat)(1s)": 0.031746031746031744,
    "CPU power": 2.706536,
    "lo RX": 0.0,
    "lo TX": 0.0,
    "enp3s0 RX": 123136529.0,
    "enp3s0 TX": 107676.0,
    "wlp2s0 RX": 0.0,
    "wlp2s0 TX": 0.0,
    "System power": 8.0
}