{
    "CPU temp": 58.0,
    "CPU load (/proc/loadavg)(1m)": 1.66,
    "CPU load (/proc/loadavg)(5m)": 1.59,
    "CPU load (/proc/loadavg)(15m)": 0.88,
    "CPU load (/proc/stat)(1s)": 0.6137566137566137,
    "CPU power": 6.633101,
    "lo RX": 0.0,
    "lo TX": 0.0,
    "enp3s0 RX": 123136529.0,
    "enp3s0 TX": 107298.0,
    "wlp2s0 RX": 0.0,
    "wlp2s0 TX": 0.0,
    "System power": 11.0
}