{
    "CPU temp": 55.0,
    "CPU load (/proc/loadavg)(1m)": 1.97,
    "CPU load (/proc/loadavg)(5m)": 0.65,
    "CPU load (/proc/loadavg)(15m)": 0.22,
    "CPU load (/proc/stat)(1s)": 0.029023746701846966,
    "CPU power": 2.637994,
    "lo RX": 0.0,
    "lo TX": 0.0,
    "enp3s0 RX": 123138043.0,
    "enp3s0 TX": 108054.0,
    "wlp2s0 RX": 0.0,
    "wlp2s0 TX": 0.0,
    "System power": 7.0
}