{
    "CPU temp": 54.0,
    "CPU load (/proc/loadavg)(1m)": 1.81,
    "CPU load (/proc/loadavg)(5m)": 0.64,
    "CPU load (/proc/loadavg)(15m)": 0.22,
    "CPU load (/proc/stat)(1s)": 0.21842105263157896,
    "CPU power": 3.832571,
    "lo RX": 0.0,
    "lo TX": 0.0,
    "enp3s0 RX": 123138043.0,
    "enp3s0 TX": 108540.0,
    "wlp2s0 RX": 0.0,
    "wlp2s0 TX": 0.0,
    "System power": 8.0
}