{
    "CPU temp": 54.0,
    "CPU load (/proc/loadavg)(1m)": 1.67,
    "CPU load (/proc/loadavg)(5m)": 0.63,
    "CPU load (/proc/loadavg)(15m)": 0.22,
    "CPU load (/proc/stat)(1s)": 0.20316622691292877,
    "CPU power": 3.721243,
    "lo RX": 0.0,
    "lo TX": 0.0,
    "enp3s0 RX": 123138103.0,
    "enp3s0 TX": 108540.0,
    "wlp2s0 RX": 0.0,
    "wlp2s0 TX": 0.0,
    "System power": 9.0
}