{
    "CPU temp": 54.0,
    "CPU load (/proc/loadavg)(1m)": 1.69,
    "CPU load (/proc/loadavg)(5m)": 0.65,
    "CPU load (/proc/loadavg)(15m)": 0.23,
    "CPU load (/proc/stat)(1s)": 0.2152230971128609,
    "CPU power": 3.809011,
    "lo RX": 0.0,
    "lo TX": 0.0,
    "enp3s0 RX": 123166809.0,
    "enp3s0 TX": 108162.0,
    "wlp2s0 RX": 0.0,
    "wlp2s0 TX": 0.0,
    "System power": 7.0
}