{
    "CPU temp": 56.0,
    "CPU load (/proc/loadavg)(1m)": 1.64,
    "CPU load (/proc/loadavg)(5m)": 0.66,
    "CPU load (/proc/loadavg)(15m)": 0.23,
    "CPU load (/proc/stat)(1s)": 0.4401041666666667,
    "CPU power": 5.475328,
    "lo RX": 0.0,
    "lo TX": 0.0,
    "enp3s0 RX": 123127445.0,
    "enp3s0 TX": 106866.0,
    "wlp2s0 RX": 0.0,
    "wlp2s0 TX": 0.0,
    "System power": 10.0
}