{
    "CPU temp": 56.0,
    "CPU load (/proc/loadavg)(1m)": 1.75,
    "CPU load (/proc/loadavg)(5m)": 0.69,
    "CPU load (/proc/loadavg)(15m)": 0.25,
    "CPU load (/proc/stat)(1s)": 0.3148614609571788,
    "CPU power": 4.172963,
    "lo RX": 0.0,
    "lo TX": 0.0,
    "enp3s0 RX": 16243483.0,
    "enp3s0 TX": 27526.0,
    "wlp2s0 RX": 0.0,
    "wlp2s0 TX": 0.0,
    "System power": 11.0
}