{
    "CPU temp": 58.0,
    "CPU load (/proc/loadavg)(1m)": 1.77,
    "CPU load (/proc/loadavg)(5m)": 0.72,
    "CPU load (/proc/loadavg)(15m)": 0.26,
    "CPU load (/proc/stat)(1s)": 0.6263157894736842,
    "CPU power": 6.80638,
    "lo RX": 0.0,
    "lo TX": 0.0,
    "enp3s0 RX": 123126023.0,
    "enp3s0 TX": 108000.0,
    "wlp2s0 RX": 0.0,
    "wlp2s0 TX": 0.0,
    "System power": 13.0
}