{
    "CPU temp": 59.0,
    "CPU load (/proc/loadavg)(1m)": 1.73,
    "CPU load (/proc/loadavg)(5m)": 0.74,
    "CPU load (/proc/loadavg)(15m)": 0.27,
    "CPU load (/proc/stat)(1s)": 0.8241469816272966,
    "CPU power": 8.050394,
    "lo RX": 0.0,
    "lo TX": 0.0,
    "enp3s0 RX": 123148701.0,
    "enp3s0 TX": 107622.0,
    "wlp2s0 RX": 0.0,
    "wlp2s0 TX": 0.0,
    "System power": 12.0
}