{
    "CPU temp": 61.0,
    "CPU load (/proc/loadavg)(1m)": 1.99,
    "CPU load (/proc/loadavg)(5m)": 0.81,
    "CPU load (/proc/loadavg)(15m)": 0.3,
    "CPU load (/proc/stat)(1s)": 0.8229166666666666,
    "CPU power": 8.043009,
    "lo RX": 0.0,
    "lo TX": 0.0,
    "enp3s0 RX": 123131987.0,
    "enp3s0 TX": 108000.0,
    "wlp2s0 RX": 0.0,
    "wlp2s0 TX": 0.0,
    "System power": 12.0
}