{
    "CPU temp": 62.0,
    "CPU load (/proc/loadavg)(1m)": 2.15,
    "CPU load (/proc/loadavg)(5m)": 0.87,
    "CPU load (/proc/loadavg)(15m)": 0.32,
    "CPU load (/proc/stat)(1s)": 0.8236842105263158,
    "CPU power": 8.072611,
    "lo RX": 0.0,
    "lo TX": 0.0,
    "enp3s0 RX": 123135015.0,
    "enp3s0 TX": 106920.0,
    "wlp2s0 RX": 0.0,
    "wlp2s0 TX": 0.0,
    "System power": 12.0
}