{
    "CPU temp": 61.0,
    "CPU load (/proc/loadavg)(1m)": 2.15,
    "CPU load (/proc/loadavg)(5m)": 0.87,
    "CPU load (/proc/loadavg)(15m)": 0.32,
    "CPU load (/proc/stat)(1s)": 0.3968668407310705,
    "CPU power": 5.072558,
    "lo RX": 0.0,
    "lo TX": 0.0,
    "enp3s0 RX": 67811463.0,
    "enp3s0 TX": 78686.0,
    "wlp2s0 RX": 0.0,
    "wlp2s0 TX": 0.0,
    "System power": 7.0
}