{
    "CPU temp": 48.0,
    "CPU load (/proc/loadavg)(1m)": 0.09,
    "CPU load (/proc/loadavg)(5m)": 0.04,
    "CPU load (/proc/loadavg)(15m)": 0.0,
    "CPU load (/proc/stat)(1s)": 0.015873015873015872,
    "CPU power": 2.515069,
    "lo RX": 0.0,
    "lo TX": 0.0,
    "enp3s0 RX": 123163901.0,
    "enp3s0 TX": 108432.0,
    "wlp2s0 RX": 0.0,
    "wlp2s0 TX": 0.0,
    "System power": 7.0
}