{
    "CPU temp": 57.0,
    "CPU load (/proc/loadavg)(1m)": 1.98,
    "CPU load (/proc/loadavg)(5m)": 0.85,
    "CPU load (/proc/loadavg)(15m)": 0.32,
    "CPU load (/proc/stat)(1s)": 0.023936170212765957,
    "CPU power": 2.667169,
    "lo RX": 0.0,
    "lo TX": 0.0,
    "enp3s0 RX": 123136589.0,
    "enp3s0 TX": 107676.0,
    "wlp2s0 RX": 0.0,
    "wlp2s0 TX": 0.0,
    "System power": 8.0
}