{
    "CPU temp": 55.0,
    "CPU load (/proc/loadavg)(1m)": 1.98,
    "CPU load (/proc/loadavg)(5m)": 0.85,
    "CPU load (/proc/loadavg)(15m)": 0.32,
    "CPU load (/proc/stat)(1s)": 0.021333333333333333,
    "CPU power": 2.655023,
    "lo RX": 0.0,
    "lo TX": 0.0,
    "enp3s0 RX": 123147127.0,
    "enp3s0 TX": 107946.0,
    "wlp2s0 RX": 0.0,
    "wlp2s0 TX": 0.0,
    "System power": 7.0
}