{
    "CPU temp": 53.0,
    "CPU load (/proc/loadavg)(1m)": 1.82,
    "CPU load (/proc/loadavg)(5m)": 0.84,
    "CPU load (/proc/loadavg)(15m)": 0.31,
    "CPU load (/proc/stat)(1s)": 0.05263157894736842,
    "CPU power": 2.581415,
    "lo RX": 0.0,
    "lo TX": 0.0,
    "enp3s0 RX": 86700579.0,
    "enp3s0 TX": 79257.0,
    "wlp2s0 RX": 0.0,
    "wlp2s0 TX": 0.0,
    "System power": 7.0
}