{
    "CPU temp": 54.0,
    "CPU load (/proc/loadavg)(1m)": 1.68,
    "CPU load (/proc/loadavg)(5m)": 0.82,
    "CPU load (/proc/loadavg)(15m)": 0.31,
    "CPU load (/proc/stat)(1s)": 0.24603174603174602,
    "CPU power": 4.064931,
    "lo RX": 0.0,
    "lo TX": 0.0,
    "enp3s0 RX": 122934369.0,
    "enp3s0 TX": 108054.0,
    "wlp2s0 RX": 0.0,
    "wlp2s0 TX": 0.0,
    "System power": 9.0
}