{
    "CPU temp": 54.0,
    "CPU load (/proc/loadavg)(1m)": 1.68,
    "CPU load (/proc/loadavg)(5m)": 0.82,
    "CPU load (/proc/loadavg)(15m)": 0.31,
    "CPU load (/proc/stat)(1s)": 0.22894736842105262,
    "CPU power": 4.115834,
    "lo RX": 0.0,
    "lo TX": 0.0,
    "enp3s0 RX": 123163841.0,
    "enp3s0 TX": 108594.0,
    "wlp2s0 RX": 0.0,
    "wlp2s0 TX": 0.0,
    "System power": 10.0
}