{
    "CPU temp": 54.0,
    "CPU load (/proc/loadavg)(1m)": 1.7,
    "CPU load (/proc/loadavg)(5m)": 0.84,
    "CPU load (/proc/loadavg)(15m)": 0.32,
    "CPU load (/proc/stat)(1s)": 0.22163588390501318,
    "CPU power": 4.115285,
    "lo RX": 0.0,
    "lo TX": 0.0,
    "enp3s0 RX": 123178981.0,
    "enp3s0 TX": 108378.0,
    "wlp2s0 RX": 0.0,
    "wlp2s0 TX": 0.0,
    "System power": 7.0
}