{
    "CPU temp": 54.0,
    "CPU load (/proc/loadavg)(1m)": 1.7,
    "CPU load (/proc/loadavg)(5m)": 0.84,
    "CPU load (/proc/loadavg)(15m)": 0.32,
    "CPU load (/proc/stat)(1s)": 0.18604651162790697,
    "CPU power": 3.514151,
    "lo RX": 0.0,
    "lo TX": 0.0,
    "enp3s0 RX": 62158737.0,
    "enp3s0 TX": 55566.0,
    "wlp2s0 RX": 0.0,
    "wlp2s0 TX": 0.0,
    "System power": 11.0
}