{
    "CPU temp": 55.0,
    "CPU load (/proc/loadavg)(1m)": 1.81,
    "CPU load (/proc/loadavg)(5m)": 0.88,
    "CPU load (/proc/loadavg)(15m)": 0.34,
    "CPU load (/proc/stat)(1s)": 0.42359249329758714,
    "CPU power": 5.445665,
    "lo RX": 0.0,
    "lo TX": 0.0,
    "enp3s0 RX": 122955177.0,
    "enp3s0 TX": 107892.0,
    "wlp2s0 RX": 0.0,
    "wlp2s0 TX": 0.0,
    "System power": 8.0
}