{
    "CPU temp": 56.0,
    "CPU load (/proc/loadavg)(1m)": 1.9,
    "CPU load (/proc/loadavg)(5m)": 0.91,
    "CPU load (/proc/loadavg)(15m)": 0.35,
    "CPU load (/proc/stat)(1s)": 0.43799472295514513,
    "CPU power": 5.650925,
    "lo RX": 0.0,
    "lo TX": 0.0,
    "enp3s0 RX": 123160813.0,
    "enp3s0 TX": 108000.0,
    "wlp2s0 RX": 0.0,
    "wlp2s0 TX": 0.0,
    "System power": 9.0
}