{
    "CPU temp": 56.0,
    "CPU load (/proc/loadavg)(1m)": 1.9,
    "CPU load (/proc/loadavg)(5m)": 0.91,
    "CPU load (/proc/loadavg)(15m)": 0.35,
    "CPU load (/proc/stat)(1s)": 0.4386422976501306,
    "CPU power": 5.622667,
    "lo RX": 0.0,
    "lo TX": 0.0,
    "enp3s0 RX": 123166869.0,
    "enp3s0 TX": 108540.0,
    "wlp2s0 RX": 0.0,
    "wlp2s0 TX": 0.0,
    "System power": 10.0
}