{
    "CPU temp": 58.0,
    "CPU load (/proc/loadavg)(1m)": 2.06,
    "CPU load (/proc/loadavg)(5m)": 0.98,
    "CPU load (/proc/loadavg)(15m)": 0.38,
    "CPU load (/proc/stat)(1s)": 0.6272965879265092,
    "CPU power": 6.739668,
    "lo RX": 0.0,
    "lo TX": 0.0,
    "enp3s0 RX": 123125931.0,
    "enp3s0 TX": 107136.0,
    "wlp2s0 RX": 0.0,
    "wlp2s0 TX": 0.0,
    "System power": 11.0
}