{
    "CPU temp": 58.0,
    "CPU load (/proc/loadavg)(1m)": 2.06,
    "CPU load (/proc/loadavg)(5m)": 0.98,
    "CPU load (/proc/loadavg)(15m)": 0.38,
    "CPU load (/proc/stat)(1s)": 0.6263157894736842,
    "CPU power": 6.775739,
    "lo RX": 0.0,
    "lo TX": 0.0,
    "enp3s0 RX": 123121389.0,
    "enp3s0 TX": 107298.0,
    "wlp2s0 RX": 0.0,
    "wlp2s0 TX": 0.0,
    "System power": 12.0
}