{
    "CPU temp": 59.0,
    "CPU load (/proc/loadavg)(1m)": 2.06,
    "CPU load (/proc/loadavg)(5m)": 0.98,
    "CPU load (/proc/loadavg)(15m)": 0.38,
    "CPU load (/proc/stat)(1s)": 0.5736842105263158,
    "CPU power": 6.376876,
    "lo RX": 0.0,
    "lo TX": 0.0,
    "enp3s0 RX": 107003379.0,
    "enp3s0 TX": 96817.0,
    "wlp2s0 RX": 0.0,
    "wlp2s0 TX": 0.0,
    "System power": 11.0
}