{
    "CPU temp": 60.0,
    "CPU load (/proc/loadavg)(1m)": 2.3,
    "CPU load (/proc/loadavg)(5m)": 1.07,
    "CPU load (/proc/loadavg)(15m)": 0.41,
    "CPU load (/proc/stat)(1s)": 0.828042328042328,
    "CPU power": 8.099345,
    "lo RX": 0.0,
    "lo TX": 0.0,
    "enp3s0 RX": 123124509.0,
    "enp3s0 TX": 107136.0,
    "wlp2s0 RX": 0.0,
    "wlp2s0 TX": 0.0,
    "System power": 13.0
}