{
    "CPU temp": 51.0,
    "CPU load (/proc/loadavg)(1m)": 0.16,
    "CPU load (/proc/loadavg)(5m)": 0.06,
    "CPU load (/proc/loadavg)(15m)": 0.01,
    "CPU load (/proc/stat)(1s)": 0.25857519788918204,
    "CPU power": 4.173268,
    "lo RX": 0.0,
    "lo TX": 0.0,
    "enp3s0 RX": 123157937.0,
    "enp3s0 TX": 108378.0,
    "wlp2s0 RX": 0.0,
    "wlp2s0 TX": 0.0,
    "System power": 7.0
}