{
    "CPU temp": 62.0,
    "CPU load (/proc/loadavg)(1m)": 2.44,
    "CPU load (/proc/loadavg)(5m)": 1.12,
    "CPU load (/proc/loadavg)(15m)": 0.43,
    "CPU load (/proc/stat)(1s)": 0.8284960422163589,
    "CPU power": 8.107462,
    "lo RX": 0.0,
    "lo TX": 0.0,
    "enp3s0 RX": 123136529.0,
    "enp3s0 TX": 106218.0,
    "wlp2s0 RX": 0.0,
    "wlp2s0 TX": 0.0,
    "System power": 7.0
}