{
    "CPU temp": 54.0,
    "CPU load (/proc/loadavg)(1m)": 2.06,
    "CPU load (/proc/loadavg)(5m)": 1.08,
    "CPU load (/proc/loadavg)(15m)": 0.43,
    "CPU load (/proc/stat)(1s)": 0.018518518518518517,
    "CPU power": 2.533258,
    "lo RX": 0.0,
    "lo TX": 0.0,
    "enp3s0 RX": 123171351.0,
    "enp3s0 TX": 108432.0,
    "wlp2s0 RX": 0.0,
    "wlp2s0 TX": 0.0,
    "System power": 7.0
}