{
    "CPU temp": 52.0,
    "CPU load (/proc/loadavg)(1m)": 2.06,
    "CPU load (/proc/loadavg)(5m)": 1.08,
    "CPU load (/proc/loadavg)(15m)": 0.43,
    "CPU load (/proc/stat)(1s)": 0.014245014245014245,
    "CPU power": 3.06005,
    "lo RX": 0.0,
    "lo TX": 0.0,
    "enp3s0 RX": 2286905.0,
    "enp3s0 TX": 123263824.0,
    "wlp2s0 RX": 0.0,
    "wlp2s0 TX": 0.0,
    "System power": 8.0
}