{
    "CPU temp": 52.0,
    "CPU load (/proc/loadavg)(1m)": 1.74,
    "CPU load (/proc/loadavg)(5m)": 1.04,
    "CPU load (/proc/loadavg)(15m)": 0.42,
    "CPU load (/proc/stat)(1s)": 0.005194805194805195,
    "CPU power": 2.07403,
    "lo RX": 0.0,
    "lo TX": 0.0,
    "enp3s0 RX": 717365.0,
    "enp3s0 TX": 38625064.0,
    "wlp2s0 RX": 0.0,
    "wlp2s0 TX": 0.0,
    "System power": 5.0
}