{
    "CPU temp": 55.0,
    "CPU load (/proc/stat)(1s)": 0.24431818181818182,
    "CPU power": 4.496814,
    "lo RX": 0.0,
    "lo TX": 0.0,
    "enp3s0 RX": 2260374.0,
    "enp3s0 TX": 122065052.0,
    "wlp2s0 RX": 0.0,
    "wlp2s0 TX": 0.0,
    "PDU power": 9.0
}