{
    "CPU temp": 57.0,
    "CPU load (/proc/stat)(1s)": 0.4233983286908078,
    "CPU power": 5.531602,
    "lo RX": 0.0,
    "lo TX": 0.0,
    "enp3s0 RX": 26910079.0,
    "enp3s0 TX": 95589292.0,
    "wlp2s0 RX": 0.0,
    "wlp2s0 TX": 0.0,
    "PDU power": 10.0
}