{
    "CPU temp": 58.0,
    "CPU load (/proc/stat)(1s)": 0.6302083333333334,
    "CPU power": 6.482771,
    "lo RX": 0.0,
    "lo TX": 0.0,
    "enp3s0 RX": 119922258.0,
    "enp3s0 TX": 106078.0,
    "wlp2s0 RX": 0.0,
    "wlp2s0 TX": 0.0,
    "PDU power": 10.0
}