{
    "CPU temp": 59.0,
    "CPU load (/proc/stat)(1s)": 0.6216931216931217,
    "CPU power": 6.703107,
    "lo RX": 0.0,
    "lo TX": 0.0,
    "enp3s0 RX": 119081616.0,
    "enp3s0 TX": 106156.0,
    "wlp2s0 RX": 0.0,
    "wlp2s0 TX": 0.0,
    "PDU power": 10.0
}