{
    "CPU temp": 59.0,
    "CPU load (/proc/stat)(1s)": 0.6194225721784777,
    "CPU power": 6.676252,
    "lo RX": 0.0,
    "lo TX": 0.0,
    "enp3s0 RX": 118431995.0,
    "enp3s0 TX": 103672.0,
    "wlp2s0 RX": 0.0,
    "wlp2s0 TX": 0.0,
    "PDU power": 10.0
}