{
    "CPU temp": 60.0,
    "CPU load (/proc/stat)(1s)": 0.6325459317585301,
    "CPU power": 6.720259,
    "lo RX": 0.0,
    "lo TX": 0.0,
    "enp3s0 RX": 119389575.0,
    "enp3s0 TX": 105024.0,
    "wlp2s0 RX": 0.0,
    "wlp2s0 TX": 0.0,
    "PDU power": 11.0
}