{
    "CPU temp": 60.0,
    "CPU load (/proc/stat)(1s)": 0.6286472148541115,
    "CPU power": 6.788495,
    "lo RX": 0.0,
    "lo TX": 0.0,
    "enp3s0 RX": 120054095.0,
    "enp3s0 TX": 104700.0,
    "wlp2s0 RX": 0.0,
    "wlp2s0 TX": 0.0,
    "PDU power": 10.0
}