{
    "CPU temp": 61.0,
    "CPU load (/proc/stat)(1s)": 0.6221590909090909,
    "CPU power": 6.917035,
    "lo RX": 0.0,
    "lo TX": 0.0,
    "enp3s0 RX": 2260721.0,
    "enp3s0 TX": 122074136.0,
    "wlp2s0 RX": 0.0,
    "wlp2s0 TX": 0.0,
    "PDU power": 9.0
}