{
    "CPU temp": 63.0,
    "CPU load (/proc/stat)(1s)": 0.8276762402088773,
    "CPU power": 8.003336,
    "lo RX": 0.0,
    "lo TX": 0.0,
    "enp3s0 RX": 116347476.0,
    "enp3s0 TX": 102162.0,
    "wlp2s0 RX": 0.0,
    "wlp2s0 TX": 0.0,
    "PDU power": 12.0
}