{
    "CPU temp": 63.0,
    "CPU load (/proc/stat)(1s)": 0.824607329842932,
    "CPU power": 7.955119,
    "lo RX": 0.0,
    "lo TX": 0.0,
    "enp3s0 RX": 116514874.0,
    "enp3s0 TX": 102000.0,
    "wlp2s0 RX": 0.0,
    "wlp2s0 TX": 0.0,
    "PDU power": 13.0
}