{
    "CPU temp": 63.0,
    "CPU load (/proc/stat)(1s)": 0.8294573643410853,
    "CPU power": 7.971477,
    "lo RX": 0.0,
    "lo TX": 0.0,
    "enp3s0 RX": 117710423.0,
    "enp3s0 TX": 102916.0,
    "wlp2s0 RX": 0.0,
    "wlp2s0 TX": 0.0,
    "PDU power": 12.0
}