{
    "CPU temp": 55.0,
    "CPU load (/proc/stat)(1s)": 0.017191977077363897,
    "CPU power": 3.025017,
    "lo RX": 0.0,
    "lo TX": 0.0,
    "enp3s0 RX": 2192957.0,
    "enp3s0 TX": 123280688.0,
    "wlp2s0 RX": 0.0,
    "wlp2s0 TX": 0.0,
    "PDU power": 8.0
}