{
    "CPU temp": 54.0,
    "CPU load (/proc/stat)(1s)": 0.2388451443569554,
    "CPU power": 3.868765,
    "lo RX": 0.0,
    "lo TX": 0.0,
    "enp3s0 RX": 122324210.0,
    "enp3s0 TX": 108778.0,
    "wlp2s0 RX": 0.0,
    "wlp2s0 TX": 0.0,
    "PDU power": 9.0
}