{
    "CPU temp": 55.0,
    "CPU load (/proc/stat)(1s)": 0.2542857142857143,
    "CPU power": 4.483204,
    "lo RX": 0.0,
    "lo TX": 0.0,
    "enp3s0 RX": 2087535.0,
    "enp3s0 TX": 121476160.0,
    "wlp2s0 RX": 0.0,
    "wlp2s0 TX": 0.0,
    "PDU power": 9.0
}