{
    "CPU temp": 55.0,
    "CPU load (/proc/stat)(1s)": 0.2413793103448276,
    "CPU power": 4.542102,
    "lo RX": 0.0,
    "lo TX": 0.0,
    "enp3s0 RX": 2054141.0,
    "enp3s0 TX": 122372394.0,
    "wlp2s0 RX": 0.0,
    "wlp2s0 TX": 0.0,
    "PDU power": 8.0
}