{
    "CPU temp": 56.0,
    "CPU load (/proc/stat)(1s)": 0.3783068783068783,
    "CPU power": 4.827747,
    "lo RX": 0.0,
    "lo TX": 0.0,
    "enp3s0 RX": 122491848.0,
    "enp3s0 TX": 109074.0,
    "wlp2s0 RX": 0.0,
    "wlp2s0 TX": 0.0,
    "PDU power": 10.0
}