{
    "CPU temp": 60.0,
    "CPU load (/proc/stat)(1s)": 0.6421052631578947,
    "CPU power": 6.793745,
    "lo RX": 0.0,
    "lo TX": 0.0,
    "enp3s0 RX": 122399314.0,
    "enp3s0 TX": 108208.0,
    "wlp2s0 RX": 0.0,
    "wlp2s0 TX": 0.0,
    "PDU power": 11.0
}