{
    "CPU temp": 61.0,
    "CPU load (/proc/stat)(1s)": 0.6260623229461756,
    "CPU power": 6.937849,
    "lo RX": 0.0,
    "lo TX": 0.0,
    "enp3s0 RX": 2061863.0,
    "enp3s0 TX": 121533638.0,
    "wlp2s0 RX": 0.0,
    "wlp2s0 TX": 0.0,
    "PDU power": 11.0
}