{
    "CPU temp": 61.0,
    "CPU load (/proc/stat)(1s)": 0.6303724928366762,
    "CPU power": 7.010419,
    "lo RX": 0.0,
    "lo TX": 0.0,
    "enp3s0 RX": 2082720.0,
    "enp3s0 TX": 120649846.0,
    "wlp2s0 RX": 0.0,
    "wlp2s0 TX": 0.0,
    "PDU power": 9.0
}