{
    "CPU temp": 60.0,
    "CPU load (/proc/stat)(1s)": 0.4609571788413098,
    "CPU power": 5.349413,
    "lo RX": 0.0,
    "lo TX": 0.0,
    "enp3s0 RX": 44518109.0,
    "enp3s0 TX": 55684.0,
    "wlp2s0 RX": 0.0,
    "wlp2s0 TX": 0.0,
    "PDU power": 9.0
}