{
    "CPU temp": 64.0,
    "CPU load (/proc/stat)(1s)": 0.8297872340425532,
    "CPU power": 8.04661,
    "lo RX": 0.0,
    "lo TX": 0.0,
    "enp3s0 RX": 119996924.0,
    "enp3s0 TX": 115552.0,
    "wlp2s0 RX": 0.0,
    "wlp2s0 TX": 0.0,
    "PDU power": 11.0
}