{
    "CPU temp": 64.0,
    "CPU load (/proc/stat)(1s)": 0.8218390804597702,
    "CPU power": 8.171122,
    "lo RX": 0.0,
    "lo TX": 0.0,
    "enp3s0 RX": 2141399.0,
    "enp3s0 TX": 121697240.0,
    "wlp2s0 RX": 0.0,
    "wlp2s0 TX": 0.0,
    "PDU power": 12.0
}