{
    "CPU temp": 63.0,
    "CPU load (/proc/stat)(1s)": 0.3961218836565097,
    "CPU power": 5.347826,
    "lo RX": 0.0,
    "lo TX": 0.0,
    "enp3s0 RX": 65682994.0,
    "enp3s0 TX": 50855338.0,
    "wlp2s0 RX": 0.0,
    "wlp2s0 TX": 0.0,
    "PDU power": 8.0
}