{
    "CPU temp": 54.0,
    "CPU load (/proc/stat)(1s)": 0.02710027100271003,
    "CPU power": 2.155024,
    "lo RX": 0.0,
    "lo TX": 0.0,
    "enp3s0 RX": 119883821.0,
    "enp3s0 TX": 150222.0,
    "wlp2s0 RX": 0.0,
    "wlp2s0 TX": 0.0,
    "PDU power": 8.0
}