{
    "CPU temp": 54.0,
    "CPU load (/proc/stat)(1s)": 0.025787965616045846,
    "CPU power": 2.770989,
    "lo RX": 0.0,
    "lo TX": 0.0,
    "enp3s0 RX": 2075722.0,
    "enp3s0 TX": 120149030.0,
    "wlp2s0 RX": 0.0,
    "wlp2s0 TX": 0.0,
    "PDU power": 8.0
}