{
    "CPU temp": 53.0,
    "CPU load (/proc/stat)(1s)": 0.03164556962025317,
    "CPU power": 2.143305,
    "lo RX": 0.0,
    "lo TX": 0.0,
    "enp3s0 RX": 1956961.0,
    "enp3s0 TX": 116594864.0,
    "wlp2s0 RX": 0.0,
    "wlp2s0 TX": 0.0,
    "PDU power": 8.0
}