{
    "CPU temp": 53.0,
    "CPU load (/proc/stat)(1s)": 0.02616279069767442,
    "CPU power": 2.531366,
    "lo RX": 0.0,
    "lo TX": 0.0,
    "enp3s0 RX": 2039309.0,
    "enp3s0 TX": 121841034.0,
    "wlp2s0 RX": 0.0,
    "wlp2s0 TX": 0.0,
    "PDU power": 9.0
}