{
    "CPU temp": 54.0,
    "CPU load (/proc/stat)(1s)": 0.2047872340425532,
    "CPU power": 3.891042,
    "lo RX": 0.0,
    "lo TX": 0.0,
    "enp3s0 RX": 122361852.0,
    "enp3s0 TX": 114742.0,
    "wlp2s0 RX": 0.0,
    "wlp2s0 TX": 0.0,
    "PDU power": 9.0
}