{
    "CPU temp": 54.0,
    "CPU load (/proc/stat)(1s)": 0.20689655172413793,
    "CPU power": 3.872731,
    "lo RX": 0.0,
    "lo TX": 0.0,
    "enp3s0 RX": 122380140.0,
    "enp3s0 TX": 109210.0,
    "wlp2s0 RX": 0.0,
    "wlp2s0 TX": 0.0,
    "PDU power": 8.0
}