{
    "CPU temp": 55.0,
    "CPU load (/proc/stat)(1s)": 0.18933333333333333,
    "CPU power": 3.776358,
    "lo RX": 0.0,
    "lo TX": 0.0,
    "enp3s0 RX": 122459874.0,
    "enp3s0 TX": 114798.0,
    "wlp2s0 RX": 0.0,
    "wlp2s0 TX": 0.0,
    "PDU power": 9.0
}