{
    "CPU temp": 55.0,
    "CPU load (/proc/stat)(1s)": 0.21485411140583555,
    "CPU power": 3.957509,
    "lo RX": 0.0,
    "lo TX": 0.0,
    "enp3s0 RX": 122416507.0,
    "enp3s0 TX": 118146.0,
    "wlp2s0 RX": 0.0,
    "wlp2s0 TX": 0.0,
    "PDU power": 8.0
}