{
    "CPU temp": 56.0,
    "CPU load (/proc/stat)(1s)": 0.2289855072463768,
    "CPU power": 4.563953,
    "lo RX": 0.0,
    "lo TX": 0.0,
    "enp3s0 RX": 2105393.0,
    "enp3s0 TX": 120588902.0,
    "wlp2s0 RX": 0.0,
    "wlp2s0 TX": 0.0,
    "PDU power": 9.0
}