{
    "CPU temp": 59.0,
    "CPU load (/proc/stat)(1s)": 0.47863247863247865,
    "CPU power": 6.07524,
    "lo RX": 0.0,
    "lo TX": 0.0,
    "enp3s0 RX": 2029722.0,
    "enp3s0 TX": 121489732.0,
    "wlp2s0 RX": 0.0,
    "wlp2s0 TX": 0.0,
    "PDU power": 10.0
}