{
    "CPU temp": 59.0,
    "CPU load (/proc/stat)(1s)": 0.45821325648414984,
    "CPU power": 6.000778,
    "lo RX": 0.0,
    "lo TX": 0.0,
    "enp3s0 RX": 2010582.0,
    "enp3s0 TX": 121277826.0,
    "wlp2s0 RX": 0.0,
    "wlp2s0 TX": 0.0,
    "PDU power": 10.0
}