{
    "CPU temp": 59.0,
    "CPU load (/proc/stat)(1s)": 0.46264367816091956,
    "CPU power": 5.883224,
    "lo RX": 0.0,
    "lo TX": 0.0,
    "enp3s0 RX": 2090776.0,
    "enp3s0 TX": 120168010.0,
    "wlp2s0 RX": 0.0,
    "wlp2s0 TX": 0.0,
    "PDU power": 11.0
}