{
    "CPU temp": 55.0,
    "CPU load (/proc/stat)(1s)": 0.21635883905013192,
    "CPU power": 3.895132,
    "lo RX": 0.0,
    "lo TX": 0.0,
    "enp3s0 RX": 122304379.0,
    "enp3s0 TX": 112314.0,
    "wlp2s0 RX": 0.0,
    "wlp2s0 TX": 0.0,
    "PDU power": 8.0
}