{
    "CPU temp": 60.0,
    "CPU load (/proc/stat)(1s)": 0.6263157894736842,
    "CPU power": 6.715742,
    "lo RX": 0.0,
    "lo TX": 0.0,
    "enp3s0 RX": 122695522.0,
    "enp3s0 TX": 107238.0,
    "wlp2s0 RX": 0.0,
    "wlp2s0 TX": 0.0,
    "PDU power": 11.0
}