{
    "CPU temp": 60.0,
    "CPU load (/proc/stat)(1s)": 0.6349206349206349,
    "CPU power": 6.71269,
    "lo RX": 0.0,
    "lo TX": 0.0,
    "enp3s0 RX": 122411426.0,
    "enp3s0 TX": 106588.0,
    "wlp2s0 RX": 0.0,
    "wlp2s0 TX": 0.0,
    "PDU power": 11.0
}