{
    "CPU temp": 61.0,
    "CPU load (/proc/stat)(1s)": 0.6426512968299711,
    "CPU power": 7.071515,
    "lo RX": 0.0,
    "lo TX": 0.0,
    "enp3s0 RX": 2016455.0,
    "enp3s0 TX": 120100142.0,
    "wlp2s0 RX": 0.0,
    "wlp2s0 TX": 0.0,
    "PDU power": 11.0
}