{
    "CPU temp": 55.0,
    "CPU load (/proc/stat)(1s)": 0.2619047619047619,
    "CPU power": 4.278371,
    "lo RX": 0.0,
    "lo TX": 0.0,
    "enp3s0 RX": 121989237.0,
    "enp3s0 TX": 120628.0,
    "wlp2s0 RX": 0.0,
    "wlp2s0 TX": 0.0,
    "PDU power": 9.0
}