{
    "CPU temp": 63.0,
    "CPU load (/proc/stat)(1s)": 0.8363636363636363,
    "CPU power": 8.07963,
    "lo RX": 0.0,
    "lo TX": 0.0,
    "enp3s0 RX": 122375090.0,
    "enp3s0 TX": 106968.0,
    "wlp2s0 RX": 0.0,
    "wlp2s0 TX": 0.0,
    "PDU power": 11.0
}