{
    "CPU temp": 65.0,
    "CPU load (/proc/stat)(1s)": 0.8285714285714286,
    "CPU power": 8.126139,
    "lo RX": 0.0,
    "lo TX": 0.0,
    "enp3s0 RX": 2003529.0,
    "enp3s0 TX": 120640210.0,
    "wlp2s0 RX": 0.0,
    "wlp2s0 TX": 0.0,
    "PDU power": 12.0
}