{
    "CPU temp": 63.0,
    "CPU load (/proc/stat)(1s)": 0.6349614395886889,
    "CPU power": 6.548201,
    "lo RX": 0.0,
    "lo TX": 0.0,
    "enp3s0 RX": 34613877.0,
    "enp3s0 TX": 47304.0,
    "wlp2s0 RX": 0.0,
    "wlp2s0 TX": 0.0,
    "PDU power": 10.0
}