{
    "CPU temp": 54.0,
    "CPU load (/proc/stat)(1s)": 0.017241379310344827,
    "CPU power": 3.039116,
    "lo RX": 0.0,
    "lo TX": 0.0,
    "enp3s0 RX": 2003604.0,
    "enp3s0 TX": 121388348.0,
    "wlp2s0 RX": 0.0,
    "wlp2s0 TX": 0.0,
    "PDU power": 8.0
}