{
    "CPU temp": 54.0,
    "CPU load (/proc/stat)(1s)": 0.017341040462427744,
    "CPU power": 3.087211,
    "lo RX": 0.0,
    "lo TX": 0.0,
    "enp3s0 RX": 2000921.0,
    "enp3s0 TX": 121176718.0,
    "wlp2s0 RX": 0.0,
    "wlp2s0 TX": 0.0,
    "PDU power": 7.0
}