{
    "CPU temp": 55.0,
    "CPU load (/proc/stat)(1s)": 0.24202127659574468,
    "CPU power": 4.095265,
    "lo RX": 0.0,
    "lo TX": 0.0,
    "enp3s0 RX": 122402670.0,
    "enp3s0 TX": 110184.0,
    "wlp2s0 RX": 0.0,
    "wlp2s0 TX": 0.0,
    "PDU power": 8.0
}