{
    "CPU temp": 56.0,
    "CPU load (/proc/stat)(1s)": 0.2528409090909091,
    "CPU power": 4.566272,
    "lo RX": 0.0,
    "lo TX": 0.0,
    "enp3s0 RX": 42600649.0,
    "enp3s0 TX": 80694976.0,
    "wlp2s0 RX": 0.0,
    "wlp2s0 TX": 0.0,
    "PDU power": 10.0
}