{
    "CPU temp": 56.0,
    "CPU load (/proc/stat)(1s)": 0.2714285714285714,
    "CPU power": 4.719592,
    "lo RX": 0.0,
    "lo TX": 0.0,
    "enp3s0 RX": 2046654.0,
    "enp3s0 TX": 121230892.0,
    "wlp2s0 RX": 0.0,
    "wlp2s0 TX": 0.0,
    "PDU power": 10.0
}