{
    "CPU temp": 56.0,
    "CPU load (/proc/stat)(1s)": 0.23919308357348704,
    "CPU power": 4.513233,
    "lo RX": 0.0,
    "lo TX": 0.0,
    "enp3s0 RX": 1988933.0,
    "enp3s0 TX": 121202072.0,
    "wlp2s0 RX": 0.0,
    "wlp2s0 TX": 0.0,
    "PDU power": 9.0
}