{
    "CPU temp": 57.0,
    "CPU load (/proc/stat)(1s)": 0.42408376963350786,
    "CPU power": 5.349962,
    "lo RX": 0.0,
    "lo TX": 0.0,
    "enp3s0 RX": 122290694.0,
    "enp3s0 TX": 108208.0,
    "wlp2s0 RX": 0.0,
    "wlp2s0 TX": 0.0,
    "PDU power": 9.0
}