{
    "CPU temp": 61.0,
    "CPU load (/proc/stat)(1s)": 0.667621776504298,
    "CPU power": 7.245465,
    "lo RX": 0.0,
    "lo TX": 0.0,
    "enp3s0 RX": 16862332.0,
    "enp3s0 TX": 108059890.0,
    "wlp2s0 RX": 0.0,
    "wlp2s0 TX": 0.0,
    "PDU power": 11.0
}