{
    "CPU temp": 61.0,
    "CPU load (/proc/stat)(1s)": 0.6424418604651163,
    "CPU power": 7.151898,
    "lo RX": 0.0,
    "lo TX": 0.0,
    "enp3s0 RX": 2160102.0,
    "enp3s0 TX": 122333364.0,
    "wlp2s0 RX": 0.0,
    "wlp2s0 TX": 0.0,
    "PDU power": 12.0
}