{
    "CPU temp": 61.0,
    "CPU load (/proc/stat)(1s)": 0.6253602305475504,
    "CPU power": 7.052899,
    "lo RX": 0.0,
    "lo TX": 0.0,
    "enp3s0 RX": 2029609.0,
    "enp3s0 TX": 121432362.0,
    "wlp2s0 RX": 0.0,
    "wlp2s0 TX": 0.0,
    "PDU power": 11.0
}