{
    "CPU temp": 62.0,
    "CPU load (/proc/stat)(1s)": 0.6666666666666666,
    "CPU power": 7.323956,
    "lo RX": 0.0,
    "lo TX": 0.0,
    "enp3s0 RX": 2168561.0,
    "enp3s0 TX": 123018872.0,
    "wlp2s0 RX": 0.0,
    "wlp2s0 TX": 0.0,
    "PDU power": 10.0
}