{
    "CPU temp": 62.0,
    "CPU load (/proc/stat)(1s)": 0.6453488372093024,
    "CPU power": 7.181195,
    "lo RX": 0.0,
    "lo TX": 0.0,
    "enp3s0 RX": 1949039.0,
    "enp3s0 TX": 121963614.0,
    "wlp2s0 RX": 0.0,
    "wlp2s0 TX": 0.0,
    "PDU power": 10.0
}