{
    "CPU temp": 60.0,
    "CPU load (/proc/stat)(1s)": 0.03428571428571429,
    "CPU power": 3.052605,
    "lo RX": 0.0,
    "lo TX": 0.0,
    "enp3s0 RX": 33687807.0,
    "enp3s0 TX": 121209422.0,
    "wlp2s0 RX": 0.0,
    "wlp2s0 TX": 0.0,
    "PDU power": 9.0
}