{
    "CPU temp": 58.0,
    "CPU load (/proc/stat)(1s)": 0.05846153846153846,
    "CPU power": 2.293268,
    "lo RX": 0.0,
    "lo TX": 0.0,
    "enp3s0 RX": 29933329.0,
    "enp3s0 TX": 122227674.0,
    "wlp2s0 RX": 0.0,
    "wlp2s0 TX": 0.0,
    "PDU power": 8.0
}