{
    "CPU temp": 57.0,
    "CPU load (/proc/stat)(1s)": 0.05389221556886228,
    "CPU power": 2.534539,
    "lo RX": 0.0,
    "lo TX": 0.0,
    "enp3s0 RX": 21662861.0,
    "enp3s0 TX": 120675968.0,
    "wlp2s0 RX": 0.0,
    "wlp2s0 TX": 0.0,
    "PDU power": 9.0
}