{
    "CPU temp": 56.0,
    "CPU load (/proc/stat)(1s)": 0.06521739130434782,
    "CPU power": 2.363214,
    "lo RX": 0.0,
    "lo TX": 0.0,
    "enp3s0 RX": 47747038.0,
    "enp3s0 TX": 121816914.0,
    "wlp2s0 RX": 0.0,
    "wlp2s0 TX": 0.0,
    "PDU power": 8.0
}