{
    "CPU temp": 55.0,
    "CPU load (/proc/stat)(1s)": 0.2804532577903683,
    "CPU power": 4.577625,
    "lo RX": 0.0,
    "lo TX": 0.0,
    "enp3s0 RX": 26346039.0,
    "enp3s0 TX": 122960864.0,
    "wlp2s0 RX": 0.0,
    "wlp2s0 TX": 0.0,
    "PDU power": 9.0
}