{
    "CPU temp": 55.0,
    "CPU load (/proc/stat)(1s)": 0.24147727272727273,
    "CPU power": 4.421253,
    "lo RX": 0.0,
    "lo TX": 0.0,
    "enp3s0 RX": 10485048.0,
    "enp3s0 TX": 121478296.0,
    "wlp2s0 RX": 0.0,
    "wlp2s0 TX": 0.0,
    "PDU power": 11.0
}