{
    "CPU temp": 56.0,
    "CPU load (/proc/stat)(1s)": 0.24068767908309455,
    "CPU power": 4.517628,
    "lo RX": 0.0,
    "lo TX": 0.0,
    "enp3s0 RX": 18106233.0,
    "enp3s0 TX": 123118988.0,
    "wlp2s0 RX": 0.0,
    "wlp2s0 TX": 0.0,
    "PDU power": 10.0
}