{
    "CPU temp": 56.0,
    "CPU load (/proc/stat)(1s)": 0.24571428571428572,
    "CPU power": 4.577991,
    "lo RX": 0.0,
    "lo TX": 0.0,
    "enp3s0 RX": 12255443.0,
    "enp3s0 TX": 121731516.0,
    "wlp2s0 RX": 0.0,
    "wlp2s0 TX": 0.0,
    "PDU power": 9.0
}