{
    "CPU temp": 57.0,
    "CPU load (/proc/stat)(1s)": 0.4540229885057471,
    "CPU power": 5.754624,
    "lo RX": 0.0,
    "lo TX": 0.0,
    "enp3s0 RX": 37597589.0,
    "enp3s0 TX": 122462302.0,
    "wlp2s0 RX": 0.0,
    "wlp2s0 TX": 0.0,
    "PDU power": 11.0
}