{
    "CPU temp": 58.0,
    "CPU load (/proc/stat)(1s)": 0.4858757062146893,
    "CPU power": 6.194625,
    "lo RX": 0.0,
    "lo TX": 0.0,
    "enp3s0 RX": 25717336.0,
    "enp3s0 TX": 121206382.0,
    "wlp2s0 RX": 0.0,
    "wlp2s0 TX": 0.0,
    "PDU power": 12.0
}