{
    "CPU temp": 59.0,
    "CPU load (/proc/stat)(1s)": 0.4511494252873563,
    "CPU power": 6.050278,
    "lo RX": 0.0,
    "lo TX": 0.0,
    "enp3s0 RX": 51739459.0,
    "enp3s0 TX": 120905432.0,
    "wlp2s0 RX": 0.0,
    "wlp2s0 TX": 0.0,
    "PDU power": 11.0
}