{
    "CPU temp": 59.0,
    "CPU load (/proc/stat)(1s)": 0.638728323699422,
    "CPU power": 7.025007,
    "lo RX": 0.0,
    "lo TX": 0.0,
    "enp3s0 RX": 46279769.0,
    "enp3s0 TX": 121598776.0,
    "wlp2s0 RX": 0.0,
    "wlp2s0 TX": 0.0,
    "PDU power": 11.0
}