{
    "CPU temp": 60.0,
    "CPU load (/proc/stat)(1s)": 0.6418338108882522,
    "CPU power": 7.06706,
    "lo RX": 0.0,
    "lo TX": 0.0,
    "enp3s0 RX": 33894074.0,
    "enp3s0 TX": 121710064.0,
    "wlp2s0 RX": 0.0,
    "wlp2s0 TX": 0.0,
    "PDU power": 12.0
}