{
    "CPU temp": 59.0,
    "CPU load (/proc/stat)(1s)": 0.04956268221574344,
    "CPU power": 3.221611,
    "lo RX": 0.0,
    "lo TX": 0.0,
    "enp3s0 RX": 33802034.0,
    "enp3s0 TX": 122173232.0,
    "wlp2s0 RX": 0.0,
    "wlp2s0 TX": 0.0,
    "PDU power": 9.0
}