{
    "CPU temp": 58.0,
    "CPU load (/proc/stat)(1s)": 0.043731778425655975,
    "CPU power": 3.189262,
    "lo RX": 0.0,
    "lo TX": 0.0,
    "enp3s0 RX": 29738321.0,
    "enp3s0 TX": 122178122.0,
    "wlp2s0 RX": 0.0,
    "wlp2s0 TX": 0.0,
    "PDU power": 9.0
}