{
    "CPU temp": 57.0,
    "CPU load (/proc/stat)(1s)": 0.03488372093023256,
    "CPU power": 3.037834,
    "lo RX": 0.0,
    "lo TX": 0.0,
    "enp3s0 RX": 30998649.0,
    "enp3s0 TX": 121332830.0,
    "wlp2s0 RX": 0.0,
    "wlp2s0 TX": 0.0,
    "PDU power": 9.0
}