{
    "CPU temp": 56.0,
    "CPU load (/proc/stat)(1s)": 0.03428571428571429,
    "CPU power": 2.883232,
    "lo RX": 0.0,
    "lo TX": 0.0,
    "enp3s0 RX": 24601128.0,
    "enp3s0 TX": 102117261.0,
    "wlp2s0 RX": 0.0,
    "wlp2s0 TX": 0.0,
    "PDU power": 9.0
}