{
    "CPU temp": 56.0,
    "CPU load (/proc/stat)(1s)": 0.3095890410958904,
    "CPU power": 4.647937,
    "lo RX": 0.0,
    "lo TX": 0.0,
    "enp3s0 RX": 17564553.0,
    "enp3s0 TX": 79480480.0,
    "wlp2s0 RX": 0.0,
    "wlp2s0 TX": 0.0,
    "PDU power": 8.0
}