{
    "CPU temp": 56.0,
    "CPU load (/proc/stat)(1s)": 0.22941176470588234,
    "CPU power": 4.483997,
    "lo RX": 0.0,
    "lo TX": 0.0,
    "enp3s0 RX": 38638071.0,
    "enp3s0 TX": 122111886.0,
    "wlp2s0 RX": 0.0,
    "wlp2s0 TX": 0.0,
    "PDU power": 9.0
}