{
    "CPU temp": 57.0,
    "CPU load (/proc/stat)(1s)": 0.3083832335329341,
    "CPU power": 4.78551,
    "lo RX": 0.0,
    "lo TX": 0.0,
    "enp3s0 RX": 50354879.0,
    "enp3s0 TX": 121942578.0,
    "wlp2s0 RX": 0.0,
    "wlp2s0 TX": 0.0,
    "PDU power": 10.0
}