{
    "CPU temp": 58.0,
    "CPU load (/proc/stat)(1s)": 0.3863013698630137,
    "CPU power": 5.091356,
    "lo RX": 0.0,
    "lo TX": 0.0,
    "enp3s0 RX": 20196151.0,
    "enp3s0 TX": 76232371.0,
    "wlp2s0 RX": 0.0,
    "wlp2s0 TX": 0.0,
    "PDU power": 10.0
}