{
    "CPU temp": 60.0,
    "CPU load (/proc/stat)(1s)": 0.6736526946107785,
    "CPU power": 7.408977,
    "lo RX": 0.0,
    "lo TX": 0.0,
    "enp3s0 RX": 44423019.0,
    "enp3s0 TX": 122156610.0,
    "wlp2s0 RX": 0.0,
    "wlp2s0 TX": 0.0,
    "PDU power": 11.0
}