{
    "CPU temp": 61.0,
    "CPU load (/proc/stat)(1s)": 0.6705539358600583,
    "CPU power": 7.327557,
    "lo RX": 0.0,
    "lo TX": 0.0,
    "enp3s0 RX": 36624580.0,
    "enp3s0 TX": 122103138.0,
    "wlp2s0 RX": 0.0,
    "wlp2s0 TX": 0.0,
    "PDU power": 12.0
}