{
    "CPU temp": 62.0,
    "CPU load (/proc/stat)(1s)": 0.6268221574344023,
    "CPU power": 7.030744,
    "lo RX": 0.0,
    "lo TX": 0.0,
    "enp3s0 RX": 25217350.0,
    "enp3s0 TX": 120864964.0,
    "wlp2s0 RX": 0.0,
    "wlp2s0 TX": 0.0,
    "PDU power": 10.0
}