{
    "CPU temp": 64.0,
    "CPU load (/proc/stat)(1s)": 0.8521739130434782,
    "CPU power": 8.337869,
    "lo RX": 0.0,
    "lo TX": 0.0,
    "enp3s0 RX": 31821168.0,
    "enp3s0 TX": 122803676.0,
    "wlp2s0 RX": 0.0,
    "wlp2s0 TX": 0.0,
    "PDU power": 12.0
}