{
    "CPU temp": 64.0,
    "CPU load (/proc/stat)(1s)": 0.8483965014577259,
    "CPU power": 8.301248,
    "lo RX": 0.0,
    "lo TX": 0.0,
    "enp3s0 RX": 30299623.0,
    "enp3s0 TX": 121833282.0,
    "wlp2s0 RX": 0.0,
    "wlp2s0 TX": 0.0,
    "PDU power": 12.0
}