{
    "CPU temp": 61.0,
    "CPU load (/proc/stat)(1s)": 0.06535947712418301,
    "CPU power": 2.290582,
    "lo RX": 0.0,
    "lo TX": 0.0,
    "enp3s0 RX": 24278074.0,
    "enp3s0 TX": 123073178.0,
    "wlp2s0 RX": 0.0,
    "wlp2s0 TX": 0.0,
    "PDU power": 7.0
}