{
    "CPU temp": 61.0,
    "CPU load (/proc/stat)(1s)": 0.6491228070175439,
    "CPU power": 7.236797,
    "lo RX": 0.0,
    "lo TX": 0.0,
    "enp3s0 RX": 45013494.0,
    "enp3s0 TX": 120946110.0,
    "wlp2s0 RX": 0.0,
    "wlp2s0 TX": 0.0,
    "PDU power": 11.0
}