{
    "CPU temp": 62.0,
    "CPU load (/proc/stat)(1s)": 0.6811594202898551,
    "CPU power": 7.392742,
    "lo RX": 0.0,
    "lo TX": 0.0,
    "enp3s0 RX": 37202464.0,
    "enp3s0 TX": 122346990.0,
    "wlp2s0 RX": 0.0,
    "wlp2s0 TX": 0.0,
    "PDU power": 11.0
}