{
    "CPU temp": 62.0,
    "CPU load (/proc/stat)(1s)": 0.6510263929618768,
    "CPU power": 7.198651,
    "lo RX": 0.0,
    "lo TX": 0.0,
    "enp3s0 RX": 38549533.0,
    "enp3s0 TX": 120899400.0,
    "wlp2s0 RX": 0.0,
    "wlp2s0 TX": 0.0,
    "PDU power": 10.0
}