{
    "CPU temp": 64.0,
    "CPU load (/proc/stat)(1s)": 0.8538011695906432,
    "CPU power": 8.36625,
    "lo RX": 0.0,
    "lo TX": 0.0,
    "enp3s0 RX": 41395678.0,
    "enp3s0 TX": 122794850.0,
    "wlp2s0 RX": 0.0,
    "wlp2s0 TX": 0.0,
    "PDU power": 12.0
}