{
    "CPU temp": 58.0,
    "CPU load (/proc/stat)(1s)": 0.08074534161490683,
    "CPU power": 3.403067,
    "lo RX": 0.0,
    "lo TX": 0.0,
    "enp3s0 RX": 48795195.0,
    "enp3s0 TX": 120609176.0,
    "wlp2s0 RX": 0.0,
    "wlp2s0 TX": 0.0,
    "PDU power": 10.0
}