{
    "CPU temp": 58.0,
    "CPU load (/proc/stat)(1s)": 0.4111111111111111,
    "CPU power": 5.290574,
    "lo RX": 0.0,
    "lo TX": 0.0,
    "enp3s0 RX": 24771850.0,
    "enp3s0 TX": 74832507.0,
    "wlp2s0 RX": 0.0,
    "wlp2s0 TX": 0.0,
    "PDU power": 10.0
}