{
    "CPU temp": 60.0,
    "CPU load (/proc/stat)(1s)": 0.5429447852760736,
    "CPU power": 6.770918,
    "lo RX": 0.0,
    "lo TX": 0.0,
    "enp3s0 RX": 54574710.0,
    "enp3s0 TX": 121616782.0,
    "wlp2s0 RX": 0.0,
    "wlp2s0 TX": 0.0,
    "PDU power": 11.0
}