{
    "CPU temp": 61.0,
    "CPU load (/proc/stat)(1s)": 0.5379939209726444,
    "CPU power": 6.710005,
    "lo RX": 0.0,
    "lo TX": 0.0,
    "enp3s0 RX": 42072607.0,
    "enp3s0 TX": 121534742.0,
    "wlp2s0 RX": 0.0,
    "wlp2s0 TX": 0.0,
    "PDU power": 11.0
}