{
    "CPU temp": 62.0,
    "CPU load (/proc/stat)(1s)": 0.8385416666666666,
    "CPU power": 8.086527,
    "lo RX": 0.0,
    "lo TX": 0.0,
    "enp3s0 RX": 122287726.0,
    "enp3s0 TX": 111750.0,
    "wlp2s0 RX": 0.0,
    "wlp2s0 TX": 0.0,
    "PDU power": 12.0
}