{
    "CPU temp": 62.0,
    "CPU load (/proc/stat)(1s)": 0.7029411764705882,
    "CPU power": 7.612407,
    "lo RX": 0.0,
    "lo TX": 0.0,
    "enp3s0 RX": 36501621.0,
    "enp3s0 TX": 121425148.0,
    "wlp2s0 RX": 0.0,
    "wlp2s0 TX": 0.0,
    "PDU power": 12.0
}