{
    "CPU temp": 63.0,
    "CPU load (/proc/stat)(1s)": 0.7048192771084337,
    "CPU power": 7.574382,
    "lo RX": 0.0,
    "lo TX": 0.0,
    "enp3s0 RX": 51057873.0,
    "enp3s0 TX": 121171062.0,
    "wlp2s0 RX": 0.0,
    "wlp2s0 TX": 0.0,
    "PDU power": 12.0
}