{
    "CPU temp": 63.0,
    "CPU load (/proc/stat)(1s)": 0.6838905775075987,
    "CPU power": 7.544109,
    "lo RX": 0.0,
    "lo TX": 0.0,
    "enp3s0 RX": 52479388.0,
    "enp3s0 TX": 121208224.0,
    "wlp2s0 RX": 0.0,
    "wlp2s0 TX": 0.0,
    "PDU power": 12.0
}