{
    "CPU temp": 64.0,
    "CPU load (/proc/stat)(1s)": 0.844311377245509,
    "CPU power": 8.307657,
    "lo RX": 0.0,
    "lo TX": 0.0,
    "enp3s0 RX": 30106946.0,
    "enp3s0 TX": 121816630.0,
    "wlp2s0 RX": 0.0,
    "wlp2s0 TX": 0.0,
    "PDU power": 12.0
}