{
    "CPU temp": 65.0,
    "CPU load (/proc/stat)(1s)": 0.8656716417910447,
    "CPU power": 8.48765,
    "lo RX": 0.0,
    "lo TX": 0.0,
    "enp3s0 RX": 51557925.0,
    "enp3s0 TX": 121725664.0,
    "wlp2s0 RX": 0.0,
    "wlp2s0 TX": 0.0,
    "PDU power": 12.0
}