{
    "CPU temp": 56.0,
    "CPU load (/proc/stat)(1s)": 0.022535211267605635,
    "CPU power": 2.490533,
    "lo RX": 0.0,
    "lo TX": 0.0,
    "enp3s0 RX": 58839972.0,
    "enp3s0 TX": 64270682.0,
    "wlp2s0 RX": 0.0,
    "wlp2s0 TX": 0.0,
    "PDU power": 7.0
}