{
    "CPU temp": 55.0,
    "CPU load (/proc/stat)(1s)": 0.028735632183908046,
    "CPU power": 2.503961,
    "lo RX": 0.0,
    "lo TX": 0.0,
    "enp3s0 RX": 2243082.0,
    "enp3s0 TX": 121953232.0,
    "wlp2s0 RX": 0.0,
    "wlp2s0 TX": 0.0,
    "PDU power": 8.0
}