{
    "CPU temp": 53.0,
    "CPU load (/proc/stat)(1s)": 0.06116207951070336,
    "CPU power": 2.162715,
    "lo RX": 0.0,
    "lo TX": 0.0,
    "enp3s0 RX": 2260955.0,
    "enp3s0 TX": 121930360.0,
    "wlp2s0 RX": 0.0,
    "wlp2s0 TX": 0.0,
    "PDU power": 8.0
}