{
    "CPU temp": 55.0,
    "CPU load (/proc/stat)(1s)": 0.20580474934036938,
    "CPU power": 3.68859,
    "lo RX": 0.0,
    "lo TX": 0.0,
    "enp3s0 RX": 121960052.0,
    "enp3s0 TX": 108318.0,
    "wlp2s0 RX": 0.0,
    "wlp2s0 TX": 0.0,
    "PDU power": 9.0
}