{
    "CPU temp": 63.0,
    "CPU load (/proc/stat)(1s)": 0.8315789473684211,
    "CPU power": 8.03715,
    "lo RX": 0.0,
    "lo TX": 0.0,
    "enp3s0 RX": 122621723.0,
    "enp3s0 TX": 106914.0,
    "wlp2s0 RX": 0.0,
    "wlp2s0 TX": 0.0,
    "PDU power": 12.0
}