{
    "CPU temp": 56.0,
    "CPU load (/proc/stat)(1s)": 0.26420454545454547,
    "CPU power": 4.680347,
    "lo RX": 0.0,
    "lo TX": 0.0,
    "enp3s0 RX": 2257205.0,
    "enp3s0 TX": 121167412.0,
    "wlp2s0 RX": 0.0,
    "wlp2s0 TX": 0.0,
    "PDU power": 9.0
}