{
    "CPU temp": 56.0,
    "CPU load (/proc/stat)(1s)": 0.23595505617977527,
    "CPU power": 4.336293,
    "lo RX": 0.0,
    "lo TX": 0.0,
    "enp3s0 RX": 2248662.0,
    "enp3s0 TX": 121379156.0,
    "wlp2s0 RX": 0.0,
    "wlp2s0 TX": 0.0,
    "PDU power": 9.0
}