{
    "CPU temp": 57.0,
    "CPU load (/proc/stat)(1s)": 0.23595505617977527,
    "CPU power": 4.334767,
    "lo RX": 0.0,
    "lo TX": 0.0,
    "enp3s0 RX": 2246580.0,
    "enp3s0 TX": 121006766.0,
    "wlp2s0 RX": 0.0,
    "wlp2s0 TX": 0.0,
    "PDU power": 9.0
}