{
    "CPU temp": 58.0,
    "CPU load (/proc/stat)(1s)": 0.4263157894736842,
    "CPU power": 5.327806,
    "lo RX": 0.0,
    "lo TX": 0.0,
    "enp3s0 RX": 121253259.0,
    "enp3s0 TX": 107304.0,
    "wlp2s0 RX": 0.0,
    "wlp2s0 TX": 0.0,
    "PDU power": 10.0
}