{
    "CPU temp": 59.0,
    "CPU load (/proc/stat)(1s)": 0.6351706036745407,
    "CPU power": 6.593611,
    "lo RX": 0.0,
    "lo TX": 0.0,
    "enp3s0 RX": 117387203.0,
    "enp3s0 TX": 102162.0,
    "wlp2s0 RX": 0.0,
    "wlp2s0 TX": 0.0,
    "PDU power": 11.0
}