{
    "CPU temp": 63.0,
    "CPU load (/proc/stat)(1s)": 0.821522309711286,
    "CPU power": 7.944682,
    "lo RX": 0.0,
    "lo TX": 0.0,
    "enp3s0 RX": 115502232.0,
    "enp3s0 TX": 100812.0,
    "wlp2s0 RX": 0.0,
    "wlp2s0 TX": 0.0,
    "PDU power": 11.0
}