{
    "CPU temp": 64.0,
    "CPU load (/proc/stat)(1s)": 0.8222222222222222,
    "CPU power": 8.05192,
    "lo RX": 0.0,
    "lo TX": 0.0,
    "enp3s0 RX": 29886729.0,
    "enp3s0 TX": 90858744.0,
    "wlp2s0 RX": 0.0,
    "wlp2s0 TX": 0.0,
    "PDU power": 12.0
}