{
    "CPU temp": 58.0,
    "CPU load (/proc/stat)(1s)": 0.633245382585752,
    "CPU power": 6.704084,
    "lo RX": 0.0,
    "lo TX": 0.0,
    "enp3s0 RX": 122331991.0,
    "enp3s0 TX": 107506.0,
    "wlp2s0 RX": 0.0,
    "wlp2s0 TX": 0.0,
    "PDU power": 12.0
}