{
    "CPU temp": 64.0,
    "CPU load (/proc/stat)(1s)": 0.8233618233618234,
    "CPU power": 8.050028,
    "lo RX": 0.0,
    "lo TX": 0.0,
    "enp3s0 RX": 2242110.0,
    "enp3s0 TX": 121068840.0,
    "wlp2s0 RX": 0.0,
    "wlp2s0 TX": 0.0,
    "PDU power": 13.0
}