{
    "CPU temp": 55.0,
    "CPU load (/proc/stat)(1s)": 0.017045454545454544,
    "CPU power": 2.959771,
    "lo RX": 0.0,
    "lo TX": 0.0,
    "enp3s0 RX": 2076567.0,
    "enp3s0 TX": 122419382.0,
    "wlp2s0 RX": 0.0,
    "wlp2s0 TX": 0.0,
    "PDU power": 8.0
}