{
    "CPU temp": 54.0,
    "CPU load (/proc/stat)(1s)": 0.022727272727272728,
    "CPU power": 2.998039,
    "lo RX": 0.0,
    "lo TX": 0.0,
    "enp3s0 RX": 2075741.0,
    "enp3s0 TX": 122272470.0,
    "wlp2s0 RX": 0.0,
    "wlp2s0 TX": 0.0,
    "PDU power": 8.0
}