{
    "CPU temp": 54.0,
    "CPU load (/proc/stat)(1s)": 0.02535211267605634,
    "CPU power": 2.951531,
    "lo RX": 0.0,
    "lo TX": 0.0,
    "enp3s0 RX": 2070773.0,
    "enp3s0 TX": 121638158.0,
    "wlp2s0 RX": 0.0,
    "wlp2s0 TX": 0.0,
    "PDU power": 8.0
}