{
    "CPU temp": 54.0,
    "CPU load (/proc/stat)(1s)": 0.017094017094017096,
    "CPU power": 2.963799,
    "lo RX": 0.0,
    "lo TX": 0.0,
    "enp3s0 RX": 2051202.0,
    "enp3s0 TX": 121398892.0,
    "wlp2s0 RX": 0.0,
    "wlp2s0 TX": 0.0,
    "PDU power": 7.0
}