{
    "CPU temp": 56.0,
    "CPU load (/proc/stat)(1s)": 0.26455026455026454,
    "CPU power": 4.340504,
    "lo RX": 0.0,
    "lo TX": 0.0,
    "enp3s0 RX": 122447762.0,
    "enp3s0 TX": 107130.0,
    "wlp2s0 RX": 0.0,
    "wlp2s0 TX": 0.0,
    "PDU power": 9.0
}