{
    "CPU temp": 56.0,
    "CPU load (/proc/stat)(1s)": 0.21813031161473087,
    "CPU power": 4.327564,
    "lo RX": 0.0,
    "lo TX": 0.0,
    "enp3s0 RX": 2047362.0,
    "enp3s0 TX": 121362556.0,
    "wlp2s0 RX": 0.0,
    "wlp2s0 TX": 0.0,
    "PDU power": 10.0
}