{
    "CPU temp": 56.0,
    "CPU load (/proc/stat)(1s)": 0.26571428571428574,
    "CPU power": 4.675037,
    "lo RX": 0.0,
    "lo TX": 0.0,
    "enp3s0 RX": 2077404.0,
    "enp3s0 TX": 121103662.0,
    "wlp2s0 RX": 0.0,
    "wlp2s0 TX": 0.0,
    "PDU power": 9.0
}