{
    "CPU temp": 57.0,
    "CPU load (/proc/stat)(1s)": 0.43799472295514513,
    "CPU power": 5.429674,
    "lo RX": 0.0,
    "lo TX": 0.0,
    "enp3s0 RX": 122419056.0,
    "enp3s0 TX": 108478.0,
    "wlp2s0 RX": 0.0,
    "wlp2s0 TX": 0.0,
    "PDU power": 9.0
}