{
    "CPU temp": 62.0,
    "CPU load (/proc/stat)(1s)": 0.6195965417867435,
    "CPU power": 6.940046,
    "lo RX": 0.0,
    "lo TX": 0.0,
    "enp3s0 RX": 2058228.0,
    "enp3s0 TX": 120828114.0,
    "wlp2s0 RX": 0.0,
    "wlp2s0 TX": 0.0,
    "PDU power": 11.0
}