{
    "CPU temp": 64.0,
    "CPU load (/proc/stat)(1s)": 0.8314285714285714,
    "CPU power": 8.139932,
    "lo RX": 0.0,
    "lo TX": 0.0,
    "enp3s0 RX": 29463231.0,
    "enp3s0 TX": 95059122.0,
    "wlp2s0 RX": 0.0,
    "wlp2s0 TX": 0.0,
    "PDU power": 12.0
}