{
    "CPU temp": 65.0,
    "CPU load (/proc/stat)(1s)": 0.8252148997134671,
    "CPU power": 8.090617,
    "lo RX": 0.0,
    "lo TX": 0.0,
    "enp3s0 RX": 2048682.0,
    "enp3s0 TX": 121448418.0,
    "wlp2s0 RX": 0.0,
    "wlp2s0 TX": 0.0,
    "PDU power": 13.0
}