{
    "CPU temp": 61.0,
    "CPU load (/proc/stat)(1s)": 0.018666666666666668,
    "CPU power": 2.554254,
    "lo RX": 0.0,
    "lo TX": 0.0,
    "enp3s0 RX": 122398368.0,
    "enp3s0 TX": 109398.0,
    "wlp2s0 RX": 0.0,
    "wlp2s0 TX": 0.0,
    "PDU power": 8.0
}