{
    "CPU temp": 59.0,
    "CPU load (/proc/stat)(1s)": 0.02127659574468085,
    "CPU power": 2.512872,
    "lo RX": 0.0,
    "lo TX": 0.0,
    "enp3s0 RX": 121866512.0,
    "enp3s0 TX": 123708.0,
    "wlp2s0 RX": 0.0,
    "wlp2s0 TX": 0.0,
    "PDU power": 8.0
}