{
    "CPU temp": 55.0,
    "CPU load (/proc/stat)(1s)": 0.031161473087818695,
    "CPU power": 3.004753,
    "lo RX": 0.0,
    "lo TX": 0.0,
    "enp3s0 RX": 2014254.0,
    "enp3s0 TX": 121602000.0,
    "wlp2s0 RX": 0.0,
    "wlp2s0 TX": 0.0,
    "PDU power": 9.0
}