{
    "CPU temp": 54.0,
    "CPU load (/proc/stat)(1s)": 0.01744186046511628,
    "CPU power": 3.069084,
    "lo RX": 0.0,
    "lo TX": 0.0,
    "enp3s0 RX": 2026884.0,
    "enp3s0 TX": 121700232.0,
    "wlp2s0 RX": 0.0,
    "wlp2s0 TX": 0.0,
    "PDU power": 9.0
}