{
    "CPU temp": 54.0,
    "CPU load (/proc/stat)(1s)": 0.16847826086956522,
    "CPU power": 3.171074,
    "lo RX": 0.0,
    "lo TX": 0.0,
    "enp3s0 RX": 12156569.0,
    "enp3s0 TX": 58742477.0,
    "wlp2s0 RX": 0.0,
    "wlp2s0 TX": 0.0,
    "PDU power": 9.0
}