{
    "CPU temp": 55.0,
    "CPU load (/proc/stat)(1s)": 0.19946808510638298,
    "CPU power": 3.858389,
    "lo RX": 0.0,
    "lo TX": 0.0,
    "enp3s0 RX": 122406944.0,
    "enp3s0 TX": 110910.0,
    "wlp2s0 RX": 0.0,
    "wlp2s0 TX": 0.0,
    "PDU power": 8.0
}