{
    "CPU temp": 56.0,
    "CPU load (/proc/stat)(1s)": 0.26011560693641617,
    "CPU power": 4.725757,
    "lo RX": 0.0,
    "lo TX": 0.0,
    "enp3s0 RX": 2154281.0,
    "enp3s0 TX": 123140150.0,
    "wlp2s0 RX": 0.0,
    "wlp2s0 TX": 0.0,
    "PDU power": 10.0
}