{
    "CPU temp": 56.0,
    "CPU load (/proc/stat)(1s)": 0.2471590909090909,
    "CPU power": 4.501026,
    "lo RX": 0.0,
    "lo TX": 0.0,
    "enp3s0 RX": 1990721.0,
    "enp3s0 TX": 121123344.0,
    "wlp2s0 RX": 0.0,
    "wlp2s0 TX": 0.0,
    "PDU power": 10.0
}