{
    "CPU temp": 56.0,
    "CPU load (/proc/stat)(1s)": 0.23121387283236994,
    "CPU power": 4.510731,
    "lo RX": 0.0,
    "lo TX": 0.0,
    "enp3s0 RX": 2055131.0,
    "enp3s0 TX": 121682010.0,
    "wlp2s0 RX": 0.0,
    "wlp2s0 TX": 0.0,
    "PDU power": 8.0
}