{
    "CPU temp": 56.0,
    "CPU load (/proc/stat)(1s)": 0.25507246376811593,
    "CPU power": 4.717212,
    "lo RX": 0.0,
    "lo TX": 0.0,
    "enp3s0 RX": 2023182.0,
    "enp3s0 TX": 121468536.0,
    "wlp2s0 RX": 0.0,
    "wlp2s0 TX": 0.0,
    "PDU power": 10.0
}