{
    "CPU temp": 56.0,
    "CPU load (/proc/stat)(1s)": 0.20630372492836677,
    "CPU power": 4.369862,
    "lo RX": 0.0,
    "lo TX": 0.0,
    "enp3s0 RX": 2121204.0,
    "enp3s0 TX": 119957766.0,
    "wlp2s0 RX": 0.0,
    "wlp2s0 TX": 0.0,
    "PDU power": 9.0
}