{
    "CPU temp": 55.0,
    "CPU load (/proc/stat)(1s)": 0.25196850393700787,
    "CPU power": 4.153798,
    "lo RX": 0.0,
    "lo TX": 0.0,
    "enp3s0 RX": 122305893.0,
    "enp3s0 TX": 121980.0,
    "wlp2s0 RX": 0.0,
    "wlp2s0 TX": 0.0,
    "PDU power": 10.0
}