{
    "CPU temp": 62.0,
    "CPU load (/proc/stat)(1s)": 0.6278409090909091,
    "CPU power": 6.975996,
    "lo RX": 0.0,
    "lo TX": 0.0,
    "enp3s0 RX": 2103880.0,
    "enp3s0 TX": 120732786.0,
    "wlp2s0 RX": 0.0,
    "wlp2s0 TX": 0.0,
    "PDU power": 10.0
}