{
    "CPU temp": 62.0,
    "CPU load (/proc/stat)(1s)": 0.8383561643835616,
    "CPU power": 8.179422,
    "lo RX": 0.0,
    "lo TX": 0.0,
    "enp3s0 RX": 87004099.0,
    "enp3s0 TX": 67868398.0,
    "wlp2s0 RX": 0.0,
    "wlp2s0 TX": 0.0,
    "PDU power": 12.0
}