{
    "CPU temp": 63.0,
    "CPU load (/proc/stat)(1s)": 0.8628571428571429,
    "CPU power": 8.396341,
    "lo RX": 0.0,
    "lo TX": 0.0,
    "enp3s0 RX": 48620739.0,
    "enp3s0 TX": 121533734.0,
    "wlp2s0 RX": 0.0,
    "wlp2s0 TX": 0.0,
    "PDU power": 13.0
}