{
    "CPU temp": 64.0,
    "CPU load (/proc/stat)(1s)": 0.8608695652173913,
    "CPU power": 8.396219,
    "lo RX": 0.0,
    "lo TX": 0.0,
    "enp3s0 RX": 56154265.0,
    "enp3s0 TX": 121249842.0,
    "wlp2s0 RX": 0.0,
    "wlp2s0 TX": 0.0,
    "PDU power": 13.0
}