{
    "CPU temp": 65.0,
    "CPU load (/proc/stat)(1s)": 0.8563049853372434,
    "CPU power": 8.379495,
    "lo RX": 0.0,
    "lo TX": 0.0,
    "enp3s0 RX": 66177947.0,
    "enp3s0 TX": 120744810.0,
    "wlp2s0 RX": 0.0,
    "wlp2s0 TX": 0.0,
    "PDU power": 12.0
}