{
    "CPU temp": 65.0,
    "CPU load (/proc/stat)(1s)": 0.8260869565217391,
    "CPU power": 8.130106,
    "lo RX": 0.0,
    "lo TX": 0.0,
    "enp3s0 RX": 2214270.0,
    "enp3s0 TX": 121948726.0,
    "wlp2s0 RX": 0.0,
    "wlp2s0 TX": 0.0,
    "PDU power": 12.0
}