{
    "CPU temp": 65.0,
    "CPU load (/proc/stat)(1s)": 0.8257142857142857,
    "CPU power": 8.134256,
    "lo RX": 0.0,
    "lo TX": 0.0,
    "enp3s0 RX": 2046024.0,
    "enp3s0 TX": 120823862.0,
    "wlp2s0 RX": 0.0,
    "wlp2s0 TX": 0.0,
    "PDU power": 11.0
}