{
    "CPU temp": 56.0,
    "CPU load (/proc/stat)(1s)": 0.42216358839050133,
    "CPU power": 5.145861,
    "lo RX": 0.0,
    "lo TX": 0.0,
    "enp3s0 RX": 122417542.0,
    "enp3s0 TX": 108316.0,
    "wlp2s0 RX": 0.0,
    "wlp2s0 TX": 0.0,
    "PDU power": 9.0
}