{
    "CPU temp": 58.0,
    "CPU load (/proc/stat)(1s)": 0.04120879120879121,
    "CPU power": 2.506951,
    "lo RX": 0.0,
    "lo TX": 0.0,
    "enp3s0 RX": 122382516.0,
    "enp3s0 TX": 8691580.0,
    "wlp2s0 RX": 0.0,
    "wlp2s0 TX": 0.0,
    "PDU power": 8.0
}