{
    "CPU temp": 55.0,
    "CPU load (/proc/stat)(1s)": 0.014577259475218658,
    "CPU power": 3.02227,
    "lo RX": 0.0,
    "lo TX": 0.0,
    "enp3s0 RX": 2048433.0,
    "enp3s0 TX": 122007130.0,
    "wlp2s0 RX": 0.0,
    "wlp2s0 TX": 0.0,
    "PDU power": 7.0
}