{
    "CPU temp": 55.0,
    "CPU load (/proc/stat)(1s)": 0.020348837209302327,
    "CPU power": 3.030388,
    "lo RX": 0.0,
    "lo TX": 0.0,
    "enp3s0 RX": 1978166.0,
    "enp3s0 TX": 120545178.0,
    "wlp2s0 RX": 0.0,
    "wlp2s0 TX": 0.0,
    "PDU power": 8.0
}