{
    "CPU temp": 56.0,
    "CPU load (/proc/stat)(1s)": 0.23324396782841822,
    "CPU power": 4.095388,
    "lo RX": 0.0,
    "lo TX": 0.0,
    "enp3s0 RX": 122328222.0,
    "enp3s0 TX": 17276698.0,
    "wlp2s0 RX": 0.0,
    "wlp2s0 TX": 0.0,
    "PDU power": 8.0
}