{
    "CPU temp": 57.0,
    "CPU load (/proc/stat)(1s)": 0.42670157068062825,
    "CPU power": 5.377306,
    "lo RX": 0.0,
    "lo TX": 0.0,
    "enp3s0 RX": 120181484.0,
    "enp3s0 TX": 190182.0,
    "wlp2s0 RX": 0.0,
    "wlp2s0 TX": 0.0,
    "PDU power": 10.0
}