{
    "CPU temp": 57.0,
    "CPU load (/proc/stat)(1s)": 0.21037463976945245,
    "CPU power": 4.350819,
    "lo RX": 0.0,
    "lo TX": 0.0,
    "enp3s0 RX": 1908426.0,
    "enp3s0 TX": 121311134.0,
    "wlp2s0 RX": 0.0,
    "wlp2s0 TX": 0.0,
    "PDU power": 9.0
}