{
    "CPU temp": 57.0,
    "CPU load (/proc/stat)(1s)": 0.22028985507246376,
    "CPU power": 4.493763,
    "lo RX": 0.0,
    "lo TX": 0.0,
    "enp3s0 RX": 1918628.0,
    "enp3s0 TX": 120762960.0,
    "wlp2s0 RX": 0.0,
    "wlp2s0 TX": 0.0,
    "PDU power": 9.0
}