{
    "CPU temp": 56.0,
    "CPU load (/proc/stat)(1s)": 0.2792022792022792,
    "CPU power": 4.816638,
    "lo RX": 0.0,
    "lo TX": 0.0,
    "enp3s0 RX": 1922682.0,
    "enp3s0 TX": 120625132.0,
    "wlp2s0 RX": 0.0,
    "wlp2s0 TX": 0.0,
    "PDU power": 9.0
}