{
    "CPU temp": 57.0,
    "CPU load (/proc/stat)(1s)": 0.42857142857142855,
    "CPU power": 5.216723,
    "lo RX": 0.0,
    "lo TX": 0.0,
    "enp3s0 RX": 122297667.0,
    "enp3s0 TX": 113662.0,
    "wlp2s0 RX": 0.0,
    "wlp2s0 TX": 0.0,
    "PDU power": 10.0
}