{
    "CPU temp": 57.0,
    "CPU load (/proc/stat)(1s)": 0.4236842105263158,
    "CPU power": 5.298876,
    "lo RX": 0.0,
    "lo TX": 0.0,
    "enp3s0 RX": 122299718.0,
    "enp3s0 TX": 108802.0,
    "wlp2s0 RX": 0.0,
    "wlp2s0 TX": 0.0,
    "PDU power": 10.0
}