{
    "CPU temp": 57.0,
    "CPU load (/proc/stat)(1s)": 0.43455497382198954,
    "CPU power": 5.224596,
    "lo RX": 0.0,
    "lo TX": 0.0,
    "enp3s0 RX": 122458539.0,
    "enp3s0 TX": 107938.0,
    "wlp2s0 RX": 0.0,
    "wlp2s0 TX": 0.0,
    "PDU power": 10.0
}