{
    "CPU temp": 59.0,
    "CPU load (/proc/stat)(1s)": 0.46174863387978143,
    "CPU power": 5.666978,
    "lo RX": 0.0,
    "lo TX": 0.0,
    "enp3s0 RX": 1351781.0,
    "enp3s0 TX": 76043006.0,
    "wlp2s0 RX": 0.0,
    "wlp2s0 TX": 0.0,
    "PDU power": 9.0
}