{
    "CPU temp": 60.0,
    "CPU load (/proc/stat)(1s)": 0.6206896551724138,
    "CPU power": 6.618025,
    "lo RX": 0.0,
    "lo TX": 0.0,
    "enp3s0 RX": 122431436.0,
    "enp3s0 TX": 107506.0,
    "wlp2s0 RX": 0.0,
    "wlp2s0 TX": 0.0,
    "PDU power": 11.0
}