{
    "CPU temp": 60.0,
    "CPU load (/proc/stat)(1s)": 0.6197916666666666,
    "CPU power": 6.698774,
    "lo RX": 0.0,
    "lo TX": 0.0,
    "enp3s0 RX": 122375150.0,
    "enp3s0 TX": 107400.0,
    "wlp2s0 RX": 0.0,
    "wlp2s0 TX": 0.0,
    "PDU power": 10.0
}