{
    "CPU temp": 61.0,
    "CPU load (/proc/stat)(1s)": 0.6190476190476191,
    "CPU power": 6.652693,
    "lo RX": 0.0,
    "lo TX": 0.0,
    "enp3s0 RX": 122669992.0,
    "enp3s0 TX": 108046.0,
    "wlp2s0 RX": 0.0,
    "wlp2s0 TX": 0.0,
    "PDU power": 10.0
}