{
    "CPU temp": 61.0,
    "CPU load (/proc/stat)(1s)": 0.6304985337243402,
    "CPU power": 7.094037,
    "lo RX": 0.0,
    "lo TX": 0.0,
    "enp3s0 RX": 2204501.0,
    "enp3s0 TX": 122303876.0,
    "wlp2s0 RX": 0.0,
    "wlp2s0 TX": 0.0,
    "PDU power": 11.0
}