{
    "CPU temp": 62.0,
    "CPU load (/proc/stat)(1s)": 0.6443148688046647,
    "CPU power": 7.085553,
    "lo RX": 0.0,
    "lo TX": 0.0,
    "enp3s0 RX": 1974773.0,
    "enp3s0 TX": 121912300.0,
    "wlp2s0 RX": 0.0,
    "wlp2s0 TX": 0.0,
    "PDU power": 11.0
}