{
    "CPU temp": 58.0,
    "CPU load (/proc/stat)(1s)": 0.4230769230769231,
    "CPU power": 4.972704,
    "lo RX": 0.0,
    "lo TX": 0.0,
    "enp3s0 RX": 54175781.0,
    "enp3s0 TX": 50266.0,
    "wlp2s0 RX": 0.0,
    "wlp2s0 TX": 0.0,
    "PDU power": 8.0
}