{
    "CPU temp": 57.0,
    "CPU load (/proc/stat)(1s)": 0.23940149625935161,
    "CPU power": 3.70281,
    "lo RX": 0.0,
    "lo TX": 0.0,
    "enp3s0 RX": 3858.0,
    "enp3s0 TX": 3069.0,
    "wlp2s0 RX": 0.0,
    "wlp2s0 TX": 0.0,
    "PDU power": 10.0
}