{
    "CPU temp": 60.0,
    "CPU load (/proc/stat)(1s)": 0.6363636363636364,
    "CPU power": 6.681807,
    "lo RX": 0.0,
    "lo TX": 0.0,
    "enp3s0 RX": 122316372.0,
    "enp3s0 TX": 107020.0,
    "wlp2s0 RX": 0.0,
    "wlp2s0 TX": 0.0,
    "PDU power": 9.0
}