{
    "CPU temp": 55.0,
    "CPU load (/proc/stat)(1s)": 0.007978723404255319,
    "CPU power": 2.41778,
    "lo RX": 0.0,
    "lo TX": 0.0,
    "enp3s0 RX": 122286092.0,
    "enp3s0 TX": 108724.0,
    "wlp2s0 RX": 0.0,
    "wlp2s0 TX": 0.0,
    "PDU power": 8.0
}