{
    "CPU temp": 53.0,
    "CPU load (/proc/stat)(1s)": 0.026239067055393587,
    "CPU power": 2.46618,
    "lo RX": 0.0,
    "lo TX": 0.0,
    "enp3s0 RX": 2259942.0,
    "enp3s0 TX": 121936416.0,
    "wlp2s0 RX": 0.0,
    "wlp2s0 TX": 0.0,
    "PDU power": 7.0
}