{
    "CPU temp": 52.0,
    "CPU load (/proc/stat)(1s)": 0.020289855072463767,
    "CPU power": 2.434747,
    "lo RX": 0.0,
    "lo TX": 0.0,
    "enp3s0 RX": 2248902.0,
    "enp3s0 TX": 121423170.0,
    "wlp2s0 RX": 0.0,
    "wlp2s0 TX": 0.0,
    "PDU power": 7.0
}