{
    "CPU temp": 54.0,
    "CPU load (/proc/stat)(1s)": 0.19047619047619047,
    "CPU power": 3.741018,
    "lo RX": 0.0,
    "lo TX": 0.0,
    "enp3s0 RX": 121943877.0,
    "enp3s0 TX": 108478.0,
    "wlp2s0 RX": 0.0,
    "wlp2s0 TX": 0.0,
    "PDU power": 9.0
}