{
    "CPU temp": 54.0,
    "CPU load (/proc/stat)(1s)": 0.24736842105263157,
    "CPU power": 4.177053,
    "lo RX": 0.0,
    "lo TX": 0.0,
    "enp3s0 RX": 122026520.0,
    "enp3s0 TX": 107724.0,
    "wlp2s0 RX": 0.0,
    "wlp2s0 TX": 0.0,
    "PDU power": 8.0
}