{
    "CPU temp": 47.0,
    "CPU load (/proc/stat)(1s)": 0.002506265664160401,
    "CPU power": 1.52264,
    "lo RX": 0.0,
    "lo TX": 0.0,
    "enp3s0 RX": 462.0,
    "enp3s0 TX": 348.0,
    "wlp2s0 RX": 0.0,
    "wlp2s0 TX": 0.0,
    "PDU power": 6.0
}