{
    "CPU temp": 53.0,
    "CPU load (/proc/stat)(1s)": 0.23809523809523808,
    "CPU power": 3.990102,
    "lo RX": 0.0,
    "lo TX": 0.0,
    "enp3s0 RX": 120981455.0,
    "enp3s0 TX": 107236.0,
    "wlp2s0 RX": 0.0,
    "wlp2s0 TX": 0.0,
    "PDU power": 10.0
}