{
    "CPU temp": 63.0,
    "CPU load (/proc/stat)(1s)": 0.7313829787234043,
    "CPU power": 7.428569,
    "lo RX": 0.0,
    "lo TX": 0.0,
    "enp3s0 RX": 122362032.0,
    "enp3s0 TX": 109066.0,
    "wlp2s0 RX": 0.0,
    "wlp2s0 TX": 0.0,
    "PDU power": 10.0
}