{
    "CPU temp": 63.0,
    "CPU load (/proc/stat)(1s)": 0.7342105263157894,
    "CPU power": 7.401715,
    "lo RX": 0.0,
    "lo TX": 0.0,
    "enp3s0 RX": 122385101.0,
    "enp3s0 TX": 109964.0,
    "wlp2s0 RX": 0.0,
    "wlp2s0 TX": 0.0,
    "PDU power": 11.0
}