{
    "CPU temp": 63.0,
    "CPU load (/proc/stat)(1s)": 0.6102564102564103,
    "CPU power": 6.34703,
    "lo RX": 0.0,
    "lo TX": 0.0,
    "enp3s0 RX": 76985757.0,
    "enp3s0 TX": 84089.0,
    "wlp2s0 RX": 0.0,
    "wlp2s0 TX": 0.0,
    "PDU power": 10.0
}