{
    "CPU temp": 65.0,
    "CPU load (/proc/stat)(1s)": 0.6461538461538462,
    "CPU power": 6.50273,
    "lo RX": 0.0,
    "lo TX": 0.0,
    "enp3s0 RX": 77881780.0,
    "enp3s0 TX": 84126.0,
    "wlp2s0 RX": 0.0,
    "wlp2s0 TX": 0.0,
    "PDU power": 12.0
}