{
    "CPU temp": 66.0,
    "CPU load (/proc/stat)(1s)": 0.9321148825065274,
    "CPU power": 8.648904,
    "lo RX": 0.0,
    "lo TX": 0.0,
    "enp3s0 RX": 122267924.0,
    "enp3s0 TX": 114292.0,
    "wlp2s0 RX": 0.0,
    "wlp2s0 TX": 0.0,
    "PDU power": 12.0
}