{
    "CPU temp": 67.0,
    "CPU load (/proc/stat)(1s)": 0.9295039164490861,
    "CPU power": 8.638894,
    "lo RX": 0.0,
    "lo TX": 0.0,
    "enp3s0 RX": 122220517.0,
    "enp3s0 TX": 107692.0,
    "wlp2s0 RX": 0.0,
    "wlp2s0 TX": 0.0,
    "PDU power": 12.0
}