{
    "CPU temp": 56.0,
    "CPU load (/proc/stat)(1s)": 0.12433862433862433,
    "CPU power": 3.155998,
    "lo RX": 0.0,
    "lo TX": 0.0,
    "enp3s0 RX": 122387442.0,
    "enp3s0 TX": 128444.0,
    "wlp2s0 RX": 0.0,
    "wlp2s0 TX": 0.0,
    "PDU power": 9.0
}