{
    "CPU temp": 56.0,
    "CPU load (/proc/stat)(1s)": 0.10554089709762533,
    "CPU power": 3.025566,
    "lo RX": 0.0,
    "lo TX": 0.0,
    "enp3s0 RX": 121374380.0,
    "enp3s0 TX": 117930.0,
    "wlp2s0 RX": 0.0,
    "wlp2s0 TX": 0.0,
    "PDU power": 8.0
}