{
    "CPU temp": 56.0,
    "CPU load (/proc/stat)(1s)": 0.1266490765171504,
    "CPU power": 3.148307,
    "lo RX": 0.0,
    "lo TX": 0.0,
    "enp3s0 RX": 122372750.0,
    "enp3s0 TX": 112492.0,
    "wlp2s0 RX": 0.0,
    "wlp2s0 TX": 0.0,
    "PDU power": 9.0
}