{
    "CPU temp": 56.0,
    "CPU load (/proc/stat)(1s)": 0.26063829787234044,
    "CPU power": 4.112416,
    "lo RX": 0.0,
    "lo TX": 0.0,
    "enp3s0 RX": 122272705.0,
    "enp3s0 TX": 121644.0,
    "wlp2s0 RX": 0.0,
    "wlp2s0 TX": 0.0,
    "PDU power": 8.0
}