{
    "CPU temp": 56.0,
    "CPU load (/proc/stat)(1s)": 0.20954907161803712,
    "CPU power": 3.786977,
    "lo RX": 0.0,
    "lo TX": 0.0,
    "enp3s0 RX": 122422203.0,
    "enp3s0 TX": 112616.0,
    "wlp2s0 RX": 0.0,
    "wlp2s0 TX": 0.0,
    "PDU power": 8.0
}