{
    "CPU temp": 56.0,
    "CPU load (/proc/stat)(1s)": 0.2657894736842105,
    "CPU power": 4.190053,
    "lo RX": 0.0,
    "lo TX": 0.0,
    "enp3s0 RX": 122265422.0,
    "enp3s0 TX": 109244.0,
    "wlp2s0 RX": 0.0,
    "wlp2s0 TX": 0.0,
    "PDU power": 9.0
}