{
    "CPU temp": 56.0,
    "CPU load (/proc/stat)(1s)": 0.3438320209973753,
    "CPU power": 4.719287,
    "lo RX": 0.0,
    "lo TX": 0.0,
    "enp3s0 RX": 84155070.0,
    "enp3s0 TX": 89220.0,
    "wlp2s0 RX": 0.0,
    "wlp2s0 TX": 0.0,
    "PDU power": 10.0
}