{
    "CPU temp": 57.0,
    "CPU load (/proc/stat)(1s)": 0.3190348525469169,
    "CPU power": 4.679188,
    "lo RX": 0.0,
    "lo TX": 0.0,
    "enp3s0 RX": 122398728.0,
    "enp3s0 TX": 110640.0,
    "wlp2s0 RX": 0.0,
    "wlp2s0 TX": 0.0,
    "PDU power": 9.0
}