{
    "CPU temp": 58.0,
    "CPU load (/proc/stat)(1s)": 0.4105263157894737,
    "CPU power": 5.037646,
    "lo RX": 0.0,
    "lo TX": 0.0,
    "enp3s0 RX": 122258553.0,
    "enp3s0 TX": 113910.0,
    "wlp2s0 RX": 0.0,
    "wlp2s0 TX": 0.0,
    "PDU power": 10.0
}