{
    "CPU temp": 58.0,
    "CPU load (/proc/stat)(1s)": 0.44881889763779526,
    "CPU power": 5.481859,
    "lo RX": 0.0,
    "lo TX": 0.0,
    "enp3s0 RX": 122387381.0,
    "enp3s0 TX": 109110.0,
    "wlp2s0 RX": 0.0,
    "wlp2s0 TX": 0.0,
    "PDU power": 10.0
}