{
    "CPU temp": 59.0,
    "CPU load (/proc/stat)(1s)": 0.41688654353562005,
    "CPU power": 5.371446,
    "lo RX": 0.0,
    "lo TX": 0.0,
    "enp3s0 RX": 122259313.0,
    "enp3s0 TX": 109878.0,
    "wlp2s0 RX": 0.0,
    "wlp2s0 TX": 0.0,
    "PDU power": 10.0
}