{
    "CPU temp": 62.0,
    "CPU load (/proc/stat)(1s)": 0.837696335078534,
    "CPU power": 8.038248,
    "lo RX": 0.0,
    "lo TX": 0.0,
    "enp3s0 RX": 122348375.0,
    "enp3s0 TX": 107452.0,
    "wlp2s0 RX": 0.0,
    "wlp2s0 TX": 0.0,
    "PDU power": 11.0
}