{
    "CPU temp": 55.0,
    "CPU load (/proc/stat)(1s)": 0.25271739130434784,
    "CPU power": 4.151906,
    "lo RX": 0.0,
    "lo TX": 0.0,
    "enp3s0 RX": 1586838.0,
    "enp3s0 TX": 84656141.0,
    "wlp2s0 RX": 0.0,
    "wlp2s0 TX": 0.0,
    "PDU power": 7.0
}