{
    "CPU temp": 60.0,
    "CPU load (/proc/stat)(1s)": 0.5356200527704486,
    "CPU power": 5.865891,
    "lo RX": 0.0,
    "lo TX": 0.0,
    "enp3s0 RX": 92350507.0,
    "enp3s0 TX": 102902.0,
    "wlp2s0 RX": 0.0,
    "wlp2s0 TX": 0.0,
    "PDU power": 11.0
}