{
    "CPU temp": 62.0,
    "CPU load (/proc/stat)(1s)": 0.6702127659574468,
    "CPU power": 7.147625,
    "lo RX": 0.0,
    "lo TX": 0.0,
    "enp3s0 RX": 121740918.0,
    "enp3s0 TX": 378978.0,
    "wlp2s0 RX": 0.0,
    "wlp2s0 TX": 0.0,
    "PDU power": 11.0
}