{
    "CPU temp": 62.0,
    "CPU load (/proc/stat)(1s)": 0.8257372654155496,
    "CPU power": 8.02122,
    "lo RX": 0.0,
    "lo TX": 0.0,
    "enp3s0 RX": 122280275.0,
    "enp3s0 TX": 126784.0,
    "wlp2s0 RX": 0.0,
    "wlp2s0 TX": 0.0,
    "PDU power": 11.0
}