{
    "CPU temp": 63.0,
    "CPU load (/proc/stat)(1s)": 0.6556473829201102,
    "CPU power": 7.121198,
    "lo RX": 0.0,
    "lo TX": 0.0,
    "enp3s0 RX": 121867162.0,
    "enp3s0 TX": 388164.0,
    "wlp2s0 RX": 0.0,
    "wlp2s0 TX": 0.0,
    "PDU power": 11.0
}