{
    "CPU temp": 62.0,
    "CPU load (/proc/stat)(1s)": 0.6138107416879796,
    "CPU power": 6.37889,
    "lo RX": 0.0,
    "lo TX": 0.0,
    "enp3s0 RX": 33573828.0,
    "enp3s0 TX": 122426.0,
    "wlp2s0 RX": 0.0,
    "wlp2s0 TX": 0.0,
    "PDU power": 11.0
}