{
    "CPU temp": 62.0,
    "CPU load (/proc/stat)(1s)": 0.7315789473684211,
    "CPU power": 7.262738,
    "lo RX": 0.0,
    "lo TX": 0.0,
    "enp3s0 RX": 122398033.0,
    "enp3s0 TX": 127148.0,
    "wlp2s0 RX": 0.0,
    "wlp2s0 TX": 0.0,
    "PDU power": 10.0
}