{
    "CPU temp": 63.0,
    "CPU load (/proc/stat)(1s)": 0.7421052631578947,
    "CPU power": 7.317486,
    "lo RX": 0.0,
    "lo TX": 0.0,
    "enp3s0 RX": 122354581.0,
    "enp3s0 TX": 119190.0,
    "wlp2s0 RX": 0.0,
    "wlp2s0 TX": 0.0,
    "PDU power": 11.0
}