{
    "CPU temp": 63.0,
    "CPU load (/proc/stat)(1s)": 0.7291666666666666,
    "CPU power": 7.29588,
    "lo RX": 0.0,
    "lo TX": 0.0,
    "enp3s0 RX": 122675254.0,
    "enp3s0 TX": 114022.0,
    "wlp2s0 RX": 0.0,
    "wlp2s0 TX": 0.0,
    "PDU power": 10.0
}