{
    "CPU temp": 64.0,
    "CPU load (/proc/stat)(1s)": 0.7248677248677249,
    "CPU power": 7.373882,
    "lo RX": 0.0,
    "lo TX": 0.0,
    "enp3s0 RX": 122386375.0,
    "enp3s0 TX": 108700.0,
    "wlp2s0 RX": 0.0,
    "wlp2s0 TX": 0.0,
    "PDU power": 9.0
}