{
    "CPU temp": 64.0,
    "CPU load (/proc/stat)(1s)": 0.7441253263707572,
    "CPU power": 7.501446,
    "lo RX": 0.0,
    "lo TX": 0.0,
    "enp3s0 RX": 115775388.0,
    "enp3s0 TX": 118826.0,
    "wlp2s0 RX": 0.0,
    "wlp2s0 TX": 0.0,
    "PDU power": 11.0
}