{
    "CPU temp": 63.0,
    "CPU load (/proc/stat)(1s)": 0.5575916230366492,
    "CPU power": 5.876755,
    "lo RX": 0.0,
    "lo TX": 0.0,
    "enp3s0 RX": 69718388.0,
    "enp3s0 TX": 86945.0,
    "wlp2s0 RX": 0.0,
    "wlp2s0 TX": 0.0,
    "PDU power": 11.0
}