{
    "CPU temp": 64.0,
    "CPU load (/proc/stat)(1s)": 0.8306878306878307,
    "CPU power": 8.020793,
    "lo RX": 0.0,
    "lo TX": 0.0,
    "enp3s0 RX": 122901277.0,
    "enp3s0 TX": 122948.0,
    "wlp2s0 RX": 0.0,
    "wlp2s0 TX": 0.0,
    "PDU power": 12.0
}