{
    "CPU temp": 56.0,
    "CPU load (/proc/stat)(1s)": 0.4605263157894737,
    "CPU power": 5.545884,
    "lo RX": 0.0,
    "lo TX": 0.0,
    "enp3s0 RX": 120435119.0,
    "enp3s0 TX": 104968.0,
    "wlp2s0 RX": 0.0,
    "wlp2s0 TX": 0.0,
    "PDU power": 9.0
}