{
    "CPU temp": 65.0,
    "CPU load (/proc/stat)(1s)": 0.8236842105263158,
    "CPU power": 7.942789,
    "lo RX": 0.0,
    "lo TX": 0.0,
    "enp3s0 RX": 122407512.0,
    "enp3s0 TX": 113664.0,
    "wlp2s0 RX": 0.0,
    "wlp2s0 TX": 0.0,
    "PDU power": 12.0
}