{
    "CPU temp": 65.0,
    "CPU load (/proc/stat)(1s)": 0.9340369393139841,
    "CPU power": 8.671364,
    "lo RX": 0.0,
    "lo TX": 0.0,
    "enp3s0 RX": 122496749.0,
    "enp3s0 TX": 121168.0,
    "wlp2s0 RX": 0.0,
    "wlp2s0 TX": 0.0,
    "PDU power": 12.0
}