{
    "CPU temp": 65.0,
    "CPU load (/proc/stat)(1s)": 0.37730870712401055,
    "CPU power": 4.977832,
    "lo RX": 0.0,
    "lo TX": 0.0,
    "enp3s0 RX": 117407930.0,
    "enp3s0 TX": 133132.0,
    "wlp2s0 RX": 0.0,
    "wlp2s0 TX": 0.0,
    "PDU power": 8.0
}