{
    "CPU temp": 63.0,
    "CPU load (/proc/stat)(1s)": 0.034759358288770054,
    "CPU power": 2.796136,
    "lo RX": 0.0,
    "lo TX": 0.0,
    "enp3s0 RX": 122410212.0,
    "enp3s0 TX": 120216.0,
    "wlp2s0 RX": 0.0,
    "wlp2s0 TX": 0.0,
    "PDU power": 8.0
}