{
    "CPU temp": 61.0,
    "CPU load (/proc/stat)(1s)": 0.026525198938992044,
    "CPU power": 2.604913,
    "lo RX": 0.0,
    "lo TX": 0.0,
    "enp3s0 RX": 122438917.0,
    "enp3s0 TX": 112356.0,
    "wlp2s0 RX": 0.0,
    "wlp2s0 TX": 0.0,
    "PDU power": 7.0
}