{
    "CPU temp": 59.0,
    "CPU load (/proc/stat)(1s)": 0.029023746701846966,
    "CPU power": 2.555719,
    "lo RX": 0.0,
    "lo TX": 0.0,
    "enp3s0 RX": 122414167.0,
    "enp3s0 TX": 114648.0,
    "wlp2s0 RX": 0.0,
    "wlp2s0 TX": 0.0,
    "PDU power": 8.0
}