{
    "CPU temp": 58.0,
    "CPU load (/proc/stat)(1s)": 0.024128686327077747,
    "CPU power": 2.59295,
    "lo RX": 0.0,
    "lo TX": 0.0,
    "enp3s0 RX": 122410032.0,
    "enp3s0 TX": 120672.0,
    "wlp2s0 RX": 0.0,
    "wlp2s0 TX": 0.0,
    "PDU power": 7.0
}