{
    "CPU temp": 57.0,
    "CPU load (/proc/stat)(1s)": 0.08831168831168831,
    "CPU power": 2.657586,
    "lo RX": 0.0,
    "lo TX": 0.0,
    "enp3s0 RX": 71034840.0,
    "enp3s0 TX": 77509.0,
    "wlp2s0 RX": 0.0,
    "wlp2s0 TX": 0.0,
    "PDU power": 7.0
}