{
    "CPU temp": 56.0,
    "CPU load (/proc/stat)(1s)": 0.10344827586206896,
    "CPU power": 3.041618,
    "lo RX": 0.0,
    "lo TX": 0.0,
    "enp3s0 RX": 121886091.0,
    "enp3s0 TX": 142176.0,
    "wlp2s0 RX": 0.0,
    "wlp2s0 TX": 0.0,
    "PDU power": 8.0
}