{
    "CPU temp": 63.0,
    "CPU load (/proc/stat)(1s)": 0.8255208333333334,
    "CPU power": 7.994914,
    "lo RX": 0.0,
    "lo TX": 0.0,
    "enp3s0 RX": 122358883.0,
    "enp3s0 TX": 109180.0,
    "wlp2s0 RX": 0.0,
    "wlp2s0 TX": 0.0,
    "PDU power": 10.0
}