{
    "CPU temp": 56.0,
    "CPU load (/proc/stat)(1s)": 0.12162162162162163,
    "CPU power": 3.404471,
    "lo RX": 0.0,
    "lo TX": 0.0,
    "enp3s0 RX": 122404635.0,
    "enp3s0 TX": 114848.0,
    "wlp2s0 RX": 0.0,
    "wlp2s0 TX": 0.0,
    "PDU power": 9.0
}