{
    "CPU temp": 56.0,
    "CPU load (/proc/stat)(1s)": 0.11904761904761904,
    "CPU power": 3.14611,
    "lo RX": 0.0,
    "lo TX": 0.0,
    "enp3s0 RX": 122454206.0,
    "enp3s0 TX": 119388.0,
    "wlp2s0 RX": 0.0,
    "wlp2s0 TX": 0.0,
    "PDU power": 7.0
}