{
    "CPU temp": 56.0,
    "CPU load (/proc/stat)(1s)": 0.11548556430446194,
    "CPU power": 3.003105,
    "lo RX": 0.0,
    "lo TX": 0.0,
    "enp3s0 RX": 105809840.0,
    "enp3s0 TX": 94846.0,
    "wlp2s0 RX": 0.0,
    "wlp2s0 TX": 0.0,
    "PDU power": 9.0
}