{
    "CPU temp": 57.0,
    "CPU load (/proc/stat)(1s)": 0.21750663129973474,
    "CPU power": 4.031545,
    "lo RX": 0.0,
    "lo TX": 0.0,
    "enp3s0 RX": 122079810.0,
    "enp3s0 TX": 108132.0,
    "wlp2s0 RX": 0.0,
    "wlp2s0 TX": 0.0,
    "PDU power": 8.0
}