{
    "CPU temp": 61.0,
    "CPU load (/proc/stat)(1s)": 0.09283819628647215,
    "CPU power": 3.082695,
    "lo RX": 0.0,
    "lo TX": 0.0,
    "enp3s0 RX": 118218577.0,
    "enp3s0 TX": 122526.0,
    "wlp2s0 RX": 0.0,
    "wlp2s0 TX": 0.0,
    "PDU power": 9.0
}