{
    "CPU temp": 56.0,
    "CPU load (/proc/stat)(1s)": 0.21354166666666666,
    "CPU power": 3.778799,
    "lo RX": 0.0,
    "lo TX": 0.0,
    "enp3s0 RX": 96114581.0,
    "enp3s0 TX": 85938.0,
    "wlp2s0 RX": 0.0,
    "wlp2s0 TX": 0.0,
    "PDU power": 8.0
}