{
    "CPU temp": 57.0,
    "CPU load (/proc/stat)(1s)": 0.3113456464379947,
    "CPU power": 4.370594,
    "lo RX": 0.0,
    "lo TX": 0.0,
    "enp3s0 RX": 122395579.0,
    "enp3s0 TX": 124118.0,
    "wlp2s0 RX": 0.0,
    "wlp2s0 TX": 0.0,
    "PDU power": 10.0
}