{
    "CPU temp": 57.0,
    "CPU load (/proc/stat)(1s)": 0.29894179894179895,
    "CPU power": 4.480213,
    "lo RX": 0.0,
    "lo TX": 0.0,
    "enp3s0 RX": 122307708.0,
    "enp3s0 TX": 136240.0,
    "wlp2s0 RX": 0.0,
    "wlp2s0 TX": 0.0,
    "PDU power": 8.0
}