{
    "CPU temp": 58.0,
    "CPU load (/proc/stat)(1s)": 0.34564643799472294,
    "CPU power": 4.780506,
    "lo RX": 0.0,
    "lo TX": 0.0,
    "enp3s0 RX": 122478401.0,
    "enp3s0 TX": 109078.0,
    "wlp2s0 RX": 0.0,
    "wlp2s0 TX": 0.0,
    "PDU power": 9.0
}