{
    "CPU temp": 57.0,
    "CPU load (/proc/stat)(1s)": 0.27202072538860106,
    "CPU power": 4.088491,
    "lo RX": 0.0,
    "lo TX": 0.0,
    "enp3s0 RX": 81242551.0,
    "enp3s0 TX": 75667.0,
    "wlp2s0 RX": 0.0,
    "wlp2s0 TX": 0.0,
    "PDU power": 7.0
}