{
    "CPU temp": 59.0,
    "CPU load (/proc/stat)(1s)": 0.41424802110817943,
    "CPU power": 5.295702,
    "lo RX": 0.0,
    "lo TX": 0.0,
    "enp3s0 RX": 122409178.0,
    "enp3s0 TX": 111434.0,
    "wlp2s0 RX": 0.0,
    "wlp2s0 TX": 0.0,
    "PDU power": 8.0
}