{
    "CPU temp": 59.0,
    "CPU load (/proc/stat)(1s)": 0.46153846153846156,
    "CPU power": 5.476243,
    "lo RX": 0.0,
    "lo TX": 0.0,
    "enp3s0 RX": 117095599.0,
    "enp3s0 TX": 105567.0,
    "wlp2s0 RX": 0.0,
    "wlp2s0 TX": 0.0,
    "PDU power": 11.0
}