{
    "CPU temp": 60.0,
    "CPU load (/proc/stat)(1s)": 0.5224274406332454,
    "CPU power": 6.095749,
    "lo RX": 0.0,
    "lo TX": 0.0,
    "enp3s0 RX": 122487726.0,
    "enp3s0 TX": 108102.0,
    "wlp2s0 RX": 0.0,
    "wlp2s0 TX": 0.0,
    "PDU power": 10.0
}