{
    "CPU temp": 60.0,
    "CPU load (/proc/stat)(1s)": 0.5102564102564102,
    "CPU power": 5.760788,
    "lo RX": 0.0,
    "lo TX": 0.0,
    "enp3s0 RX": 51687947.0,
    "enp3s0 TX": 46998.0,
    "wlp2s0 RX": 0.0,
    "wlp2s0 TX": 0.0,
    "PDU power": 8.0
}