{
    "CPU temp": 62.0,
    "CPU load (/proc/stat)(1s)": 0.49624060150375937,
    "CPU power": 5.372912,
    "lo RX": 0.0,
    "lo TX": 0.0,
    "enp3s0 RX": 4757.0,
    "enp3s0 TX": 12753.0,
    "wlp2s0 RX": 0.0,
    "wlp2s0 TX": 0.0,
    "PDU power": 9.0
}