{
    "CPU temp": 63.0,
    "CPU load (/proc/stat)(1s)": 0.7361477572559367,
    "CPU power": 7.48814,
    "lo RX": 0.0,
    "lo TX": 0.0,
    "enp3s0 RX": 122629294.0,
    "enp3s0 TX": 109682.0,
    "wlp2s0 RX": 0.0,
    "wlp2s0 TX": 0.0,
    "PDU power": 11.0
}