{
    "CPU temp": 63.0,
    "CPU load (/proc/stat)(1s)": 0.7241379310344828,
    "CPU power": 7.381389,
    "lo RX": 0.0,
    "lo TX": 0.0,
    "enp3s0 RX": 122487306.0,
    "enp3s0 TX": 109260.0,
    "wlp2s0 RX": 0.0,
    "wlp2s0 TX": 0.0,
    "PDU power": 11.0
}