{
    "CPU temp": 63.0,
    "CPU load (/proc/stat)(1s)": 0.640625,
    "CPU power": 6.664167,
    "lo RX": 0.0,
    "lo TX": 0.0,
    "enp3s0 RX": 99907567.0,
    "enp3s0 TX": 91361.0,
    "wlp2s0 RX": 0.0,
    "wlp2s0 TX": 0.0,
    "PDU power": 9.0
}