{
    "CPU temp": 64.0,
    "CPU load (/proc/stat)(1s)": 0.8219895287958116,
    "CPU power": 7.932719,
    "lo RX": 0.0,
    "lo TX": 0.0,
    "enp3s0 RX": 122230487.0,
    "enp3s0 TX": 111190.0,
    "wlp2s0 RX": 0.0,
    "wlp2s0 TX": 0.0,
    "PDU power": 11.0
}