{
    "CPU temp": 65.0,
    "CPU load (/proc/stat)(1s)": 0.8298969072164949,
    "CPU power": 8.016154,
    "lo RX": 0.0,
    "lo TX": 0.0,
    "enp3s0 RX": 122810498.0,
    "enp3s0 TX": 109502.0,
    "wlp2s0 RX": 0.0,
    "wlp2s0 TX": 0.0,
    "PDU power": 12.0
}