{
    "CPU temp": 56.0,
    "CPU load (/proc/stat)(1s)": 0.010666666666666666,
    "CPU power": 2.456781,
    "lo RX": 0.0,
    "lo TX": 0.0,
    "enp3s0 RX": 122295355.0,
    "enp3s0 TX": 107938.0,
    "wlp2s0 RX": 0.0,
    "wlp2s0 TX": 0.0,
    "PDU power": 8.0
}