{
    "CPU temp": 58.0,
    "CPU load (/proc/stat)(1s)": 0.4166666666666667,
    "CPU power": 5.688645,
    "lo RX": 0.0,
    "lo TX": 0.0,
    "enp3s0 RX": 2204681.0,
    "enp3s0 TX": 118746364.0,
    "wlp2s0 RX": 0.0,
    "wlp2s0 TX": 0.0,
    "PDU power": 10.0
}