{
    "CPU temp": 56.0,
    "CPU load (/proc/stat)(1s)": 0.021164021164021163,
    "CPU power": 2.46911,
    "lo RX": 0.0,
    "lo TX": 0.0,
    "enp3s0 RX": 122403916.0,
    "enp3s0 TX": 109048.0,
    "wlp2s0 RX": 0.0,
    "wlp2s0 TX": 0.0,
    "PDU power": 6.0
}