{
    "CPU temp": 56.0,
    "CPU load (/proc/stat)(1s)": 0.17380352644836272,
    "CPU power": 3.016777,
    "lo RX": 0.0,
    "lo TX": 0.0,
    "enp3s0 RX": 4046.0,
    "enp3s0 TX": 4283.0,
    "wlp2s0 RX": 0.0,
    "wlp2s0 TX": 0.0,
    "PDU power": 8.0
}