{
    "CPU temp": 56.0,
    "CPU load (/proc/stat)(1s)": 0.09234828496042216,
    "CPU power": 3.019158,
    "lo RX": 0.0,
    "lo TX": 0.0,
    "enp3s0 RX": 122449515.0,
    "enp3s0 TX": 111102.0,
    "wlp2s0 RX": 0.0,
    "wlp2s0 TX": 0.0,
    "PDU power": 9.0
}