{
    "CPU temp": 56.0,
    "CPU load (/proc/stat)(1s)": 0.27154046997389036,
    "CPU power": 4.060048,
    "lo RX": 0.0,
    "lo TX": 0.0,
    "enp3s0 RX": 91082195.0,
    "enp3s0 TX": 106960.0,
    "wlp2s0 RX": 0.0,
    "wlp2s0 TX": 0.0,
    "PDU power": 8.0
}