{
    "CPU temp": 58.0,
    "CPU load (/proc/stat)(1s)": 0.3835227272727273,
    "CPU power": 5.379198,
    "lo RX": 0.0,
    "lo TX": 0.0,
    "enp3s0 RX": 2256282.0,
    "enp3s0 TX": 121883372.0,
    "wlp2s0 RX": 0.0,
    "wlp2s0 TX": 0.0,
    "PDU power": 10.0
}