{
    "CPU temp": 56.0,
    "CPU load (/proc/stat)(1s)": 0.25857519788918204,
    "CPU power": 4.212514,
    "lo RX": 0.0,
    "lo TX": 0.0,
    "enp3s0 RX": 122457206.0,
    "enp3s0 TX": 117358.0,
    "wlp2s0 RX": 0.0,
    "wlp2s0 TX": 0.0,
    "PDU power": 9.0
}