{
    "CPU temp": 56.0,
    "CPU load (/proc/stat)(1s)": 0.17333333333333334,
    "CPU power": 3.763967,
    "lo RX": 0.0,
    "lo TX": 0.0,
    "enp3s0 RX": 122420869.0,
    "enp3s0 TX": 109054.0,
    "wlp2s0 RX": 0.0,
    "wlp2s0 TX": 0.0,
    "PDU power": 8.0
}