{
    "CPU temp": 57.0,
    "CPU load (/proc/stat)(1s)": 0.3103448275862069,
    "CPU power": 4.609729,
    "lo RX": 0.0,
    "lo TX": 0.0,
    "enp3s0 RX": 122397919.0,
    "enp3s0 TX": 108210.0,
    "wlp2s0 RX": 0.0,
    "wlp2s0 TX": 0.0,
    "PDU power": 10.0
}