{
    "CPU temp": 57.0,
    "CPU load (/proc/stat)(1s)": 0.3368421052631579,
    "CPU power": 4.801868,
    "lo RX": 0.0,
    "lo TX": 0.0,
    "enp3s0 RX": 122368147.0,
    "enp3s0 TX": 109268.0,
    "wlp2s0 RX": 0.0,
    "wlp2s0 TX": 0.0,
    "PDU power": 8.0
}