{
    "CPU temp": 58.0,
    "CPU load (/proc/stat)(1s)": 0.33509234828496043,
    "CPU power": 4.938708,
    "lo RX": 0.0,
    "lo TX": 0.0,
    "enp3s0 RX": 122040506.0,
    "enp3s0 TX": 114750.0,
    "wlp2s0 RX": 0.0,
    "wlp2s0 TX": 0.0,
    "PDU power": 9.0
}