{
    "CPU temp": 57.0,
    "CPU load (/proc/stat)(1s)": 0.30357142857142855,
    "CPU power": 4.222218,
    "lo RX": 0.0,
    "lo TX": 0.0,
    "enp3s0 RX": 40702474.0,
    "enp3s0 TX": 37422.0,
    "wlp2s0 RX": 0.0,
    "wlp2s0 TX": 0.0,
    "PDU power": 8.0
}