{
    "CPU temp": 58.0,
    "CPU load (/proc/stat)(1s)": 0.46684350132625996,
    "CPU power": 5.523728,
    "lo RX": 0.0,
    "lo TX": 0.0,
    "enp3s0 RX": 120621656.0,
    "enp3s0 TX": 131814.0,
    "wlp2s0 RX": 0.0,
    "wlp2s0 TX": 0.0,
    "PDU power": 9.0
}