{
    "CPU temp": 58.0,
    "CPU load (/proc/stat)(1s)": 0.4148936170212766,
    "CPU power": 5.425096,
    "lo RX": 0.0,
    "lo TX": 0.0,
    "enp3s0 RX": 122413599.0,
    "enp3s0 TX": 112042.0,
    "wlp2s0 RX": 0.0,
    "wlp2s0 TX": 0.0,
    "PDU power": 11.0
}