{
    "CPU temp": 58.0,
    "CPU load (/proc/stat)(1s)": 0.4523809523809524,
    "CPU power": 5.63524,
    "lo RX": 0.0,
    "lo TX": 0.0,
    "enp3s0 RX": 122398039.0,
    "enp3s0 TX": 108966.0,
    "wlp2s0 RX": 0.0,
    "wlp2s0 TX": 0.0,
    "PDU power": 9.0
}