{
    "CPU temp": 59.0,
    "CPU load (/proc/stat)(1s)": 0.43882978723404253,
    "CPU power": 5.617783,
    "lo RX": 0.0,
    "lo TX": 0.0,
    "enp3s0 RX": 122413854.0,
    "enp3s0 TX": 109458.0,
    "wlp2s0 RX": 0.0,
    "wlp2s0 TX": 0.0,
    "PDU power": 10.0
}