{
    "CPU temp": 59.0,
    "CPU load (/proc/stat)(1s)": 0.3776595744680851,
    "CPU power": 4.995959,
    "lo RX": 0.0,
    "lo TX": 0.0,
    "enp3s0 RX": 122411874.0,
    "enp3s0 TX": 108710.0,
    "wlp2s0 RX": 0.0,
    "wlp2s0 TX": 0.0,
    "PDU power": 9.0
}