{
    "CPU temp": 59.0,
    "CPU load (/proc/stat)(1s)": 0.5320855614973262,
    "CPU power": 6.108261,
    "lo RX": 0.0,
    "lo TX": 0.0,
    "enp3s0 RX": 122404903.0,
    "enp3s0 TX": 110898.0,
    "wlp2s0 RX": 0.0,
    "wlp2s0 TX": 0.0,
    "PDU power": 10.0
}