{
    "CPU temp": 60.0,
    "CPU load (/proc/stat)(1s)": 0.5287958115183246,
    "CPU power": 6.09819,
    "lo RX": 0.0,
    "lo TX": 0.0,
    "enp3s0 RX": 122627660.0,
    "enp3s0 TX": 111664.0,
    "wlp2s0 RX": 0.0,
    "wlp2s0 TX": 0.0,
    "PDU power": 9.0
}