{
    "CPU temp": 62.0,
    "CPU load (/proc/stat)(1s)": 0.633245382585752,
    "CPU power": 6.827192,
    "lo RX": 0.0,
    "lo TX": 0.0,
    "enp3s0 RX": 122418470.0,
    "enp3s0 TX": 109604.0,
    "wlp2s0 RX": 0.0,
    "wlp2s0 TX": 0.0,
    "PDU power": 11.0
}