{
    "CPU temp": 62.0,
    "CPU load (/proc/stat)(1s)": 0.7210526315789474,
    "CPU power": 7.368756,
    "lo RX": 0.0,
    "lo TX": 0.0,
    "enp3s0 RX": 122458659.0,
    "enp3s0 TX": 107546.0,
    "wlp2s0 RX": 0.0,
    "wlp2s0 TX": 0.0,
    "PDU power": 11.0
}