{
    "CPU temp": 64.0,
    "CPU load (/proc/stat)(1s)": 0.8372703412073491,
    "CPU power": 8.019083,
    "lo RX": 0.0,
    "lo TX": 0.0,
    "enp3s0 RX": 122526610.0,
    "enp3s0 TX": 106782.0,
    "wlp2s0 RX": 0.0,
    "wlp2s0 TX": 0.0,
    "PDU power": 12.0
}