{
    "CPU temp": 64.0,
    "CPU load (/proc/stat)(1s)": 0.8364116094986808,
    "CPU power": 8.01713,
    "lo RX": 0.0,
    "lo TX": 0.0,
    "enp3s0 RX": 122512010.0,
    "enp3s0 TX": 110228.0,
    "wlp2s0 RX": 0.0,
    "wlp2s0 TX": 0.0,
    "PDU power": 11.0
}