{
    "CPU temp": 62.0,
    "CPU load (/proc/stat)(1s)": 0.8320209973753281,
    "CPU power": 8.040263,
    "lo RX": 0.0,
    "lo TX": 0.0,
    "enp3s0 RX": 122327029.0,
    "enp3s0 TX": 106944.0,
    "wlp2s0 RX": 0.0,
    "wlp2s0 TX": 0.0,
    "PDU power": 11.0
}