{
    "CPU temp": 55.0,
    "CPU load (/proc/stat)(1s)": 0.2125984251968504,
    "CPU power": 3.707327,
    "lo RX": 0.0,
    "lo TX": 0.0,
    "enp3s0 RX": 122381474.0,
    "enp3s0 TX": 108510.0,
    "wlp2s0 RX": 0.0,
    "wlp2s0 TX": 0.0,
    "PDU power": 9.0
}