{
    "CPU temp": 65.0,
    "CPU load (/proc/stat)(1s)": 0.8253968253968254,
    "CPU power": 8.010294,
    "lo RX": 0.0,
    "lo TX": 0.0,
    "enp3s0 RX": 122520973.0,
    "enp3s0 TX": 109410.0,
    "wlp2s0 RX": 0.0,
    "wlp2s0 TX": 0.0,
    "PDU power": 11.0
}