{
    "CPU temp": 66.0,
    "CPU load (/proc/stat)(1s)": 0.8753315649867374,
    "CPU power": 8.291178,
    "lo RX": 0.0,
    "lo TX": 0.0,
    "enp3s0 RX": 116066811.0,
    "enp3s0 TX": 113728.0,
    "wlp2s0 RX": 0.0,
    "wlp2s0 TX": 0.0,
    "PDU power": 9.0
}