{
    "CPU temp": 61.0,
    "CPU load (/proc/stat)(1s)": 0.023809523809523808,
    "CPU power": 2.522576,
    "lo RX": 0.0,
    "lo TX": 0.0,
    "enp3s0 RX": 122511788.0,
    "enp3s0 TX": 113154.0,
    "wlp2s0 RX": 0.0,
    "wlp2s0 TX": 0.0,
    "PDU power": 8.0
}