{
    "CPU temp": 59.0,
    "CPU load (/proc/stat)(1s)": 0.023746701846965697,
    "CPU power": 2.52868,
    "lo RX": 0.0,
    "lo TX": 0.0,
    "enp3s0 RX": 122518920.0,
    "enp3s0 TX": 108564.0,
    "wlp2s0 RX": 0.0,
    "wlp2s0 TX": 0.0,
    "PDU power": 8.0
}