{
    "CPU temp": 58.0,
    "CPU load (/proc/stat)(1s)": 0.031746031746031744,
    "CPU power": 2.611504,
    "lo RX": 0.0,
    "lo TX": 0.0,
    "enp3s0 RX": 122532785.0,
    "enp3s0 TX": 110856.0,
    "wlp2s0 RX": 0.0,
    "wlp2s0 TX": 0.0,
    "PDU power": 8.0
}