{
    "CPU temp": 57.0,
    "CPU load (/proc/stat)(1s)": 0.0160857908847185,
    "CPU power": 2.630487,
    "lo RX": 0.0,
    "lo TX": 0.0,
    "enp3s0 RX": 122026085.0,
    "enp3s0 TX": 107778.0,
    "wlp2s0 RX": 0.0,
    "wlp2s0 TX": 0.0,
    "PDU power": 9.0
}