{
    "CPU temp": 57.0,
    "CPU load (/proc/stat)(1s)": 0.11764705882352941,
    "CPU power": 3.240958,
    "lo RX": 0.0,
    "lo TX": 0.0,
    "enp3s0 RX": 122499598.0,
    "enp3s0 TX": 119912.0,
    "wlp2s0 RX": 0.0,
    "wlp2s0 TX": 0.0,
    "PDU power": 8.0
}