{
    "CPU temp": 56.0,
    "CPU load (/proc/stat)(1s)": 0.1196808510638298,
    "CPU power": 3.286002,
    "lo RX": 0.0,
    "lo TX": 0.0,
    "enp3s0 RX": 122613420.0,
    "enp3s0 TX": 110358.0,
    "wlp2s0 RX": 0.0,
    "wlp2s0 TX": 0.0,
    "PDU power": 8.0
}