{
    "CPU temp": 56.0,
    "CPU load (/proc/stat)(1s)": 0.1503957783641161,
    "CPU power": 3.343498,
    "lo RX": 0.0,
    "lo TX": 0.0,
    "enp3s0 RX": 122529817.0,
    "enp3s0 TX": 109014.0,
    "wlp2s0 RX": 0.0,
    "wlp2s0 TX": 0.0,
    "PDU power": 8.0
}