{
    "CPU temp": 55.0,
    "CPU load (/proc/stat)(1s)": 0.20320855614973263,
    "CPU power": 3.94872,
    "lo RX": 0.0,
    "lo TX": 0.0,
    "enp3s0 RX": 122350145.0,
    "enp3s0 TX": 112180.0,
    "wlp2s0 RX": 0.0,
    "wlp2s0 TX": 0.0,
    "PDU power": 9.0
}