{
    "CPU temp": 56.0,
    "CPU load (/proc/stat)(1s)": 0.15343915343915343,
    "CPU power": 3.390372,
    "lo RX": 0.0,
    "lo TX": 0.0,
    "enp3s0 RX": 122497049.0,
    "enp3s0 TX": 109658.0,
    "wlp2s0 RX": 0.0,
    "wlp2s0 TX": 0.0,
    "PDU power": 8.0
}