{
    "CPU temp": 56.0,
    "CPU load (/proc/stat)(1s)": 0.12928759894459102,
    "CPU power": 3.251761,
    "lo RX": 0.0,
    "lo TX": 0.0,
    "enp3s0 RX": 122552079.0,
    "enp3s0 TX": 109084.0,
    "wlp2s0 RX": 0.0,
    "wlp2s0 TX": 0.0,
    "PDU power": 8.0
}