{
    "CPU temp": 56.0,
    "CPU load (/proc/stat)(1s)": 0.20159151193633953,
    "CPU power": 3.847951,
    "lo RX": 0.0,
    "lo TX": 0.0,
    "enp3s0 RX": 122523941.0,
    "enp3s0 TX": 111644.0,
    "wlp2s0 RX": 0.0,
    "wlp2s0 TX": 0.0,
    "PDU power": 9.0
}