{
    "CPU temp": 56.0,
    "CPU load (/proc/stat)(1s)": 0.3161953727506427,
    "CPU power": 4.454212,
    "lo RX": 0.0,
    "lo TX": 0.0,
    "enp3s0 RX": 43221390.0,
    "enp3s0 TX": 57710.0,
    "wlp2s0 RX": 0.0,
    "wlp2s0 TX": 0.0,
    "PDU power": 9.0
}