{
    "CPU temp": 57.0,
    "CPU load (/proc/stat)(1s)": 0.30606860158311344,
    "CPU power": 4.508106,
    "lo RX": 0.0,
    "lo TX": 0.0,
    "enp3s0 RX": 122538947.0,
    "enp3s0 TX": 115646.0,
    "wlp2s0 RX": 0.0,
    "wlp2s0 TX": 0.0,
    "PDU power": 9.0
}