{
    "CPU temp": 57.0,
    "CPU load (/proc/stat)(1s)": 0.32545931758530183,
    "CPU power": 4.608143,
    "lo RX": 0.0,
    "lo TX": 0.0,
    "enp3s0 RX": 122504379.0,
    "enp3s0 TX": 109212.0,
    "wlp2s0 RX": 0.0,
    "wlp2s0 TX": 0.0,
    "PDU power": 9.0
}