{
    "CPU temp": 57.0,
    "CPU load (/proc/stat)(1s)": 0.29736842105263156,
    "CPU power": 4.501515,
    "lo RX": 0.0,
    "lo TX": 0.0,
    "enp3s0 RX": 122517585.0,
    "enp3s0 TX": 120630.0,
    "wlp2s0 RX": 0.0,
    "wlp2s0 TX": 0.0,
    "PDU power": 9.0
}