{
    "CPU temp": 58.0,
    "CPU load (/proc/stat)(1s)": 0.4225721784776903,
    "CPU power": 5.304063,
    "lo RX": 0.0,
    "lo TX": 0.0,
    "enp3s0 RX": 122487365.0,
    "enp3s0 TX": 110964.0,
    "wlp2s0 RX": 0.0,
    "wlp2s0 TX": 0.0,
    "PDU power": 10.0
}