{
    "CPU temp": 56.0,
    "CPU load (/proc/stat)(1s)": 0.4540540540540541,
    "CPU power": 5.614731,
    "lo RX": 0.0,
    "lo TX": 0.0,
    "enp3s0 RX": 119193440.0,
    "enp3s0 TX": 123080.0,
    "wlp2s0 RX": 0.0,
    "wlp2s0 TX": 0.0,
    "PDU power": 9.0
}