{
    "CPU temp": 59.0,
    "CPU load (/proc/stat)(1s)": 0.37105263157894736,
    "CPU power": 4.967456,
    "lo RX": 0.0,
    "lo TX": 0.0,
    "enp3s0 RX": 92621896.0,
    "enp3s0 TX": 86123.0,
    "wlp2s0 RX": 0.0,
    "wlp2s0 TX": 0.0,
    "PDU power": 8.0
}