{
    "CPU temp": 59.0,
    "CPU load (/proc/stat)(1s)": 0.5159574468085106,
    "CPU power": 5.820175,
    "lo RX": 0.0,
    "lo TX": 0.0,
    "enp3s0 RX": 122742396.0,
    "enp3s0 TX": 108802.0,
    "wlp2s0 RX": 0.0,
    "wlp2s0 TX": 0.0,
    "PDU power": 10.0
}