{
    "CPU temp": 60.0,
    "CPU load (/proc/stat)(1s)": 0.5567282321899736,
    "CPU power": 6.18663,
    "lo RX": 0.0,
    "lo TX": 0.0,
    "enp3s0 RX": 122429833.0,
    "enp3s0 TX": 107598.0,
    "wlp2s0 RX": 0.0,
    "wlp2s0 TX": 0.0,
    "PDU power": 11.0
}