{
    "CPU temp": 60.0,
    "CPU load (/proc/stat)(1s)": 0.5292553191489362,
    "CPU power": 6.209823,
    "lo RX": 0.0,
    "lo TX": 0.0,
    "enp3s0 RX": 122378763.0,
    "enp3s0 TX": 115640.0,
    "wlp2s0 RX": 0.0,
    "wlp2s0 TX": 0.0,
    "PDU power": 9.0
}