{
    "CPU temp": 61.0,
    "CPU load (/proc/stat)(1s)": 0.6525198938992043,
    "CPU power": 6.771589,
    "lo RX": 0.0,
    "lo TX": 0.0,
    "enp3s0 RX": 123154003.0,
    "enp3s0 TX": 226264.0,
    "wlp2s0 RX": 0.0,
    "wlp2s0 TX": 0.0,
    "PDU power": 11.0
}