{
    "CPU temp": 62.0,
    "CPU load (/proc/stat)(1s)": 0.6436170212765957,
    "CPU power": 6.755964,
    "lo RX": 0.0,
    "lo TX": 0.0,
    "enp3s0 RX": 122395488.0,
    "enp3s0 TX": 134022.0,
    "wlp2s0 RX": 0.0,
    "wlp2s0 TX": 0.0,
    "PDU power": 9.0
}