{
    "CPU temp": 62.0,
    "CPU load (/proc/stat)(1s)": 0.6385224274406333,
    "CPU power": 6.871015,
    "lo RX": 0.0,
    "lo TX": 0.0,
    "enp3s0 RX": 122252427.0,
    "enp3s0 TX": 131794.0,
    "wlp2s0 RX": 0.0,
    "wlp2s0 TX": 0.0,
    "PDU power": 12.0
}