{
    "CPU temp": 62.0,
    "CPU load (/proc/stat)(1s)": 0.623342175066313,
    "CPU power": 6.699629,
    "lo RX": 0.0,
    "lo TX": 0.0,
    "enp3s0 RX": 122397153.0,
    "enp3s0 TX": 109324.0,
    "wlp2s0 RX": 0.0,
    "wlp2s0 TX": 0.0,
    "PDU power": 11.0
}