{
    "CPU temp": 62.0,
    "CPU load (/proc/stat)(1s)": 0.718421052631579,
    "CPU power": 7.139935,
    "lo RX": 0.0,
    "lo TX": 0.0,
    "enp3s0 RX": 116635782.0,
    "enp3s0 TX": 120442.0,
    "wlp2s0 RX": 0.0,
    "wlp2s0 TX": 0.0,
    "PDU power": 10.0
}