{
    "CPU temp": 63.0,
    "CPU load (/proc/stat)(1s)": 0.7356020942408377,
    "CPU power": 7.462811,
    "lo RX": 0.0,
    "lo TX": 0.0,
    "enp3s0 RX": 122435829.0,
    "enp3s0 TX": 106912.0,
    "wlp2s0 RX": 0.0,
    "wlp2s0 TX": 0.0,
    "PDU power": 10.0
}