{
    "CPU temp": 57.0,
    "CPU load (/proc/stat)(1s)": 0.40848806366047746,
    "CPU power": 5.383409,
    "lo RX": 0.0,
    "lo TX": 0.0,
    "enp3s0 RX": 122170381.0,
    "enp3s0 TX": 111708.0,
    "wlp2s0 RX": 0.0,
    "wlp2s0 TX": 0.0,
    "PDU power": 10.0
}