{
    "CPU temp": 64.0,
    "CPU load (/proc/stat)(1s)": 0.821522309711286,
    "CPU power": 7.960307,
    "lo RX": 0.0,
    "lo TX": 0.0,
    "enp3s0 RX": 122434616.0,
    "enp3s0 TX": 110614.0,
    "wlp2s0 RX": 0.0,
    "wlp2s0 TX": 0.0,
    "PDU power": 12.0
}