{
    "CPU temp": 65.0,
    "CPU load (/proc/stat)(1s)": 0.8293963254593176,
    "CPU power": 8.009379,
    "lo RX": 0.0,
    "lo TX": 0.0,
    "enp3s0 RX": 122534211.0,
    "enp3s0 TX": 107740.0,
    "wlp2s0 RX": 0.0,
    "wlp2s0 TX": 0.0,
    "PDU power": 11.0
}