{
    "CPU temp": 65.0,
    "CPU load (/proc/stat)(1s)": 0.8275862068965517,
    "CPU power": 7.995035,
    "lo RX": 0.0,
    "lo TX": 0.0,
    "enp3s0 RX": 121977503.0,
    "enp3s0 TX": 112316.0,
    "wlp2s0 RX": 0.0,
    "wlp2s0 TX": 0.0,
    "PDU power": 13.0
}