{
    "CPU temp": 64.0,
    "CPU load (/proc/stat)(1s)": 0.39348370927318294,
    "CPU power": 4.660206,
    "lo RX": 0.0,
    "lo TX": 0.0,
    "enp3s0 RX": 27535494.0,
    "enp3s0 TX": 43236.0,
    "wlp2s0 RX": 0.0,
    "wlp2s0 TX": 0.0,
    "PDU power": 12.0
}