{
    "CPU temp": 67.0,
    "CPU load (/proc/stat)(1s)": 0.9321148825065274,
    "CPU power": 8.653481,
    "lo RX": 0.0,
    "lo TX": 0.0,
    "enp3s0 RX": 122404275.0,
    "enp3s0 TX": 114450.0,
    "wlp2s0 RX": 0.0,
    "wlp2s0 TX": 0.0,
    "PDU power": 13.0
}