{
    "CPU temp": 65.0,
    "CPU load (/proc/stat)(1s)": 0.5343915343915344,
    "CPU power": 6.035141,
    "lo RX": 0.0,
    "lo TX": 0.0,
    "enp3s0 RX": 116174277.0,
    "enp3s0 TX": 121016.0,
    "wlp2s0 RX": 0.0,
    "wlp2s0 TX": 0.0,
    "PDU power": 8.0
}