{
    "CPU temp": 59.0,
    "CPU load (/proc/stat)(1s)": 0.0291005291005291,
    "CPU power": 2.561517,
    "lo RX": 0.0,
    "lo TX": 0.0,
    "enp3s0 RX": 122366514.0,
    "enp3s0 TX": 108776.0,
    "wlp2s0 RX": 0.0,
    "wlp2s0 TX": 0.0,
    "PDU power": 8.0
}