{
    "CPU temp": 58.0,
    "CPU load (/proc/stat)(1s)": 0.02127659574468085,
    "CPU power": 2.540033,
    "lo RX": 0.0,
    "lo TX": 0.0,
    "enp3s0 RX": 122336413.0,
    "enp3s0 TX": 108374.0,
    "wlp2s0 RX": 0.0,
    "wlp2s0 TX": 0.0,
    "PDU power": 8.0
}