{
    "CPU temp": 57.0,
    "CPU load (/proc/stat)(1s)": 0.4074074074074074,
    "CPU power": 5.356798,
    "lo RX": 0.0,
    "lo TX": 0.0,
    "enp3s0 RX": 122706388.0,
    "enp3s0 TX": 108534.0,
    "wlp2s0 RX": 0.0,
    "wlp2s0 TX": 0.0,
    "PDU power": 10.0
}