{
    "CPU temp": 61.0,
    "CPU load (/proc/stat)(1s)": 0.6184971098265896,
    "CPU power": 6.880536,
    "lo RX": 0.0,
    "lo TX": 0.0,
    "enp3s0 RX": 2238611.0,
    "enp3s0 TX": 120870506.0,
    "wlp2s0 RX": 0.0,
    "wlp2s0 TX": 0.0,
    "PDU power": 11.0
}