{
    "CPU temp": 56.0,
    "CPU load (/proc/stat)(1s)": 0.12962962962962962,
    "CPU power": 3.290824,
    "lo RX": 0.0,
    "lo TX": 0.0,
    "enp3s0 RX": 122355855.0,
    "enp3s0 TX": 113070.0,
    "wlp2s0 RX": 0.0,
    "wlp2s0 TX": 0.0,
    "PDU power": 9.0
}