{
    "CPU temp": 56.0,
    "CPU load (/proc/stat)(1s)": 0.1455026455026455,
    "CPU power": 3.411796,
    "lo RX": 0.0,
    "lo TX": 0.0,
    "enp3s0 RX": 122423926.0,
    "enp3s0 TX": 108264.0,
    "wlp2s0 RX": 0.0,
    "wlp2s0 TX": 0.0,
    "PDU power": 7.0
}