{
    "CPU temp": 56.0,
    "CPU load (/proc/stat)(1s)": 0.15263157894736842,
    "CPU power": 3.418571,
    "lo RX": 0.0,
    "lo TX": 0.0,
    "enp3s0 RX": 122439324.0,
    "enp3s0 TX": 108318.0,
    "wlp2s0 RX": 0.0,
    "wlp2s0 TX": 0.0,
    "PDU power": 9.0
}