{
    "CPU temp": 56.0,
    "CPU load (/proc/stat)(1s)": 0.10638297872340426,
    "CPU power": 3.224723,
    "lo RX": 0.0,
    "lo TX": 0.0,
    "enp3s0 RX": 122485852.0,
    "enp3s0 TX": 110940.0,
    "wlp2s0 RX": 0.0,
    "wlp2s0 TX": 0.0,
    "PDU power": 7.0
}