{
    "CPU temp": 55.0,
    "CPU load (/proc/stat)(1s)": 0.24935064935064935,
    "CPU power": 3.797903,
    "lo RX": 0.0,
    "lo TX": 0.0,
    "enp3s0 RX": 75479355.0,
    "enp3s0 TX": 92726.0,
    "wlp2s0 RX": 0.0,
    "wlp2s0 TX": 0.0,
    "PDU power": 10.0
}