{
    "CPU temp": 56.0,
    "CPU load (/proc/stat)(1s)": 0.19363395225464192,
    "CPU power": 3.678152,
    "lo RX": 0.0,
    "lo TX": 0.0,
    "enp3s0 RX": 122524708.0,
    "enp3s0 TX": 111286.0,
    "wlp2s0 RX": 0.0,
    "wlp2s0 TX": 0.0,
    "PDU power": 8.0
}