{
    "CPU temp": 57.0,
    "CPU load (/proc/stat)(1s)": 0.44063324538258575,
    "CPU power": 5.57866,
    "lo RX": 0.0,
    "lo TX": 0.0,
    "enp3s0 RX": 122315277.0,
    "enp3s0 TX": 108888.0,
    "wlp2s0 RX": 0.0,
    "wlp2s0 TX": 0.0,
    "PDU power": 10.0
}