{
    "CPU temp": 57.0,
    "CPU load (/proc/stat)(1s)": 0.3087071240105541,
    "CPU power": 4.254994,
    "lo RX": 0.0,
    "lo TX": 0.0,
    "enp3s0 RX": 72629949.0,
    "enp3s0 TX": 87163.0,
    "wlp2s0 RX": 0.0,
    "wlp2s0 TX": 0.0,
    "PDU power": 9.0
}