{
    "CPU temp": 58.0,
    "CPU load (/proc/stat)(1s)": 0.34864864864864864,
    "CPU power": 4.997973,
    "lo RX": 0.0,
    "lo TX": 0.0,
    "enp3s0 RX": 122505474.0,
    "enp3s0 TX": 108460.0,
    "wlp2s0 RX": 0.0,
    "wlp2s0 TX": 0.0,
    "PDU power": 8.0
}