{
    "CPU temp": 58.0,
    "CPU load (/proc/stat)(1s)": 0.3548387096774194,
    "CPU power": 5.00902,
    "lo RX": 0.0,
    "lo TX": 0.0,
    "enp3s0 RX": 122541810.0,
    "enp3s0 TX": 106588.0,
    "wlp2s0 RX": 0.0,
    "wlp2s0 TX": 0.0,
    "PDU power": 9.0
}