{
    "CPU temp": 58.0,
    "CPU load (/proc/stat)(1s)": 0.36939313984168864,
    "CPU power": 4.737415,
    "lo RX": 0.0,
    "lo TX": 0.0,
    "enp3s0 RX": 76665163.0,
    "enp3s0 TX": 89161.0,
    "wlp2s0 RX": 0.0,
    "wlp2s0 TX": 0.0,
    "PDU power": 9.0
}