{
    "CPU temp": 58.0,
    "CPU load (/proc/stat)(1s)": 0.4074074074074074,
    "CPU power": 5.178636,
    "lo RX": 0.0,
    "lo TX": 0.0,
    "enp3s0 RX": 122597439.0,
    "enp3s0 TX": 111334.0,
    "wlp2s0 RX": 0.0,
    "wlp2s0 TX": 0.0,
    "PDU power": 9.0
}