{
    "CPU temp": 57.0,
    "CPU load (/proc/stat)(1s)": 0.44591029023746703,
    "CPU power": 5.594285,
    "lo RX": 0.0,
    "lo TX": 0.0,
    "enp3s0 RX": 122301679.0,
    "enp3s0 TX": 110854.0,
    "wlp2s0 RX": 0.0,
    "wlp2s0 TX": 0.0,
    "PDU power": 10.0
}