{
    "CPU temp": 59.0,
    "CPU load (/proc/stat)(1s)": 0.4470899470899471,
    "CPU power": 5.642564,
    "lo RX": 0.0,
    "lo TX": 0.0,
    "enp3s0 RX": 122496390.0,
    "enp3s0 TX": 110146.0,
    "wlp2s0 RX": 0.0,
    "wlp2s0 TX": 0.0,
    "PDU power": 9.0
}