{
    "CPU temp": 59.0,
    "CPU load (/proc/stat)(1s)": 0.45526315789473687,
    "CPU power": 5.426317,
    "lo RX": 0.0,
    "lo TX": 0.0,
    "enp3s0 RX": 85677325.0,
    "enp3s0 TX": 103042.0,
    "wlp2s0 RX": 0.0,
    "wlp2s0 TX": 0.0,
    "PDU power": 11.0
}