{
    "CPU temp": 59.0,
    "CPU load (/proc/stat)(1s)": 0.5171503957783641,
    "CPU power": 6.000046,
    "lo RX": 0.0,
    "lo TX": 0.0,
    "enp3s0 RX": 122583813.0,
    "enp3s0 TX": 114582.0,
    "wlp2s0 RX": 0.0,
    "wlp2s0 TX": 0.0,
    "PDU power": 9.0
}