{
    "CPU temp": 60.0,
    "CPU load (/proc/stat)(1s)": 0.5120643431635389,
    "CPU power": 6.11827,
    "lo RX": 0.0,
    "lo TX": 0.0,
    "enp3s0 RX": 122536940.0,
    "enp3s0 TX": 106874.0,
    "wlp2s0 RX": 0.0,
    "wlp2s0 TX": 0.0,
    "PDU power": 11.0
}