{
    "CPU temp": 60.0,
    "CPU load (/proc/stat)(1s)": 0.5345744680851063,
    "CPU power": 6.212264,
    "lo RX": 0.0,
    "lo TX": 0.0,
    "enp3s0 RX": 122525756.0,
    "enp3s0 TX": 109770.0,
    "wlp2s0 RX": 0.0,
    "wlp2s0 TX": 0.0,
    "PDU power": 10.0
}