{
    "CPU temp": 57.0,
    "CPU load (/proc/stat)(1s)": 0.3333333333333333,
    "CPU power": 4.146413,
    "lo RX": 0.0,
    "lo TX": 0.0,
    "enp3s0 RX": 3798.0,
    "enp3s0 TX": 2963.0,
    "wlp2s0 RX": 0.0,
    "wlp2s0 TX": 0.0,
    "PDU power": 10.0
}