{
    "CPU temp": 60.0,
    "CPU load (/proc/stat)(1s)": 0.4909560723514212,
    "CPU power": 5.560838,
    "lo RX": 0.0,
    "lo TX": 0.0,
    "enp3s0 RX": 75685047.0,
    "enp3s0 TX": 92051.0,
    "wlp2s0 RX": 0.0,
    "wlp2s0 TX": 0.0,
    "PDU power": 10.0
}