{
    "CPU temp": 62.0,
    "CPU load (/proc/stat)(1s)": 0.4635416666666667,
    "CPU power": 5.471604,
    "lo RX": 0.0,
    "lo TX": 0.0,
    "enp3s0 RX": 74201815.0,
    "enp3s0 TX": 71431.0,
    "wlp2s0 RX": 0.0,
    "wlp2s0 TX": 0.0,
    "PDU power": 10.0
}