{
    "CPU temp": 57.0,
    "CPU load (/proc/stat)(1s)": 0.5326370757180157,
    "CPU power": 5.86528,
    "lo RX": 0.0,
    "lo TX": 0.0,
    "enp3s0 RX": 83218432.0,
    "enp3s0 TX": 92186.0,
    "wlp2s0 RX": 0.0,
    "wlp2s0 TX": 0.0,
    "PDU power": 11.0
}