{
    "CPU temp": 49.0,
    "CPU load (/proc/stat)(1s)": 0.10552763819095477,
    "CPU power": 2.270807,
    "lo RX": 0.0,
    "lo TX": 0.0,
    "enp3s0 RX": 3446.0,
    "enp3s0 TX": 2677.0,
    "wlp2s0 RX": 0.0,
    "wlp2s0 TX": 0.0,
    "PDU power": 8.0
}