{
    "CPU temp": 63.0,
    "CPU load (/proc/stat)(1s)": 0.7347480106100795,
    "CPU power": 7.395916,
    "lo RX": 0.0,
    "lo TX": 0.0,
    "enp3s0 RX": 121933273.0,
    "enp3s0 TX": 136400.0,
    "wlp2s0 RX": 0.0,
    "wlp2s0 TX": 0.0,
    "PDU power": 12.0
}