{
    "CPU temp": 58.0,
    "CPU load (/proc/stat)(1s)": 0.6164021164021164,
    "CPU power": 6.581282,
    "lo RX": 0.0,
    "lo TX": 0.0,
    "enp3s0 RX": 122368261.0,
    "enp3s0 TX": 108184.0,
    "wlp2s0 RX": 0.0,
    "wlp2s0 TX": 0.0,
    "PDU power": 9.0
}