{
    "CPU temp": 65.0,
    "CPU load (/proc/stat)(1s)": 0.9368421052631579,
    "CPU power": 8.658425,
    "lo RX": 0.0,
    "lo TX": 0.0,
    "enp3s0 RX": 122596232.0,
    "enp3s0 TX": 115766.0,
    "wlp2s0 RX": 0.0,
    "wlp2s0 TX": 0.0,
    "PDU power": 12.0
}