{
    "CPU temp": 67.0,
    "CPU load (/proc/stat)(1s)": 0.9342105263157895,
    "CPU power": 8.688088,
    "lo RX": 0.0,
    "lo TX": 0.0,
    "enp3s0 RX": 122502445.0,
    "enp3s0 TX": 107632.0,
    "wlp2s0 RX": 0.0,
    "wlp2s0 TX": 0.0,
    "PDU power": 10.0
}