{
    "CPU temp": 67.0,
    "CPU load (/proc/stat)(1s)": 0.9328165374677002,
    "CPU power": 8.676553,
    "lo RX": 0.0,
    "lo TX": 0.0,
    "enp3s0 RX": 122517032.0,
    "enp3s0 TX": 110230.0,
    "wlp2s0 RX": 0.0,
    "wlp2s0 TX": 0.0,
    "PDU power": 12.0
}