{
    "CPU temp": 51.0,
    "CPU load (/proc/stat)(1s)": 0.1989389920424403,
    "CPU power": 3.577018,
    "lo RX": 0.0,
    "lo TX": 0.0,
    "enp3s0 RX": 119357781.0,
    "enp3s0 TX": 104968.0,
    "wlp2s0 RX": 0.0,
    "wlp2s0 TX": 0.0,
    "PDU power": 9.0
}