{
    "CPU temp": 58.0,
    "CPU load (/proc/stat)(1s)": 0.021333333333333333,
    "CPU power": 2.518365,
    "lo RX": 0.0,
    "lo TX": 0.0,
    "enp3s0 RX": 122533326.0,
    "enp3s0 TX": 109190.0,
    "wlp2s0 RX": 0.0,
    "wlp2s0 TX": 0.0,
    "PDU power": 8.0
}