{
    "CPU temp": 56.0,
    "CPU load (/proc/stat)(1s)": 0.16710875331564987,
    "CPU power": 3.464469,
    "lo RX": 0.0,
    "lo TX": 0.0,
    "enp3s0 RX": 122345557.0,
    "enp3s0 TX": 111684.0,
    "wlp2s0 RX": 0.0,
    "wlp2s0 TX": 0.0,
    "PDU power": 8.0
}