{
    "CPU temp": 56.0,
    "CPU load (/proc/stat)(1s)": 0.11081794195250659,
    "CPU power": 3.066643,
    "lo RX": 0.0,
    "lo TX": 0.0,
    "enp3s0 RX": 122585508.0,
    "enp3s0 TX": 117164.0,
    "wlp2s0 RX": 0.0,
    "wlp2s0 TX": 0.0,
    "PDU power": 8.0
}