{
    "CPU temp": 56.0,
    "CPU load (/proc/stat)(1s)": 0.12169312169312169,
    "CPU power": 3.141594,
    "lo RX": 0.0,
    "lo TX": 0.0,
    "enp3s0 RX": 122126836.0,
    "enp3s0 TX": 109152.0,
    "wlp2s0 RX": 0.0,
    "wlp2s0 TX": 0.0,
    "PDU power": 8.0
}