{
    "CPU temp": 55.0,
    "CPU load (/proc/stat)(1s)": 0.12894736842105264,
    "CPU power": 3.14672,
    "lo RX": 0.0,
    "lo TX": 0.0,
    "enp3s0 RX": 122434435.0,
    "enp3s0 TX": 120452.0,
    "wlp2s0 RX": 0.0,
    "wlp2s0 TX": 0.0,
    "PDU power": 7.0
}