{
    "CPU temp": 52.0,
    "CPU load (/proc/stat)(1s)": 0.24468085106382978,
    "CPU power": 4.138356,
    "lo RX": 0.0,
    "lo TX": 0.0,
    "enp3s0 RX": 121377559.0,
    "enp3s0 TX": 107400.0,
    "wlp2s0 RX": 0.0,
    "wlp2s0 TX": 0.0,
    "PDU power": 9.0
}