{
    "CPU temp": 56.0,
    "CPU load (/proc/stat)(1s)": 0.22074468085106383,
    "CPU power": 3.876699,
    "lo RX": 0.0,
    "lo TX": 0.0,
    "enp3s0 RX": 122402521.0,
    "enp3s0 TX": 109400.0,
    "wlp2s0 RX": 0.0,
    "wlp2s0 TX": 0.0,
    "PDU power": 9.0
}