{
    "CPU temp": 56.0,
    "CPU load (/proc/stat)(1s)": 0.2026315789473684,
    "CPU power": 3.667165,
    "lo RX": 0.0,
    "lo TX": 0.0,
    "enp3s0 RX": 94263917.0,
    "enp3s0 TX": 87455.0,
    "wlp2s0 RX": 0.0,
    "wlp2s0 TX": 0.0,
    "PDU power": 8.0
}