{
    "CPU temp": 57.0,
    "CPU load (/proc/stat)(1s)": 0.3245382585751979,
    "CPU power": 4.515553,
    "lo RX": 0.0,
    "lo TX": 0.0,
    "enp3s0 RX": 122461688.0,
    "enp3s0 TX": 125228.0,
    "wlp2s0 RX": 0.0,
    "wlp2s0 TX": 0.0,
    "PDU power": 8.0
}