{
    "CPU temp": 57.0,
    "CPU load (/proc/stat)(1s)": 0.34656084656084657,
    "CPU power": 4.73778,
    "lo RX": 0.0,
    "lo TX": 0.0,
    "enp3s0 RX": 122459080.0,
    "enp3s0 TX": 109564.0,
    "wlp2s0 RX": 0.0,
    "wlp2s0 TX": 0.0,
    "PDU power": 9.0
}