{
    "CPU temp": 53.0,
    "CPU load (/proc/stat)(1s)": 0.24671916010498687,
    "CPU power": 4.107961,
    "lo RX": 0.0,
    "lo TX": 0.0,
    "enp3s0 RX": 121910538.0,
    "enp3s0 TX": 107940.0,
    "wlp2s0 RX": 0.0,
    "wlp2s0 TX": 0.0,
    "PDU power": 9.0
}