{
    "CPU temp": 57.0,
    "CPU load (/proc/stat)(1s)": 0.328042328042328,
    "CPU power": 4.83916,
    "lo RX": 0.0,
    "lo TX": 0.0,
    "enp3s0 RX": 122392371.0,
    "enp3s0 TX": 110330.0,
    "wlp2s0 RX": 0.0,
    "wlp2s0 TX": 0.0,
    "PDU power": 8.0
}