{
    "CPU temp": 58.0,
    "CPU load (/proc/stat)(1s)": 0.39050131926121373,
    "CPU power": 5.082995,
    "lo RX": 0.0,
    "lo TX": 0.0,
    "enp3s0 RX": 122436009.0,
    "enp3s0 TX": 108516.0,
    "wlp2s0 RX": 0.0,
    "wlp2s0 TX": 0.0,
    "PDU power": 8.0
}