{
    "CPU temp": 59.0,
    "CPU load (/proc/stat)(1s)": 0.42133333333333334,
    "CPU power": 5.408128,
    "lo RX": 0.0,
    "lo TX": 0.0,
    "enp3s0 RX": 122401156.0,
    "enp3s0 TX": 111072.0,
    "wlp2s0 RX": 0.0,
    "wlp2s0 TX": 0.0,
    "PDU power": 8.0
}