{
    "CPU temp": 59.0,
    "CPU load (/proc/stat)(1s)": 0.391644908616188,
    "CPU power": 5.048815,
    "lo RX": 0.0,
    "lo TX": 0.0,
    "enp3s0 RX": 90383484.0,
    "enp3s0 TX": 85097.0,
    "wlp2s0 RX": 0.0,
    "wlp2s0 TX": 0.0,
    "PDU power": 9.0
}