{
    "CPU temp": 59.0,
    "CPU load (/proc/stat)(1s)": 0.531578947368421,
    "CPU power": 5.977646,
    "lo RX": 0.0,
    "lo TX": 0.0,
    "enp3s0 RX": 122434615.0,
    "enp3s0 TX": 112392.0,
    "wlp2s0 RX": 0.0,
    "wlp2s0 TX": 0.0,
    "PDU power": 10.0
}