{
    "CPU temp": 54.0,
    "CPU load (/proc/stat)(1s)": 0.2631578947368421,
    "CPU power": 4.102285,
    "lo RX": 0.0,
    "lo TX": 0.0,
    "enp3s0 RX": 120883254.0,
    "enp3s0 TX": 107374.0,
    "wlp2s0 RX": 0.0,
    "wlp2s0 TX": 0.0,
    "PDU power": 9.0
}