{
    "CPU temp": 60.0,
    "CPU load (/proc/stat)(1s)": 0.5452127659574468,
    "CPU power": 6.255904,
    "lo RX": 0.0,
    "lo TX": 0.0,
    "enp3s0 RX": 122403209.0,
    "enp3s0 TX": 108864.0,
    "wlp2s0 RX": 0.0,
    "wlp2s0 TX": 0.0,
    "PDU power": 10.0
}