{
    "CPU temp": 60.0,
    "CPU load (/proc/stat)(1s)": 0.5392670157068062,
    "CPU power": 6.222152,
    "lo RX": 0.0,
    "lo TX": 0.0,
    "enp3s0 RX": 122411711.0,
    "enp3s0 TX": 113640.0,
    "wlp2s0 RX": 0.0,
    "wlp2s0 TX": 0.0,
    "PDU power": 10.0
}