{
    "CPU temp": 60.0,
    "CPU load (/proc/stat)(1s)": 0.5225464190981433,
    "CPU power": 6.053451,
    "lo RX": 0.0,
    "lo TX": 0.0,
    "enp3s0 RX": 122428588.0,
    "enp3s0 TX": 108264.0,
    "wlp2s0 RX": 0.0,
    "wlp2s0 TX": 0.0,
    "PDU power": 10.0
}