{
    "CPU temp": 60.0,
    "CPU load (/proc/stat)(1s)": 0.43005181347150256,
    "CPU power": 5.03313,
    "lo RX": 0.0,
    "lo TX": 0.0,
    "enp3s0 RX": 43078070.0,
    "enp3s0 TX": 60051.0,
    "wlp2s0 RX": 0.0,
    "wlp2s0 TX": 0.0,
    "PDU power": 9.0
}