{
    "CPU temp": 61.0,
    "CPU load (/proc/stat)(1s)": 0.631578947368421,
    "CPU power": 6.760664,
    "lo RX": 0.0,
    "lo TX": 0.0,
    "enp3s0 RX": 122745903.0,
    "enp3s0 TX": 121314.0,
    "wlp2s0 RX": 0.0,
    "wlp2s0 TX": 0.0,
    "PDU power": 11.0
}