{
    "CPU temp": 62.0,
    "CPU load (/proc/stat)(1s)": 0.5335051546391752,
    "CPU power": 5.825852,
    "lo RX": 0.0,
    "lo TX": 0.0,
    "enp3s0 RX": 70396957.0,
    "enp3s0 TX": 85886.0,
    "wlp2s0 RX": 0.0,
    "wlp2s0 TX": 0.0,
    "PDU power": 10.0
}