{
    "CPU temp": 63.0,
    "CPU load (/proc/stat)(1s)": 0.7154255319148937,
    "CPU power": 7.348248,
    "lo RX": 0.0,
    "lo TX": 0.0,
    "enp3s0 RX": 122213802.0,
    "enp3s0 TX": 116148.0,
    "wlp2s0 RX": 0.0,
    "wlp2s0 TX": 0.0,
    "PDU power": 11.0
}