{
    "CPU temp": 64.0,
    "CPU load (/proc/stat)(1s)": 0.743455497382199,
    "CPU power": 7.441631,
    "lo RX": 0.0,
    "lo TX": 0.0,
    "enp3s0 RX": 122487186.0,
    "enp3s0 TX": 107466.0,
    "wlp2s0 RX": 0.0,
    "wlp2s0 TX": 0.0,
    "PDU power": 10.0
}