{
    "CPU temp": 63.0,
    "CPU load (/proc/stat)(1s)": 0.5677083333333334,
    "CPU power": 5.992844,
    "lo RX": 0.0,
    "lo TX": 0.0,
    "enp3s0 RX": 73126695.0,
    "enp3s0 TX": 90101.0,
    "wlp2s0 RX": 0.0,
    "wlp2s0 TX": 0.0,
    "PDU power": 11.0
}