{
    "CPU temp": 64.0,
    "CPU load (/proc/stat)(1s)": 0.8302872062663186,
    "CPU power": 7.951701,
    "lo RX": 0.0,
    "lo TX": 0.0,
    "enp3s0 RX": 122408965.0,
    "enp3s0 TX": 110930.0,
    "wlp2s0 RX": 0.0,
    "wlp2s0 TX": 0.0,
    "PDU power": 11.0
}