{
    "CPU temp": 60.0,
    "CPU load (/proc/stat)(1s)": 0.46867167919799496,
    "CPU power": 5.219774,
    "lo RX": 0.0,
    "lo TX": 0.0,
    "enp3s0 RX": 6294434.0,
    "enp3s0 TX": 20633.0,
    "wlp2s0 RX": 0.0,
    "wlp2s0 TX": 0.0,
    "PDU power": 9.0
}