{
    "CPU temp": 65.0,
    "CPU load (/proc/stat)(1s)": 0.8307291666666666,
    "CPU power": 7.986308,
    "lo RX": 0.0,
    "lo TX": 0.0,
    "enp3s0 RX": 122484158.0,
    "enp3s0 TX": 107672.0,
    "wlp2s0 RX": 0.0,
    "wlp2s0 TX": 0.0,
    "PDU power": 12.0
}