{
    "CPU temp": 65.0,
    "CPU load (/proc/stat)(1s)": 0.6762402088772846,
    "CPU power": 6.820539,
    "lo RX": 0.0,
    "lo TX": 0.0,
    "enp3s0 RX": 89227897.0,
    "enp3s0 TX": 83129.0,
    "wlp2s0 RX": 0.0,
    "wlp2s0 TX": 0.0,
    "PDU power": 10.0
}