{
    "CPU temp": 66.0,
    "CPU load (/proc/stat)(1s)": 0.9324675324675324,
    "CPU power": 8.626138,
    "lo RX": 0.0,
    "lo TX": 0.0,
    "enp3s0 RX": 122485792.0,
    "enp3s0 TX": 111058.0,
    "wlp2s0 RX": 0.0,
    "wlp2s0 TX": 0.0,
    "PDU power": 11.0
}