{
    "CPU temp": 54.0,
    "CPU load (/proc/stat)(1s)": 0.20689655172413793,
    "CPU power": 3.928396,
    "lo RX": 0.0,
    "lo TX": 0.0,
    "enp3s0 RX": 122375477.0,
    "enp3s0 TX": 108724.0,
    "wlp2s0 RX": 0.0,
    "wlp2s0 TX": 0.0,
    "PDU power": 9.0
}