{
    "CPU temp": 63.0,
    "CPU load (/proc/stat)(1s)": 0.8276762402088773,
    "CPU power": 7.984172,
    "lo RX": 0.0,
    "lo TX": 0.0,
    "enp3s0 RX": 122315157.0,
    "enp3s0 TX": 108210.0,
    "wlp2s0 RX": 0.0,
    "wlp2s0 TX": 0.0,
    "PDU power": 11.0
}