{
    "CPU temp": 64.0,
    "CPU load (/proc/stat)(1s)": 0.029177718832891247,
    "CPU power": 2.585503,
    "lo RX": 0.0,
    "lo TX": 0.0,
    "enp3s0 RX": 122504079.0,
    "enp3s0 TX": 110808.0,
    "wlp2s0 RX": 0.0,
    "wlp2s0 TX": 0.0,
    "PDU power": 7.0
}