{
    "CPU temp": 59.0,
    "CPU load (/proc/stat)(1s)": 0.023809523809523808,
    "CPU power": 2.509576,
    "lo RX": 0.0,
    "lo TX": 0.0,
    "enp3s0 RX": 122520553.0,
    "enp3s0 TX": 107724.0,
    "wlp2s0 RX": 0.0,
    "wlp2s0 TX": 0.0,
    "PDU power": 9.0
}