{
    "CPU temp": 56.0,
    "CPU load (/proc/stat)(1s)": 0.12698412698412698,
    "CPU power": 3.182854,
    "lo RX": 0.0,
    "lo TX": 0.0,
    "enp3s0 RX": 122550954.0,
    "enp3s0 TX": 111276.0,
    "wlp2s0 RX": 0.0,
    "wlp2s0 TX": 0.0,
    "PDU power": 7.0
}