{
    "CPU temp": 64.0,
    "CPU load (/proc/stat)(1s)": 0.8171428571428572,
    "CPU power": 8.068278,
    "lo RX": 0.0,
    "lo TX": 0.0,
    "enp3s0 RX": 2239525.0,
    "enp3s0 TX": 121232352.0,
    "wlp2s0 RX": 0.0,
    "wlp2s0 TX": 0.0,
    "PDU power": 11.0
}