{
    "CPU temp": 55.0,
    "CPU load (/proc/stat)(1s)": 0.25065963060686014,
    "CPU power": 3.996571,
    "lo RX": 0.0,
    "lo TX": 0.0,
    "enp3s0 RX": 111164428.0,
    "enp3s0 TX": 127810.0,
    "wlp2s0 RX": 0.0,
    "wlp2s0 TX": 0.0,
    "PDU power": 9.0
}