{
    "CPU temp": 56.0,
    "CPU load (/proc/stat)(1s)": 0.20954907161803712,
    "CPU power": 3.857168,
    "lo RX": 0.0,
    "lo TX": 0.0,
    "enp3s0 RX": 122512864.0,
    "enp3s0 TX": 108588.0,
    "wlp2s0 RX": 0.0,
    "wlp2s0 TX": 0.0,
    "PDU power": 9.0
}