{
    "CPU temp": 56.0,
    "CPU load (/proc/stat)(1s)": 0.25984251968503935,
    "CPU power": 4.270192,
    "lo RX": 0.0,
    "lo TX": 0.0,
    "enp3s0 RX": 122518125.0,
    "enp3s0 TX": 108640.0,
    "wlp2s0 RX": 0.0,
    "wlp2s0 TX": 0.0,
    "PDU power": 8.0
}