{
    "CPU temp": 56.0,
    "CPU load (/proc/stat)(1s)": 0.2073490813648294,
    "CPU power": 3.843251,
    "lo RX": 0.0,
    "lo TX": 0.0,
    "enp3s0 RX": 122517645.0,
    "enp3s0 TX": 115412.0,
    "wlp2s0 RX": 0.0,
    "wlp2s0 TX": 0.0,
    "PDU power": 9.0
}