{
    "CPU temp": 56.0,
    "CPU load (/proc/stat)(1s)": 0.2127659574468085,
    "CPU power": 3.928151,
    "lo RX": 0.0,
    "lo TX": 0.0,
    "enp3s0 RX": 122087860.0,
    "enp3s0 TX": 109474.0,
    "wlp2s0 RX": 0.0,
    "wlp2s0 TX": 0.0,
    "PDU power": 9.0
}