{
    "CPU temp": 56.0,
    "CPU load (/proc/stat)(1s)": 0.25063291139240507,
    "CPU power": 3.66918,
    "lo RX": 0.0,
    "lo TX": 0.0,
    "enp3s0 RX": 13738644.0,
    "enp3s0 TX": 21793.0,
    "wlp2s0 RX": 0.0,
    "wlp2s0 TX": 0.0,
    "PDU power": 9.0
}