{
    "CPU temp": 53.0,
    "CPU load (/proc/stat)(1s)": 0.010610079575596816,
    "CPU power": 2.43902,
    "lo RX": 0.0,
    "lo TX": 0.0,
    "enp3s0 RX": 122381594.0,
    "enp3s0 TX": 108372.0,
    "wlp2s0 RX": 0.0,
    "wlp2s0 TX": 0.0,
    "PDU power": 8.0
}