{
    "CPU temp": 62.0,
    "CPU load (/proc/stat)(1s)": 0.8284960422163589,
    "CPU power": 7.999735,
    "lo RX": 0.0,
    "lo TX": 0.0,
    "enp3s0 RX": 122448601.0,
    "enp3s0 TX": 107722.0,
    "wlp2s0 RX": 0.0,
    "wlp2s0 TX": 0.0,
    "PDU power": 12.0
}