{
    "CPU temp": 57.0,
    "CPU load (/proc/stat)(1s)": 0.3324538258575198,
    "CPU power": 4.644519,
    "lo RX": 0.0,
    "lo TX": 0.0,
    "enp3s0 RX": 122558256.0,
    "enp3s0 TX": 116968.0,
    "wlp2s0 RX": 0.0,
    "wlp2s0 TX": 0.0,
    "PDU power": 10.0
}