{
    "CPU temp": 57.0,
    "CPU load (/proc/stat)(1s)": 0.31842105263157894,
    "CPU power": 4.472218,
    "lo RX": 0.0,
    "lo TX": 0.0,
    "enp3s0 RX": 122538841.0,
    "enp3s0 TX": 109372.0,
    "wlp2s0 RX": 0.0,
    "wlp2s0 TX": 0.0,
    "PDU power": 8.0
}