{
    "CPU temp": 58.0,
    "CPU load (/proc/stat)(1s)": 0.335978835978836,
    "CPU power": 4.682849,
    "lo RX": 0.0,
    "lo TX": 0.0,
    "enp3s0 RX": 122609432.0,
    "enp3s0 TX": 116364.0,
    "wlp2s0 RX": 0.0,
    "wlp2s0 TX": 0.0,
    "PDU power": 8.0
}