{
    "CPU temp": 58.0,
    "CPU load (/proc/stat)(1s)": 0.44386422976501305,
    "CPU power": 5.589829,
    "lo RX": 0.0,
    "lo TX": 0.0,
    "enp3s0 RX": 122487245.0,
    "enp3s0 TX": 111018.0,
    "wlp2s0 RX": 0.0,
    "wlp2s0 TX": 0.0,
    "PDU power": 11.0
}