{
    "CPU temp": 59.0,
    "CPU load (/proc/stat)(1s)": 0.425531914893617,
    "CPU power": 5.513658,
    "lo RX": 0.0,
    "lo TX": 0.0,
    "enp3s0 RX": 122334713.0,
    "enp3s0 TX": 113728.0,
    "wlp2s0 RX": 0.0,
    "wlp2s0 TX": 0.0,
    "PDU power": 9.0
}