{
    "CPU temp": 53.0,
    "CPU load (/proc/stat)(1s)": 0.018469656992084433,
    "CPU power": 2.489374,
    "lo RX": 0.0,
    "lo TX": 0.0,
    "enp3s0 RX": 121476855.0,
    "enp3s0 TX": 107616.0,
    "wlp2s0 RX": 0.0,
    "wlp2s0 TX": 0.0,
    "PDU power": 8.0
}