{
    "CPU temp": 63.0,
    "CPU load (/proc/stat)(1s)": 0.8253968253968254,
    "CPU power": 7.953165,
    "lo RX": 0.0,
    "lo TX": 0.0,
    "enp3s0 RX": 122373964.0,
    "enp3s0 TX": 107250.0,
    "wlp2s0 RX": 0.0,
    "wlp2s0 TX": 0.0,
    "PDU power": 12.0
}