{
    "CPU temp": 59.0,
    "CPU load (/proc/stat)(1s)": 0.4046997389033943,
    "CPU power": 5.059801,
    "lo RX": 0.0,
    "lo TX": 0.0,
    "enp3s0 RX": 77358222.0,
    "enp3s0 TX": 91185.0,
    "wlp2s0 RX": 0.0,
    "wlp2s0 TX": 0.0,
    "PDU power": 8.0
}