{
    "CPU temp": 60.0,
    "CPU load (/proc/stat)(1s)": 0.5065274151436031,
    "CPU power": 5.773118,
    "lo RX": 0.0,
    "lo TX": 0.0,
    "enp3s0 RX": 122590759.0,
    "enp3s0 TX": 108438.0,
    "wlp2s0 RX": 0.0,
    "wlp2s0 TX": 0.0,
    "PDU power": 10.0
}