{
    "CPU temp": 60.0,
    "CPU load (/proc/stat)(1s)": 0.5158730158730159,
    "CPU power": 5.852219,
    "lo RX": 0.0,
    "lo TX": 0.0,
    "enp3s0 RX": 122509955.0,
    "enp3s0 TX": 117172.0,
    "wlp2s0 RX": 0.0,
    "wlp2s0 TX": 0.0,
    "PDU power": 9.0
}