{
    "CPU temp": 60.0,
    "CPU load (/proc/stat)(1s)": 0.5118733509234829,
    "CPU power": 5.987472,
    "lo RX": 0.0,
    "lo TX": 0.0,
    "enp3s0 RX": 122525036.0,
    "enp3s0 TX": 107886.0,
    "wlp2s0 RX": 0.0,
    "wlp2s0 TX": 0.0,
    "PDU power": 9.0
}