{
    "CPU temp": 60.0,
    "CPU load (/proc/stat)(1s)": 0.4464751958224543,
    "CPU power": 5.379686,
    "lo RX": 0.0,
    "lo TX": 0.0,
    "enp3s0 RX": 86341772.0,
    "enp3s0 TX": 83005.0,
    "wlp2s0 RX": 0.0,
    "wlp2s0 TX": 0.0,
    "PDU power": 9.0
}