{
    "CPU temp": 53.0,
    "CPU load (/proc/stat)(1s)": 0.026246719160104987,
    "CPU power": 2.468133,
    "lo RX": 0.0,
    "lo TX": 0.0,
    "enp3s0 RX": 119000099.0,
    "enp3s0 TX": 105348.0,
    "wlp2s0 RX": 0.0,
    "wlp2s0 TX": 0.0,
    "PDU power": 9.0
}