{
    "CPU temp": 63.0,
    "CPU load (/proc/stat)(1s)": 0.8307291666666666,
    "CPU power": 7.999186,
    "lo RX": 0.0,
    "lo TX": 0.0,
    "enp3s0 RX": 122378386.0,
    "enp3s0 TX": 106858.0,
    "wlp2s0 RX": 0.0,
    "wlp2s0 TX": 0.0,
    "PDU power": 13.0
}