{
    "CPU temp": 61.0,
    "CPU load (/proc/stat)(1s)": 0.6296296296296297,
    "CPU power": 6.785933,
    "lo RX": 0.0,
    "lo TX": 0.0,
    "enp3s0 RX": 122529877.0,
    "enp3s0 TX": 108534.0,
    "wlp2s0 RX": 0.0,
    "wlp2s0 TX": 0.0,
    "PDU power": 10.0
}