{
    "CPU temp": 62.0,
    "CPU load (/proc/stat)(1s)": 0.6404199475065617,
    "CPU power": 6.805097,
    "lo RX": 0.0,
    "lo TX": 0.0,
    "enp3s0 RX": 122511322.0,
    "enp3s0 TX": 109072.0,
    "wlp2s0 RX": 0.0,
    "wlp2s0 TX": 0.0,
    "PDU power": 10.0
}