{
    "CPU temp": 62.0,
    "CPU load (/proc/stat)(1s)": 0.48860759493670886,
    "CPU power": 5.407152,
    "lo RX": 0.0,
    "lo TX": 0.0,
    "enp3s0 RX": 9418551.0,
    "enp3s0 TX": 25249.0,
    "wlp2s0 RX": 0.0,
    "wlp2s0 TX": 0.0,
    "PDU power": 10.0
}