{
    "CPU temp": 63.0,
    "CPU load (/proc/stat)(1s)": 0.7335092348284961,
    "CPU power": 7.412884,
    "lo RX": 0.0,
    "lo TX": 0.0,
    "enp3s0 RX": 122531511.0,
    "enp3s0 TX": 123488.0,
    "wlp2s0 RX": 0.0,
    "wlp2s0 TX": 0.0,
    "PDU power": 10.0
}