{
    "CPU temp": 63.0,
    "CPU load (/proc/stat)(1s)": 0.8247978436657682,
    "CPU power": 8.012614,
    "lo RX": 0.0,
    "lo TX": 0.0,
    "enp3s0 RX": 122420689.0,
    "enp3s0 TX": 106696.0,
    "wlp2s0 RX": 0.0,
    "wlp2s0 TX": 0.0,
    "PDU power": 11.0
}