{
    "CPU temp": 64.0,
    "CPU load (/proc/stat)(1s)": 0.8359375,
    "CPU power": 7.953593,
    "lo RX": 0.0,
    "lo TX": 0.0,
    "enp3s0 RX": 123109374.0,
    "enp3s0 TX": 115732.0,
    "wlp2s0 RX": 0.0,
    "wlp2s0 TX": 0.0,
    "PDU power": 12.0
}