{
    "CPU temp": 65.0,
    "CPU load (/proc/stat)(1s)": 0.8381201044386423,
    "CPU power": 8.013712,
    "lo RX": 0.0,
    "lo TX": 0.0,
    "enp3s0 RX": 122326230.0,
    "enp3s0 TX": 108508.0,
    "wlp2s0 RX": 0.0,
    "wlp2s0 TX": 0.0,
    "PDU power": 11.0
}