{
    "CPU temp": 64.0,
    "CPU load (/proc/stat)(1s)": 0.8080808080808081,
    "CPU power": 7.638164,
    "lo RX": 0.0,
    "lo TX": 0.0,
    "enp3s0 RX": 31003154.0,
    "enp3s0 TX": 28074.0,
    "wlp2s0 RX": 0.0,
    "wlp2s0 TX": 0.0,
    "PDU power": 9.0
}