{
    "CPU temp": 64.0,
    "CPU load (/proc/stat)(1s)": 0.5283505154639175,
    "CPU power": 5.878037,
    "lo RX": 0.0,
    "lo TX": 0.0,
    "enp3s0 RX": 54154362.0,
    "enp3s0 TX": 66992.0,
    "wlp2s0 RX": 0.0,
    "wlp2s0 TX": 0.0,
    "PDU power": 9.0
}