{
    "CPU temp": 63.0,
    "CPU load (/proc/stat)(1s)": 0.8153846153846154,
    "CPU power": 7.809245,
    "lo RX": 0.0,
    "lo TX": 0.0,
    "enp3s0 RX": 60098717.0,
    "enp3s0 TX": 55126.0,
    "wlp2s0 RX": 0.0,
    "wlp2s0 TX": 0.0,
    "PDU power": 9.0
}