{
    "CPU temp": 66.0,
    "CPU load (/proc/stat)(1s)": 0.9343832020997376,
    "CPU power": 8.687661,
    "lo RX": 0.0,
    "lo TX": 0.0,
    "enp3s0 RX": 122813793.0,
    "enp3s0 TX": 109402.0,
    "wlp2s0 RX": 0.0,
    "wlp2s0 TX": 0.0,
    "PDU power": 12.0
}