{
    "CPU temp": 66.0,
    "CPU load (/proc/stat)(1s)": 0.9287598944591029,
    "CPU power": 8.633767,
    "lo RX": 0.0,
    "lo TX": 0.0,
    "enp3s0 RX": 122564879.0,
    "enp3s0 TX": 107894.0,
    "wlp2s0 RX": 0.0,
    "wlp2s0 TX": 0.0,
    "PDU power": 12.0
}