{
    "CPU temp": 67.0,
    "CPU load (/proc/stat)(1s)": 0.9252577319587629,
    "CPU power": 8.527261,
    "lo RX": 0.0,
    "lo TX": 0.0,
    "enp3s0 RX": 77525086.0,
    "enp3s0 TX": 70640.0,
    "wlp2s0 RX": 0.0,
    "wlp2s0 TX": 0.0,
    "PDU power": 11.0
}