{
    "CPU temp": 64.0,
    "CPU load (/proc/stat)(1s)": 0.05660377358490566,
    "CPU power": 3.087334,
    "lo RX": 0.0,
    "lo TX": 0.0,
    "enp3s0 RX": 121657886.0,
    "enp3s0 TX": 108956.0,
    "wlp2s0 RX": 0.0,
    "wlp2s0 TX": 0.0,
    "PDU power": 8.0
}