{
    "CPU temp": 57.0,
    "CPU load (/proc/stat)(1s)": 0.015873015873015872,
    "CPU power": 2.440485,
    "lo RX": 0.0,
    "lo TX": 0.0,
    "enp3s0 RX": 122470591.0,
    "enp3s0 TX": 108210.0,
    "wlp2s0 RX": 0.0,
    "wlp2s0 TX": 0.0,
    "PDU power": 7.0
}