{
    "CPU temp": 61.0,
    "CPU load (/proc/stat)(1s)": 0.015915119363395226,
    "CPU power": 2.476007,
    "lo RX": 0.0,
    "lo TX": 0.0,
    "enp3s0 RX": 121668625.0,
    "enp3s0 TX": 107614.0,
    "wlp2s0 RX": 0.0,
    "wlp2s0 TX": 0.0,
    "PDU power": 8.0
}