{
    "CPU temp": 56.0,
    "CPU load (/proc/stat)(1s)": 0.025280898876404494,
    "CPU power": 2.975944,
    "lo RX": 0.0,
    "lo TX": 0.0,
    "enp3s0 RX": 2243921.0,
    "enp3s0 TX": 121370664.0,
    "wlp2s0 RX": 0.0,
    "wlp2s0 TX": 0.0,
    "PDU power": 8.0
}