{
    "CPU temp": 55.0,
    "CPU load (/proc/stat)(1s)": 0.01971830985915493,
    "CPU power": 2.957939,
    "lo RX": 0.0,
    "lo TX": 0.0,
    "enp3s0 RX": 2264801.0,
    "enp3s0 TX": 122310426.0,
    "wlp2s0 RX": 0.0,
    "wlp2s0 TX": 0.0,
    "PDU power": 8.0
}