{
    "CPU temp": 55.0,
    "CPU load (/proc/stat)(1s)": 0.1256544502617801,
    "CPU power": 3.13195,
    "lo RX": 0.0,
    "lo TX": 0.0,
    "enp3s0 RX": 122608323.0,
    "enp3s0 TX": 109794.0,
    "wlp2s0 RX": 0.0,
    "wlp2s0 TX": 0.0,
    "PDU power": 9.0
}