{
    "CPU temp": 55.0,
    "CPU load (/proc/stat)(1s)": 0.1246684350132626,
    "CPU power": 3.284965,
    "lo RX": 0.0,
    "lo TX": 0.0,
    "enp3s0 RX": 121717105.0,
    "enp3s0 TX": 108422.0,
    "wlp2s0 RX": 0.0,
    "wlp2s0 TX": 0.0,
    "PDU power": 8.0
}