{
    "CPU temp": 55.0,
    "CPU load (/proc/stat)(1s)": 0.11578947368421053,
    "CPU power": 3.131035,
    "lo RX": 0.0,
    "lo TX": 0.0,
    "enp3s0 RX": 121694423.0,
    "enp3s0 TX": 108982.0,
    "wlp2s0 RX": 0.0,
    "wlp2s0 TX": 0.0,
    "PDU power": 8.0
}