{
    "CPU temp": 55.0,
    "CPU load (/proc/stat)(1s)": 0.13802816901408452,
    "CPU power": 3.801077,
    "lo RX": 0.0,
    "lo TX": 0.0,
    "enp3s0 RX": 2256228.0,
    "enp3s0 TX": 120840390.0,
    "wlp2s0 RX": 0.0,
    "wlp2s0 TX": 0.0,
    "PDU power": 8.0
}