{
    "CPU temp": 55.0,
    "CPU load (/proc/stat)(1s)": 0.12535612535612536,
    "CPU power": 3.570547,
    "lo RX": 0.0,
    "lo TX": 0.0,
    "enp3s0 RX": 2246082.0,
    "enp3s0 TX": 122065212.0,
    "wlp2s0 RX": 0.0,
    "wlp2s0 TX": 0.0,
    "PDU power": 8.0
}