{
    "CPU temp": 55.0,
    "CPU load (/proc/stat)(1s)": 0.12181303116147309,
    "CPU power": 3.710867,
    "lo RX": 0.0,
    "lo TX": 0.0,
    "enp3s0 RX": 2236559.0,
    "enp3s0 TX": 121448394.0,
    "wlp2s0 RX": 0.0,
    "wlp2s0 TX": 0.0,
    "PDU power": 10.0
}