{
    "CPU temp": 56.0,
    "CPU load (/proc/stat)(1s)": 0.11830985915492957,
    "CPU power": 3.618887,
    "lo RX": 0.0,
    "lo TX": 0.0,
    "enp3s0 RX": 2243675.0,
    "enp3s0 TX": 120972666.0,
    "wlp2s0 RX": 0.0,
    "wlp2s0 TX": 0.0,
    "PDU power": 8.0
}