{
    "CPU temp": 56.0,
    "CPU load (/proc/stat)(1s)": 0.12146892655367232,
    "CPU power": 3.674734,
    "lo RX": 0.0,
    "lo TX": 0.0,
    "enp3s0 RX": 2254793.0,
    "enp3s0 TX": 121967312.0,
    "wlp2s0 RX": 0.0,
    "wlp2s0 TX": 0.0,
    "PDU power": 8.0
}