{
    "CPU temp": 56.0,
    "CPU load (/proc/stat)(1s)": 0.24083769633507854,
    "CPU power": 3.739798,
    "lo RX": 0.0,
    "lo TX": 0.0,
    "enp3s0 RX": 65276792.0,
    "enp3s0 TX": 8552923.0,
    "wlp2s0 RX": 0.0,
    "wlp2s0 TX": 0.0,
    "PDU power": 9.0
}