{
    "CPU temp": 54.0,
    "CPU load (/proc/stat)(1s)": 0.10526315789473684,
    "CPU power": 3.036918,
    "lo RX": 0.0,
    "lo TX": 0.0,
    "enp3s0 RX": 122115845.0,
    "enp3s0 TX": 108372.0,
    "wlp2s0 RX": 0.0,
    "wlp2s0 TX": 0.0,
    "PDU power": 8.0
}