{
    "CPU temp": 56.0,
    "CPU load (/proc/stat)(1s)": 0.21024258760107817,
    "CPU power": 4.03655,
    "lo RX": 0.0,
    "lo TX": 0.0,
    "enp3s0 RX": 121640040.0,
    "enp3s0 TX": 104160.0,
    "wlp2s0 RX": 0.0,
    "wlp2s0 TX": 0.0,
    "PDU power": 9.0
}