{
    "CPU temp": 56.0,
    "CPU load (/proc/stat)(1s)": 0.20899470899470898,
    "CPU power": 3.837515,
    "lo RX": 0.0,
    "lo TX": 0.0,
    "enp3s0 RX": 121940669.0,
    "enp3s0 TX": 109152.0,
    "wlp2s0 RX": 0.0,
    "wlp2s0 TX": 0.0,
    "PDU power": 8.0
}