{
    "CPU temp": 56.0,
    "CPU load (/proc/stat)(1s)": 0.21142857142857144,
    "CPU power": 4.292164,
    "lo RX": 0.0,
    "lo TX": 0.0,
    "enp3s0 RX": 5591495.0,
    "enp3s0 TX": 119016786.0,
    "wlp2s0 RX": 0.0,
    "wlp2s0 TX": 0.0,
    "PDU power": 8.0
}