{
    "CPU temp": 56.0,
    "CPU load (/proc/stat)(1s)": 0.22636103151862463,
    "CPU power": 4.427051,
    "lo RX": 0.0,
    "lo TX": 0.0,
    "enp3s0 RX": 2265821.0,
    "enp3s0 TX": 123137984.0,
    "wlp2s0 RX": 0.0,
    "wlp2s0 TX": 0.0,
    "PDU power": 10.0
}