{
    "CPU temp": 56.0,
    "CPU load (/proc/stat)(1s)": 0.26136363636363635,
    "CPU power": 4.720264,
    "lo RX": 0.0,
    "lo TX": 0.0,
    "enp3s0 RX": 2256654.0,
    "enp3s0 TX": 121545142.0,
    "wlp2s0 RX": 0.0,
    "wlp2s0 TX": 0.0,
    "PDU power": 9.0
}