{
    "CPU temp": 57.0,
    "CPU load (/proc/stat)(1s)": 0.21022727272727273,
    "CPU power": 4.296498,
    "lo RX": 0.0,
    "lo TX": 0.0,
    "enp3s0 RX": 2243262.0,
    "enp3s0 TX": 121247582.0,
    "wlp2s0 RX": 0.0,
    "wlp2s0 TX": 0.0,
    "PDU power": 9.0
}