{
    "CPU temp": 54.0,
    "CPU load (/proc/stat)(1s)": 0.2654639175257732,
    "CPU power": 3.926443,
    "lo RX": 0.0,
    "lo TX": 0.0,
    "enp3s0 RX": 72655856.0,
    "enp3s0 TX": 69735.0,
    "wlp2s0 RX": 0.0,
    "wlp2s0 TX": 0.0,
    "PDU power": 9.0
}