{
    "CPU temp": 53.0,
    "CPU load (/proc/stat)(1s)": 0.023255813953488372,
    "CPU power": 2.424249,
    "lo RX": 0.0,
    "lo TX": 0.0,
    "enp3s0 RX": 2078082.0,
    "enp3s0 TX": 122273984.0,
    "wlp2s0 RX": 0.0,
    "wlp2s0 TX": 0.0,
    "PDU power": 8.0
}