{
    "CPU temp": 57.0,
    "CPU load (/proc/stat)(1s)": 0.22662889518413598,
    "CPU power": 4.363148,
    "lo RX": 0.0,
    "lo TX": 0.0,
    "enp3s0 RX": 2245241.0,
    "enp3s0 TX": 121002240.0,
    "wlp2s0 RX": 0.0,
    "wlp2s0 TX": 0.0,
    "PDU power": 11.0
}