{
    "CPU temp": 56.0,
    "CPU load (/proc/stat)(1s)": 0.23857868020304568,
    "CPU power": 3.493948,
    "lo RX": 0.0,
    "lo TX": 0.0,
    "enp3s0 RX": 151577.0,
    "enp3s0 TX": 6639007.0,
    "wlp2s0 RX": 0.0,
    "wlp2s0 TX": 0.0,
    "PDU power": 8.0
}