{
    "CPU temp": 57.0,
    "CPU load (/proc/stat)(1s)": 0.34210526315789475,
    "CPU power": 4.806323,
    "lo RX": 0.0,
    "lo TX": 0.0,
    "enp3s0 RX": 121117268.0,
    "enp3s0 TX": 107498.0,
    "wlp2s0 RX": 0.0,
    "wlp2s0 TX": 0.0,
    "PDU power": 9.0
}