{
    "CPU temp": 57.0,
    "CPU load (/proc/stat)(1s)": 0.3220779220779221,
    "CPU power": 4.611927,
    "lo RX": 0.0,
    "lo TX": 0.0,
    "enp3s0 RX": 122461808.0,
    "enp3s0 TX": 110116.0,
    "wlp2s0 RX": 0.0,
    "wlp2s0 TX": 0.0,
    "PDU power": 9.0
}