{
    "CPU temp": 57.0,
    "CPU load (/proc/stat)(1s)": 0.2986666666666667,
    "CPU power": 4.455128,
    "lo RX": 0.0,
    "lo TX": 0.0,
    "enp3s0 RX": 120983029.0,
    "enp3s0 TX": 106932.0,
    "wlp2s0 RX": 0.0,
    "wlp2s0 TX": 0.0,
    "PDU power": 8.0
}