{
    "CPU temp": 57.0,
    "CPU load (/proc/stat)(1s)": 0.35013262599469497,
    "CPU power": 4.799304,
    "lo RX": 0.0,
    "lo TX": 0.0,
    "enp3s0 RX": 122022457.0,
    "enp3s0 TX": 108388.0,
    "wlp2s0 RX": 0.0,
    "wlp2s0 TX": 0.0,
    "PDU power": 9.0
}