{
    "CPU temp": 57.0,
    "CPU load (/proc/stat)(1s)": 0.29461756373937675,
    "CPU power": 4.683643,
    "lo RX": 0.0,
    "lo TX": 0.0,
    "enp3s0 RX": 2239505.0,
    "enp3s0 TX": 120959798.0,
    "wlp2s0 RX": 0.0,
    "wlp2s0 TX": 0.0,
    "PDU power": 8.0
}