{
    "CPU temp": 57.0,
    "CPU load (/proc/stat)(1s)": 0.28690807799442897,
    "CPU power": 4.586048,
    "lo RX": 0.0,
    "lo TX": 0.0,
    "enp3s0 RX": 2266362.0,
    "enp3s0 TX": 122499518.0,
    "wlp2s0 RX": 0.0,
    "wlp2s0 TX": 0.0,
    "PDU power": 8.0
}