{
    "CPU temp": 54.0,
    "CPU load (/proc/stat)(1s)": 0.23622047244094488,
    "CPU power": 3.84606,
    "lo RX": 0.0,
    "lo TX": 0.0,
    "enp3s0 RX": 120777783.0,
    "enp3s0 TX": 107346.0,
    "wlp2s0 RX": 0.0,
    "wlp2s0 TX": 0.0,
    "PDU power": 7.0
}