{
    "CPU temp": 53.0,
    "CPU load (/proc/stat)(1s)": 0.034482758620689655,
    "CPU power": 2.430963,
    "lo RX": 0.0,
    "lo TX": 0.0,
    "enp3s0 RX": 2060802.0,
    "enp3s0 TX": 121536666.0,
    "wlp2s0 RX": 0.0,
    "wlp2s0 TX": 0.0,
    "PDU power": 8.0
}