{
    "CPU temp": 58.0,
    "CPU load (/proc/stat)(1s)": 0.28205128205128205,
    "CPU power": 4.712635,
    "lo RX": 0.0,
    "lo TX": 0.0,
    "enp3s0 RX": 2231436.0,
    "enp3s0 TX": 121208288.0,
    "wlp2s0 RX": 0.0,
    "wlp2s0 TX": 0.0,
    "PDU power": 10.0
}