{
    "CPU temp": 58.0,
    "CPU load (/proc/stat)(1s)": 0.2585227272727273,
    "CPU power": 4.453602,
    "lo RX": 0.0,
    "lo TX": 0.0,
    "enp3s0 RX": 2235899.0,
    "enp3s0 TX": 120592580.0,
    "wlp2s0 RX": 0.0,
    "wlp2s0 TX": 0.0,
    "PDU power": 10.0
}