{
    "CPU temp": 58.0,
    "CPU load (/proc/stat)(1s)": 0.4266666666666667,
    "CPU power": 5.365282,
    "lo RX": 0.0,
    "lo TX": 0.0,
    "enp3s0 RX": 121005800.0,
    "enp3s0 TX": 110210.0,
    "wlp2s0 RX": 0.0,
    "wlp2s0 TX": 0.0,
    "PDU power": 9.0
}