{
    "CPU temp": 59.0,
    "CPU load (/proc/stat)(1s)": 0.43535620052770446,
    "CPU power": 5.462876,
    "lo RX": 0.0,
    "lo TX": 0.0,
    "enp3s0 RX": 120303429.0,
    "enp3s0 TX": 105108.0,
    "wlp2s0 RX": 0.0,
    "wlp2s0 TX": 0.0,
    "PDU power": 10.0
}