{
    "CPU temp": 59.0,
    "CPU load (/proc/stat)(1s)": 0.4297994269340974,
    "CPU power": 5.830307,
    "lo RX": 0.0,
    "lo TX": 0.0,
    "enp3s0 RX": 2265882.0,
    "enp3s0 TX": 122415138.0,
    "wlp2s0 RX": 0.0,
    "wlp2s0 TX": 0.0,
    "PDU power": 10.0
}