{
    "CPU temp": 59.0,
    "CPU load (/proc/stat)(1s)": 0.4456824512534819,
    "CPU power": 5.777084,
    "lo RX": 0.0,
    "lo TX": 0.0,
    "enp3s0 RX": 2250960.0,
    "enp3s0 TX": 121396938.0,
    "wlp2s0 RX": 0.0,
    "wlp2s0 TX": 0.0,
    "PDU power": 9.0
}