{
    "CPU temp": 59.0,
    "CPU load (/proc/stat)(1s)": 0.42492917847025496,
    "CPU power": 5.632309,
    "lo RX": 0.0,
    "lo TX": 0.0,
    "enp3s0 RX": 2245578.0,
    "enp3s0 TX": 121520672.0,
    "wlp2s0 RX": 0.0,
    "wlp2s0 TX": 0.0,
    "PDU power": 9.0
}