{
    "CPU temp": 59.0,
    "CPU load (/proc/stat)(1s)": 0.42528735632183906,
    "CPU power": 5.638902,
    "lo RX": 0.0,
    "lo TX": 0.0,
    "enp3s0 RX": 2242842.0,
    "enp3s0 TX": 121340650.0,
    "wlp2s0 RX": 0.0,
    "wlp2s0 TX": 0.0,
    "PDU power": 9.0
}