{
    "CPU temp": 59.0,
    "CPU load (/proc/stat)(1s)": 0.4309859154929577,
    "CPU power": 5.651353,
    "lo RX": 0.0,
    "lo TX": 0.0,
    "enp3s0 RX": 2253881.0,
    "enp3s0 TX": 121775280.0,
    "wlp2s0 RX": 0.0,
    "wlp2s0 TX": 0.0,
    "PDU power": 10.0
}