{
    "CPU temp": 59.0,
    "CPU load (/proc/stat)(1s)": 0.49340369393139843,
    "CPU power": 5.665757,
    "lo RX": 0.0,
    "lo TX": 0.0,
    "enp3s0 RX": 99779807.0,
    "enp3s0 TX": 95022.0,
    "wlp2s0 RX": 0.0,
    "wlp2s0 TX": 0.0,
    "PDU power": 10.0
}