{
    "CPU temp": 59.0,
    "CPU load (/proc/stat)(1s)": 0.5275590551181102,
    "CPU power": 5.960556,
    "lo RX": 0.0,
    "lo TX": 0.0,
    "enp3s0 RX": 121215770.0,
    "enp3s0 TX": 112948.0,
    "wlp2s0 RX": 0.0,
    "wlp2s0 TX": 0.0,
    "PDU power": 10.0
}