{
    "CPU temp": 60.0,
    "CPU load (/proc/stat)(1s)": 0.5291005291005291,
    "CPU power": 5.966049,
    "lo RX": 0.0,
    "lo TX": 0.0,
    "enp3s0 RX": 120428524.0,
    "enp3s0 TX": 105672.0,
    "wlp2s0 RX": 0.0,
    "wlp2s0 TX": 0.0,
    "PDU power": 9.0
}