{
    "CPU temp": 55.0,
    "CPU load (/proc/stat)(1s)": 0.22546419098143236,
    "CPU power": 3.833974,
    "lo RX": 0.0,
    "lo TX": 0.0,
    "enp3s0 RX": 121413536.0,
    "enp3s0 TX": 107400.0,
    "wlp2s0 RX": 0.0,
    "wlp2s0 TX": 0.0,
    "PDU power": 9.0
}