{
    "CPU temp": 53.0,
    "CPU load (/proc/stat)(1s)": 0.023054755043227664,
    "CPU power": 2.552118,
    "lo RX": 0.0,
    "lo TX": 0.0,
    "enp3s0 RX": 2054117.0,
    "enp3s0 TX": 120994846.0,
    "wlp2s0 RX": 0.0,
    "wlp2s0 TX": 0.0,
    "PDU power": 8.0
}