{
    "CPU temp": 60.0,
    "CPU load (/proc/stat)(1s)": 0.5305039787798409,
    "CPU power": 6.067672,
    "lo RX": 0.0,
    "lo TX": 0.0,
    "enp3s0 RX": 120987872.0,
    "enp3s0 TX": 108386.0,
    "wlp2s0 RX": 0.0,
    "wlp2s0 TX": 0.0,
    "PDU power": 11.0
}