{
    "CPU temp": 61.0,
    "CPU load (/proc/stat)(1s)": 0.5373563218390804,
    "CPU power": 6.451888,
    "lo RX": 0.0,
    "lo TX": 0.0,
    "enp3s0 RX": 2252273.0,
    "enp3s0 TX": 121743614.0,
    "wlp2s0 RX": 0.0,
    "wlp2s0 TX": 0.0,
    "PDU power": 10.0
}