{
    "CPU temp": 61.0,
    "CPU load (/proc/stat)(1s)": 0.5488505747126436,
    "CPU power": 6.527083,
    "lo RX": 0.0,
    "lo TX": 0.0,
    "enp3s0 RX": 2267201.0,
    "enp3s0 TX": 122321954.0,
    "wlp2s0 RX": 0.0,
    "wlp2s0 TX": 0.0,
    "PDU power": 11.0
}