{
    "CPU temp": 61.0,
    "CPU load (/proc/stat)(1s)": 0.5151515151515151,
    "CPU power": 6.098435,
    "lo RX": 0.0,
    "lo TX": 0.0,
    "enp3s0 RX": 1676592.0,
    "enp3s0 TX": 89686734.0,
    "wlp2s0 RX": 0.0,
    "wlp2s0 TX": 0.0,
    "PDU power": 9.0
}