{
    "CPU temp": 61.0,
    "CPU load (/proc/stat)(1s)": 0.6368421052631579,
    "CPU power": 6.746565,
    "lo RX": 0.0,
    "lo TX": 0.0,
    "enp3s0 RX": 119401299.0,
    "enp3s0 TX": 104106.0,
    "wlp2s0 RX": 0.0,
    "wlp2s0 TX": 0.0,
    "PDU power": 10.0
}