{
    "CPU temp": 61.0,
    "CPU load (/proc/stat)(1s)": 0.643979057591623,
    "CPU power": 6.804304,
    "lo RX": 0.0,
    "lo TX": 0.0,
    "enp3s0 RX": 118287280.0,
    "enp3s0 TX": 102972.0,
    "wlp2s0 RX": 0.0,
    "wlp2s0 TX": 0.0,
    "PDU power": 11.0
}