{
    "CPU temp": 62.0,
    "CPU load (/proc/stat)(1s)": 0.6293103448275862,
    "CPU power": 7.008343,
    "lo RX": 0.0,
    "lo TX": 0.0,
    "enp3s0 RX": 2265581.0,
    "enp3s0 TX": 122478972.0,
    "wlp2s0 RX": 0.0,
    "wlp2s0 TX": 0.0,
    "PDU power": 11.0
}