{
    "CPU temp": 62.0,
    "CPU load (/proc/stat)(1s)": 0.6320224719101124,
    "CPU power": 6.967939,
    "lo RX": 0.0,
    "lo TX": 0.0,
    "enp3s0 RX": 2277101.0,
    "enp3s0 TX": 122578192.0,
    "wlp2s0 RX": 0.0,
    "wlp2s0 TX": 0.0,
    "PDU power": 10.0
}