{
    "CPU temp": 62.0,
    "CPU load (/proc/stat)(1s)": 0.6017191977077364,
    "CPU power": 6.774763,
    "lo RX": 0.0,
    "lo TX": 0.0,
    "enp3s0 RX": 2273622.0,
    "enp3s0 TX": 122697974.0,
    "wlp2s0 RX": 0.0,
    "wlp2s0 TX": 0.0,
    "PDU power": 10.0
}