{
    "CPU temp": 55.0,
    "CPU load (/proc/stat)(1s)": 0.25526315789473686,
    "CPU power": 4.208059,
    "lo RX": 0.0,
    "lo TX": 0.0,
    "enp3s0 RX": 121064338.0,
    "enp3s0 TX": 107700.0,
    "wlp2s0 RX": 0.0,
    "wlp2s0 TX": 0.0,
    "PDU power": 8.0
}