{
    "CPU temp": 62.0,
    "CPU load (/proc/stat)(1s)": 0.6189111747851003,
    "CPU power": 6.937055,
    "lo RX": 0.0,
    "lo TX": 0.0,
    "enp3s0 RX": 2244204.0,
    "enp3s0 TX": 121052186.0,
    "wlp2s0 RX": 0.0,
    "wlp2s0 TX": 0.0,
    "PDU power": 7.0
}