{
    "CPU temp": 62.0,
    "CPU load (/proc/stat)(1s)": 0.7225130890052356,
    "CPU power": 7.130414,
    "lo RX": 0.0,
    "lo TX": 0.0,
    "enp3s0 RX": 118771602.0,
    "enp3s0 TX": 104214.0,
    "wlp2s0 RX": 0.0,
    "wlp2s0 TX": 0.0,
    "PDU power": 11.0
}