{
    "CPU temp": 63.0,
    "CPU load (/proc/stat)(1s)": 0.7308707124010554,
    "CPU power": 7.214642,
    "lo RX": 0.0,
    "lo TX": 0.0,
    "enp3s0 RX": 118792091.0,
    "enp3s0 TX": 108270.0,
    "wlp2s0 RX": 0.0,
    "wlp2s0 TX": 0.0,
    "PDU power": 9.0
}