{
    "CPU temp": 63.0,
    "CPU load (/proc/stat)(1s)": 0.7203166226912929,
    "CPU power": 7.345073,
    "lo RX": 0.0,
    "lo TX": 0.0,
    "enp3s0 RX": 119007669.0,
    "enp3s0 TX": 104780.0,
    "wlp2s0 RX": 0.0,
    "wlp2s0 TX": 0.0,
    "PDU power": 11.0
}