{
    "CPU temp": 64.0,
    "CPU load (/proc/stat)(1s)": 0.7270341207349081,
    "CPU power": 7.402202,
    "lo RX": 0.0,
    "lo TX": 0.0,
    "enp3s0 RX": 117808266.0,
    "enp3s0 TX": 104326.0,
    "wlp2s0 RX": 0.0,
    "wlp2s0 TX": 0.0,
    "PDU power": 10.0
}