{
    "CPU temp": 64.0,
    "CPU load (/proc/stat)(1s)": 0.7315789473684211,
    "CPU power": 7.420331,
    "lo RX": 0.0,
    "lo TX": 0.0,
    "enp3s0 RX": 119415314.0,
    "enp3s0 TX": 105986.0,
    "wlp2s0 RX": 0.0,
    "wlp2s0 TX": 0.0,
    "PDU power": 12.0
}