{
    "CPU temp": 64.0,
    "CPU load (/proc/stat)(1s)": 0.7243401759530792,
    "CPU power": 7.584881,
    "lo RX": 0.0,
    "lo TX": 0.0,
    "enp3s0 RX": 2244222.0,
    "enp3s0 TX": 122140020.0,
    "wlp2s0 RX": 0.0,
    "wlp2s0 TX": 0.0,
    "PDU power": 11.0
}