{
    "CPU temp": 64.0,
    "CPU load (/proc/stat)(1s)": 0.7342857142857143,
    "CPU power": 7.564861,
    "lo RX": 0.0,
    "lo TX": 0.0,
    "enp3s0 RX": 2247762.0,
    "enp3s0 TX": 121512376.0,
    "wlp2s0 RX": 0.0,
    "wlp2s0 TX": 0.0,
    "PDU power": 11.0
}