{
    "CPU temp": 55.0,
    "CPU load (/proc/stat)(1s)": 0.21148825065274152,
    "CPU power": 3.783621,
    "lo RX": 0.0,
    "lo TX": 0.0,
    "enp3s0 RX": 100868521.0,
    "enp3s0 TX": 92039.0,
    "wlp2s0 RX": 0.0,
    "wlp2s0 TX": 0.0,
    "PDU power": 9.0
}