{
    "CPU temp": 53.0,
    "CPU load (/proc/stat)(1s)": 0.023121387283236993,
    "CPU power": 2.386834,
    "lo RX": 0.0,
    "lo TX": 0.0,
    "enp3s0 RX": 2250588.0,
    "enp3s0 TX": 121709316.0,
    "wlp2s0 RX": 0.0,
    "wlp2s0 TX": 0.0,
    "PDU power": 8.0
}