{
    "CPU temp": 64.0,
    "CPU load (/proc/stat)(1s)": 0.7357954545454546,
    "CPU power": 7.624493,
    "lo RX": 0.0,
    "lo TX": 0.0,
    "enp3s0 RX": 2255645.0,
    "enp3s0 TX": 121885610.0,
    "wlp2s0 RX": 0.0,
    "wlp2s0 TX": 0.0,
    "PDU power": 10.0
}