{
    "CPU temp": 64.0,
    "CPU load (/proc/stat)(1s)": 0.71875,
    "CPU power": 7.455548,
    "lo RX": 0.0,
    "lo TX": 0.0,
    "enp3s0 RX": 2273261.0,
    "enp3s0 TX": 122583538.0,
    "wlp2s0 RX": 0.0,
    "wlp2s0 TX": 0.0,
    "PDU power": 10.0
}