{
    "CPU temp": 65.0,
    "CPU load (/proc/stat)(1s)": 0.8316062176165803,
    "CPU power": 8.013651,
    "lo RX": 0.0,
    "lo TX": 0.0,
    "enp3s0 RX": 116438555.0,
    "enp3s0 TX": 101706.0,
    "wlp2s0 RX": 0.0,
    "wlp2s0 TX": 0.0,
    "PDU power": 11.0
}