{
    "CPU temp": 65.0,
    "CPU load (/proc/stat)(1s)": 0.8177083333333334,
    "CPU power": 7.859172,
    "lo RX": 0.0,
    "lo TX": 0.0,
    "enp3s0 RX": 115888743.0,
    "enp3s0 TX": 101460.0,
    "wlp2s0 RX": 0.0,
    "wlp2s0 TX": 0.0,
    "PDU power": 10.0
}