{
    "CPU temp": 65.0,
    "CPU load (/proc/stat)(1s)": 0.828125,
    "CPU power": 7.998026,
    "lo RX": 0.0,
    "lo TX": 0.0,
    "enp3s0 RX": 116028031.0,
    "enp3s0 TX": 103786.0,
    "wlp2s0 RX": 0.0,
    "wlp2s0 TX": 0.0,
    "PDU power": 10.0
}