{
    "CPU temp": 55.0,
    "CPU load (/proc/stat)(1s)": 0.3007915567282322,
    "CPU power": 4.302296,
    "lo RX": 0.0,
    "lo TX": 0.0,
    "enp3s0 RX": 122031241.0,
    "enp3s0 TX": 107968.0,
    "wlp2s0 RX": 0.0,
    "wlp2s0 TX": 0.0,
    "PDU power": 9.0
}