{
    "CPU temp": 54.0,
    "CPU load (/proc/stat)(1s)": 0.21842105263157896,
    "CPU power": 3.888052,
    "lo RX": 0.0,
    "lo TX": 0.0,
    "enp3s0 RX": 122411994.0,
    "enp3s0 TX": 107778.0,
    "wlp2s0 RX": 0.0,
    "wlp2s0 TX": 0.0,
    "PDU power": 9.0
}