{
    "CPU temp": 53.0,
    "CPU load (/proc/stat)(1s)": 0.028169014084507043,
    "CPU power": 2.667718,
    "lo RX": 0.0,
    "lo TX": 0.0,
    "enp3s0 RX": 2243742.0,
    "enp3s0 TX": 121255062.0,
    "wlp2s0 RX": 0.0,
    "wlp2s0 TX": 0.0,
    "PDU power": 8.0
}