{
    "CPU temp": 66.0,
    "CPU load (/proc/stat)(1s)": 0.8328611898016998,
    "CPU power": 8.180216,
    "lo RX": 0.0,
    "lo TX": 0.0,
    "enp3s0 RX": 2264382.0,
    "enp3s0 TX": 122470350.0,
    "wlp2s0 RX": 0.0,
    "wlp2s0 TX": 0.0,
    "PDU power": 10.0
}