{
    "CPU temp": 66.0,
    "CPU load (/proc/stat)(1s)": 0.830028328611898,
    "CPU power": 8.129923,
    "lo RX": 0.0,
    "lo TX": 0.0,
    "enp3s0 RX": 2267442.0,
    "enp3s0 TX": 122315132.0,
    "wlp2s0 RX": 0.0,
    "wlp2s0 TX": 0.0,
    "PDU power": 12.0
}