{
    "CPU temp": 66.0,
    "CPU load (/proc/stat)(1s)": 0.827683615819209,
    "CPU power": 8.137797,
    "lo RX": 0.0,
    "lo TX": 0.0,
    "enp3s0 RX": 2242538.0,
    "enp3s0 TX": 120940044.0,
    "wlp2s0 RX": 0.0,
    "wlp2s0 TX": 0.0,
    "PDU power": 11.0
}