{
    "CPU temp": 64.0,
    "CPU load (/proc/stat)(1s)": 0.48138297872340424,
    "CPU power": 5.483445,
    "lo RX": 0.0,
    "lo TX": 0.0,
    "enp3s0 RX": 995178.0,
    "enp3s0 TX": 53111665.0,
    "wlp2s0 RX": 0.0,
    "wlp2s0 TX": 0.0,
    "PDU power": 8.0
}