{
    "CPU temp": 67.0,
    "CPU load (/proc/stat)(1s)": 0.922879177377892,
    "CPU power": 8.605447,
    "lo RX": 0.0,
    "lo TX": 0.0,
    "enp3s0 RX": 115751266.0,
    "enp3s0 TX": 103260.0,
    "wlp2s0 RX": 0.0,
    "wlp2s0 TX": 0.0,
    "PDU power": 11.0
}