{
    "CPU temp": 56.0,
    "CPU load (/proc/stat)(1s)": 0.3064516129032258,
    "CPU power": 4.624256,
    "lo RX": 0.0,
    "lo TX": 0.0,
    "enp3s0 RX": 120253555.0,
    "enp3s0 TX": 106472.0,
    "wlp2s0 RX": 0.0,
    "wlp2s0 TX": 0.0,
    "PDU power": 9.0
}