{
    "CPU temp": 53.0,
    "CPU load (/proc/stat)(1s)": 0.022792022792022793,
    "CPU power": 2.641168,
    "lo RX": 0.0,
    "lo TX": 0.0,
    "enp3s0 RX": 2243358.0,
    "enp3s0 TX": 121055268.0,
    "wlp2s0 RX": 0.0,
    "wlp2s0 TX": 0.0,
    "PDU power": 7.0
}