{
    "CPU temp": 67.0,
    "CPU load (/proc/stat)(1s)": 0.9300518134715026,
    "CPU power": 8.607949,
    "lo RX": 0.0,
    "lo TX": 0.0,
    "enp3s0 RX": 108794302.0,
    "enp3s0 TX": 96950.0,
    "wlp2s0 RX": 0.0,
    "wlp2s0 TX": 0.0,
    "PDU power": 11.0
}