{
    "CPU temp": 67.0,
    "CPU load (/proc/stat)(1s)": 0.9178470254957507,
    "CPU power": 8.648293,
    "lo RX": 0.0,
    "lo TX": 0.0,
    "enp3s0 RX": 2045497.0,
    "enp3s0 TX": 111646364.0,
    "wlp2s0 RX": 0.0,
    "wlp2s0 TX": 0.0,
    "PDU power": 11.0
}