{
    "CPU temp": 67.0,
    "CPU load (/proc/stat)(1s)": 0.9241573033707865,
    "CPU power": 8.659036,
    "lo RX": 0.0,
    "lo TX": 0.0,
    "enp3s0 RX": 2127029.0,
    "enp3s0 TX": 115507192.0,
    "wlp2s0 RX": 0.0,
    "wlp2s0 TX": 0.0,
    "PDU power": 11.0
}