{
    "CPU temp": 68.0,
    "CPU load (/proc/stat)(1s)": 0.9211267605633803,
    "CPU power": 8.66343,
    "lo RX": 0.0,
    "lo TX": 0.0,
    "enp3s0 RX": 2272062.0,
    "enp3s0 TX": 122245112.0,
    "wlp2s0 RX": 0.0,
    "wlp2s0 TX": 0.0,
    "PDU power": 11.0
}