{
    "CPU temp": 61.0,
    "CPU load (/proc/stat)(1s)": 0.021108179419525065,
    "CPU power": 2.46734,
    "lo RX": 0.0,
    "lo TX": 0.0,
    "enp3s0 RX": 118753733.0,
    "enp3s0 TX": 105868.0,
    "wlp2s0 RX": 0.0,
    "wlp2s0 TX": 0.0,
    "PDU power": 7.0
}