{
    "CPU temp": 55.0,
    "CPU load (/proc/stat)(1s)": 0.22015915119363394,
    "CPU power": 3.975209,
    "lo RX": 0.0,
    "lo TX": 0.0,
    "enp3s0 RX": 121436060.0,
    "enp3s0 TX": 111558.0,
    "wlp2s0 RX": 0.0,
    "wlp2s0 TX": 0.0,
    "PDU power": 10.0
}