{
    "CPU temp": 56.0,
    "CPU load (/proc/stat)(1s)": 0.3447368421052632,
    "CPU power": 4.844043,
    "lo RX": 0.0,
    "lo TX": 0.0,
    "enp3s0 RX": 122251658.0,
    "enp3s0 TX": 108780.0,
    "wlp2s0 RX": 0.0,
    "wlp2s0 TX": 0.0,
    "PDU power": 9.0
}