{
    "CPU temp": 59.0,
    "CPU load (/proc/stat)(1s)": 0.021108179419525065,
    "CPU power": 2.455804,
    "lo RX": 0.0,
    "lo TX": 0.0,
    "enp3s0 RX": 119716003.0,
    "enp3s0 TX": 106346.0,
    "wlp2s0 RX": 0.0,
    "wlp2s0 TX": 0.0,
    "PDU power": 8.0
}