{
    "CPU temp": 57.0,
    "CPU load (/proc/stat)(1s)": 0.02972972972972973,
    "CPU power": 2.310236,
    "lo RX": 0.0,
    "lo TX": 0.0,
    "enp3s0 RX": 121585596.0,
    "enp3s0 TX": 107250.0,
    "wlp2s0 RX": 0.0,
    "wlp2s0 TX": 0.0,
    "PDU power": 7.0
}