{
    "CPU temp": 57.0,
    "CPU load (/proc/stat)(1s)": 0.014204545454545454,
    "CPU power": 2.969108,
    "lo RX": 0.0,
    "lo TX": 0.0,
    "enp3s0 RX": 2239782.0,
    "enp3s0 TX": 121267280.0,
    "wlp2s0 RX": 0.0,
    "wlp2s0 TX": 0.0,
    "PDU power": 8.0
}