{
    "CPU temp": 56.0,
    "CPU load (/proc/stat)(1s)": 0.03151862464183381,
    "CPU power": 2.803459,
    "lo RX": 0.0,
    "lo TX": 0.0,
    "enp3s0 RX": 2225538.0,
    "enp3s0 TX": 120386552.0,
    "wlp2s0 RX": 0.0,
    "wlp2s0 TX": 0.0,
    "PDU power": 8.0
}