{
    "CPU temp": 56.0,
    "CPU load (/proc/stat)(1s)": 0.025210084033613446,
    "CPU power": 2.954277,
    "lo RX": 0.0,
    "lo TX": 0.0,
    "enp3s0 RX": 2151463.0,
    "enp3s0 TX": 117443064.0,
    "wlp2s0 RX": 0.0,
    "wlp2s0 TX": 0.0,
    "PDU power": 8.0
}