{
    "CPU temp": 55.0,
    "CPU load (/proc/stat)(1s)": 0.11405835543766578,
    "CPU power": 3.092949,
    "lo RX": 0.0,
    "lo TX": 0.0,
    "enp3s0 RX": 121795473.0,
    "enp3s0 TX": 107776.0,
    "wlp2s0 RX": 0.0,
    "wlp2s0 TX": 0.0,
    "PDU power": 9.0
}