{
    "CPU temp": 62.0,
    "CPU load (/proc/stat)(1s)": 0.7263157894736842,
    "CPU power": 7.331708,
    "lo RX": 0.0,
    "lo TX": 0.0,
    "enp3s0 RX": 118941352.0,
    "enp3s0 TX": 116356.0,
    "wlp2s0 RX": 0.0,
    "wlp2s0 TX": 0.0,
    "PDU power": 11.0
}