{
    "CPU temp": 55.0,
    "CPU load (/proc/stat)(1s)": 0.2833333333333333,
    "CPU power": 4.668872,
    "lo RX": 0.0,
    "lo TX": 0.0,
    "enp3s0 RX": 50810941.0,
    "enp3s0 TX": 70676934.0,
    "wlp2s0 RX": 0.0,
    "wlp2s0 TX": 0.0,
    "PDU power": 9.0
}