{
    "CPU temp": 54.0,
    "CPU load (/proc/stat)(1s)": 0.27034120734908135,
    "CPU power": 4.003957,
    "lo RX": 0.0,
    "lo TX": 0.0,
    "enp3s0 RX": 83765055.0,
    "enp3s0 TX": 75842.0,
    "wlp2s0 RX": 0.0,
    "wlp2s0 TX": 0.0,
    "PDU power": 8.0
}