{
    "CPU temp": 56.0,
    "CPU load (/proc/stat)(1s)": 0.13262599469496023,
    "CPU power": 3.204521,
    "lo RX": 0.0,
    "lo TX": 0.0,
    "enp3s0 RX": 121753636.0,
    "enp3s0 TX": 109394.0,
    "wlp2s0 RX": 0.0,
    "wlp2s0 TX": 0.0,
    "PDU power": 9.0
}