{
    "CPU temp": 55.0,
    "CPU load (/proc/stat)(1s)": 0.11345646437994723,
    "CPU power": 3.029045,
    "lo RX": 0.0,
    "lo TX": 0.0,
    "enp3s0 RX": 112712434.0,
    "enp3s0 TX": 100814.0,
    "wlp2s0 RX": 0.0,
    "wlp2s0 TX": 0.0,
    "PDU power": 8.0
}