{
    "CPU temp": 56.0,
    "CPU load (/proc/stat)(1s)": 0.0891891891891892,
    "CPU power": 3.056938,
    "lo RX": 0.0,
    "lo TX": 0.0,
    "enp3s0 RX": 78559297.0,
    "enp3s0 TX": 36893644.0,
    "wlp2s0 RX": 0.0,
    "wlp2s0 TX": 0.0,
    "PDU power": 9.0
}