{
    "CPU temp": 56.0,
    "CPU load (/proc/stat)(1s)": 0.07262569832402235,
    "CPU power": 3.246146,
    "lo RX": 0.0,
    "lo TX": 0.0,
    "enp3s0 RX": 1975725.0,
    "enp3s0 TX": 111268230.0,
    "wlp2s0 RX": 0.0,
    "wlp2s0 TX": 0.0,
    "PDU power": 9.0
}