{
    "CPU temp": 56.0,
    "CPU load (/proc/stat)(1s)": 0.06179775280898876,
    "CPU power": 3.166374,
    "lo RX": 0.0,
    "lo TX": 0.0,
    "enp3s0 RX": 2021064.0,
    "enp3s0 TX": 109645816.0,
    "wlp2s0 RX": 0.0,
    "wlp2s0 TX": 0.0,
    "PDU power": 9.0
}