{
    "CPU temp": 56.0,
    "CPU load (/proc/stat)(1s)": 0.09269662921348315,
    "CPU power": 3.381156,
    "lo RX": 0.0,
    "lo TX": 0.0,
    "enp3s0 RX": 2088600.0,
    "enp3s0 TX": 113277902.0,
    "wlp2s0 RX": 0.0,
    "wlp2s0 TX": 0.0,
    "PDU power": 8.0
}