{
    "CPU temp": 56.0,
    "CPU load (/proc/stat)(1s)": 0.11267605633802817,
    "CPU power": 3.522574,
    "lo RX": 0.0,
    "lo TX": 0.0,
    "enp3s0 RX": 2008529.0,
    "enp3s0 TX": 109951538.0,
    "wlp2s0 RX": 0.0,
    "wlp2s0 TX": 0.0,
    "PDU power": 8.0
}