{
    "CPU temp": 56.0,
    "CPU load (/proc/stat)(1s)": 0.32114882506527415,
    "CPU power": 4.634692,
    "lo RX": 0.0,
    "lo TX": 0.0,
    "enp3s0 RX": 122040086.0,
    "enp3s0 TX": 107970.0,
    "wlp2s0 RX": 0.0,
    "wlp2s0 TX": 0.0,
    "PDU power": 10.0
}