{
    "CPU temp": 56.0,
    "CPU load (/proc/stat)(1s)": 0.2617801047120419,
    "CPU power": 4.270009,
    "lo RX": 0.0,
    "lo TX": 0.0,
    "enp3s0 RX": 109513833.0,
    "enp3s0 TX": 100656.0,
    "wlp2s0 RX": 0.0,
    "wlp2s0 TX": 0.0,
    "PDU power": 8.0
}