{
    "CPU temp": 56.0,
    "CPU load (/proc/stat)(1s)": 0.1856763925729443,
    "CPU power": 3.625174,
    "lo RX": 0.0,
    "lo TX": 0.0,
    "enp3s0 RX": 117248092.0,
    "enp3s0 TX": 104460.0,
    "wlp2s0 RX": 0.0,
    "wlp2s0 TX": 0.0,
    "PDU power": 8.0
}