{
    "CPU temp": 56.0,
    "CPU load (/proc/stat)(1s)": 0.20105820105820105,
    "CPU power": 3.717032,
    "lo RX": 0.0,
    "lo TX": 0.0,
    "enp3s0 RX": 118989142.0,
    "enp3s0 TX": 106178.0,
    "wlp2s0 RX": 0.0,
    "wlp2s0 TX": 0.0,
    "PDU power": 8.0
}