{
    "CPU temp": 56.0,
    "CPU load (/proc/stat)(1s)": 0.22894736842105262,
    "CPU power": 3.957204,
    "lo RX": 0.0,
    "lo TX": 0.0,
    "enp3s0 RX": 121765494.0,
    "enp3s0 TX": 107400.0,
    "wlp2s0 RX": 0.0,
    "wlp2s0 TX": 0.0,
    "PDU power": 9.0
}