{
    "CPU temp": 56.0,
    "CPU load (/proc/stat)(1s)": 0.2178477690288714,
    "CPU power": 3.966726,
    "lo RX": 0.0,
    "lo TX": 0.0,
    "enp3s0 RX": 122061461.0,
    "enp3s0 TX": 107994.0,
    "wlp2s0 RX": 0.0,
    "wlp2s0 TX": 0.0,
    "PDU power": 8.0
}