{
    "CPU temp": 56.0,
    "CPU load (/proc/stat)(1s)": 0.21690140845070421,
    "CPU power": 4.336659,
    "lo RX": 0.0,
    "lo TX": 0.0,
    "enp3s0 RX": 2105573.0,
    "enp3s0 TX": 115387660.0,
    "wlp2s0 RX": 0.0,
    "wlp2s0 TX": 0.0,
    "PDU power": 8.0
}