{
    "CPU temp": 56.0,
    "CPU load (/proc/stat)(1s)": 0.22033898305084745,
    "CPU power": 4.339466,
    "lo RX": 0.0,
    "lo TX": 0.0,
    "enp3s0 RX": 1969632.0,
    "enp3s0 TX": 109120938.0,
    "wlp2s0 RX": 0.0,
    "wlp2s0 TX": 0.0,
    "PDU power": 9.0
}