{
    "CPU temp": 56.0,
    "CPU load (/proc/stat)(1s)": 0.3228346456692913,
    "CPU power": 4.792956,
    "lo RX": 0.0,
    "lo TX": 0.0,
    "enp3s0 RX": 121948119.0,
    "enp3s0 TX": 108100.0,
    "wlp2s0 RX": 0.0,
    "wlp2s0 TX": 0.0,
    "PDU power": 11.0
}