{
    "CPU temp": 57.0,
    "CPU load (/proc/stat)(1s)": 0.26536312849162014,
    "CPU power": 4.582935,
    "lo RX": 0.0,
    "lo TX": 0.0,
    "enp3s0 RX": 2088702.0,
    "enp3s0 TX": 114815320.0,
    "wlp2s0 RX": 0.0,
    "wlp2s0 TX": 0.0,
    "PDU power": 9.0
}