{
    "CPU temp": 57.0,
    "CPU load (/proc/stat)(1s)": 0.3629242819843342,
    "CPU power": 4.681201,
    "lo RX": 0.0,
    "lo TX": 0.0,
    "enp3s0 RX": 118795946.0,
    "enp3s0 TX": 111592.0,
    "wlp2s0 RX": 0.0,
    "wlp2s0 TX": 0.0,
    "PDU power": 8.0
}