{
    "CPU temp": 57.0,
    "CPU load (/proc/stat)(1s)": 0.3228346456692913,
    "CPU power": 4.663684,
    "lo RX": 0.0,
    "lo TX": 0.0,
    "enp3s0 RX": 119294313.0,
    "enp3s0 TX": 106616.0,
    "wlp2s0 RX": 0.0,
    "wlp2s0 TX": 0.0,
    "PDU power": 10.0
}