{
    "CPU temp": 57.0,
    "CPU load (/proc/stat)(1s)": 0.29842931937172773,
    "CPU power": 4.491627,
    "lo RX": 0.0,
    "lo TX": 0.0,
    "enp3s0 RX": 119346177.0,
    "enp3s0 TX": 106538.0,
    "wlp2s0 RX": 0.0,
    "wlp2s0 TX": 0.0,
    "PDU power": 8.0
}