{
    "CPU temp": 58.0,
    "CPU load (/proc/stat)(1s)": 0.3068181818181818,
    "CPU power": 4.876696,
    "lo RX": 0.0,
    "lo TX": 0.0,
    "enp3s0 RX": 2158272.0,
    "enp3s0 TX": 117921990.0,
    "wlp2s0 RX": 0.0,
    "wlp2s0 TX": 0.0,
    "PDU power": 10.0
}