{
    "CPU temp": 56.0,
    "CPU load (/proc/stat)(1s)": 0.21839080459770116,
    "CPU power": 4.379444,
    "lo RX": 0.0,
    "lo TX": 0.0,
    "enp3s0 RX": 2115437.0,
    "enp3s0 TX": 120844768.0,
    "wlp2s0 RX": 0.0,
    "wlp2s0 TX": 0.0,
    "PDU power": 8.0
}