{
    "CPU temp": 56.0,
    "CPU load (/proc/stat)(1s)": 0.45646437994722955,
    "CPU power": 5.401354,
    "lo RX": 0.0,
    "lo TX": 0.0,
    "enp3s0 RX": 118438471.0,
    "enp3s0 TX": 106276.0,
    "wlp2s0 RX": 0.0,
    "wlp2s0 TX": 0.0,
    "PDU power": 10.0
}