{
    "CPU temp": 55.0,
    "CPU load (/proc/stat)(1s)": 0.232620320855615,
    "CPU power": 4.100514,
    "lo RX": 0.0,
    "lo TX": 0.0,
    "enp3s0 RX": 121759197.0,
    "enp3s0 TX": 105454.0,
    "wlp2s0 RX": 0.0,
    "wlp2s0 TX": 0.0,
    "PDU power": 8.0
}