{
    "CPU temp": 58.0,
    "CPU load (/proc/stat)(1s)": 0.29829545454545453,
    "CPU power": 4.875659,
    "lo RX": 0.0,
    "lo TX": 0.0,
    "enp3s0 RX": 2181071.0,
    "enp3s0 TX": 119002124.0,
    "wlp2s0 RX": 0.0,
    "wlp2s0 TX": 0.0,
    "PDU power": 10.0
}