{
    "CPU temp": 58.0,
    "CPU load (/proc/stat)(1s)": 0.34097421203438394,
    "CPU power": 5.14818,
    "lo RX": 0.0,
    "lo TX": 0.0,
    "enp3s0 RX": 2113319.0,
    "enp3s0 TX": 114701094.0,
    "wlp2s0 RX": 0.0,
    "wlp2s0 TX": 0.0,
    "PDU power": 8.0
}