{
    "CPU temp": 58.0,
    "CPU load (/proc/stat)(1s)": 0.358974358974359,
    "CPU power": 5.285143,
    "lo RX": 0.0,
    "lo TX": 0.0,
    "enp3s0 RX": 2170976.0,
    "enp3s0 TX": 117172564.0,
    "wlp2s0 RX": 0.0,
    "wlp2s0 TX": 0.0,
    "PDU power": 8.0
}