{
    "CPU temp": 58.0,
    "CPU load (/proc/stat)(1s)": 0.42744063324538256,
    "CPU power": 5.186938,
    "lo RX": 0.0,
    "lo TX": 0.0,
    "enp3s0 RX": 118357916.0,
    "enp3s0 TX": 106366.0,
    "wlp2s0 RX": 0.0,
    "wlp2s0 TX": 0.0,
    "PDU power": 10.0
}