{
    "CPU temp": 58.0,
    "CPU load (/proc/stat)(1s)": 0.4140625,
    "CPU power": 5.071459,
    "lo RX": 0.0,
    "lo TX": 0.0,
    "enp3s0 RX": 107844739.0,
    "enp3s0 TX": 97444.0,
    "wlp2s0 RX": 0.0,
    "wlp2s0 TX": 0.0,
    "PDU power": 8.0
}