{
    "CPU temp": 59.0,
    "CPU load (/proc/stat)(1s)": 0.4368421052631579,
    "CPU power": 5.527696,
    "lo RX": 0.0,
    "lo TX": 0.0,
    "enp3s0 RX": 111721665.0,
    "enp3s0 TX": 98488.0,
    "wlp2s0 RX": 0.0,
    "wlp2s0 TX": 0.0,
    "PDU power": 9.0
}