{
    "CPU temp": 59.0,
    "CPU load (/proc/stat)(1s)": 0.4297752808988764,
    "CPU power": 5.69017,
    "lo RX": 0.0,
    "lo TX": 0.0,
    "enp3s0 RX": 2156550.0,
    "enp3s0 TX": 117991864.0,
    "wlp2s0 RX": 0.0,
    "wlp2s0 TX": 0.0,
    "PDU power": 9.0
}