{
    "CPU temp": 59.0,
    "CPU load (/proc/stat)(1s)": 0.4406779661016949,
    "CPU power": 5.768662,
    "lo RX": 0.0,
    "lo TX": 0.0,
    "enp3s0 RX": 2224295.0,
    "enp3s0 TX": 120183984.0,
    "wlp2s0 RX": 0.0,
    "wlp2s0 TX": 0.0,
    "PDU power": 10.0
}