{
    "CPU temp": 59.0,
    "CPU load (/proc/stat)(1s)": 0.4563380281690141,
    "CPU power": 5.830918,
    "lo RX": 0.0,
    "lo TX": 0.0,
    "enp3s0 RX": 2027507.0,
    "enp3s0 TX": 111353976.0,
    "wlp2s0 RX": 0.0,
    "wlp2s0 TX": 0.0,
    "PDU power": 10.0
}