{
    "CPU temp": 59.0,
    "CPU load (/proc/stat)(1s)": 0.41388888888888886,
    "CPU power": 5.554429,
    "lo RX": 0.0,
    "lo TX": 0.0,
    "enp3s0 RX": 2060748.0,
    "enp3s0 TX": 112946742.0,
    "wlp2s0 RX": 0.0,
    "wlp2s0 TX": 0.0,
    "PDU power": 9.0
}