{
    "CPU temp": 59.0,
    "CPU load (/proc/stat)(1s)": 0.24371859296482412,
    "CPU power": 3.576041,
    "lo RX": 0.0,
    "lo TX": 0.0,
    "enp3s0 RX": 1074796.0,
    "enp3s0 TX": 13722.0,
    "wlp2s0 RX": 0.0,
    "wlp2s0 TX": 0.0,
    "PDU power": 10.0
}