{
    "CPU temp": 59.0,
    "CPU load (/proc/stat)(1s)": 0.5286458333333334,
    "CPU power": 5.898545,
    "lo RX": 0.0,
    "lo TX": 0.0,
    "enp3s0 RX": 116182958.0,
    "enp3s0 TX": 102810.0,
    "wlp2s0 RX": 0.0,
    "wlp2s0 TX": 0.0,
    "PDU power": 9.0
}