{
    "CPU temp": 56.0,
    "CPU load (/proc/stat)(1s)": 0.20057306590257878,
    "CPU power": 4.258473,
    "lo RX": 0.0,
    "lo TX": 0.0,
    "enp3s0 RX": 2051927.0,
    "enp3s0 TX": 121554834.0,
    "wlp2s0 RX": 0.0,
    "wlp2s0 TX": 0.0,
    "PDU power": 10.0
}