{
    "CPU temp": 55.0,
    "CPU load (/proc/stat)(1s)": 0.22933333333333333,
    "CPU power": 4.03423,
    "lo RX": 0.0,
    "lo TX": 0.0,
    "enp3s0 RX": 121625528.0,
    "enp3s0 TX": 107320.0,
    "wlp2s0 RX": 0.0,
    "wlp2s0 TX": 0.0,
    "PDU power": 9.0
}