{
    "CPU temp": 60.0,
    "CPU load (/proc/stat)(1s)": 0.5275590551181102,
    "CPU power": 5.99443,
    "lo RX": 0.0,
    "lo TX": 0.0,
    "enp3s0 RX": 118718911.0,
    "enp3s0 TX": 105038.0,
    "wlp2s0 RX": 0.0,
    "wlp2s0 TX": 0.0,
    "PDU power": 9.0
}