{
    "CPU temp": 60.0,
    "CPU load (/proc/stat)(1s)": 0.5423280423280423,
    "CPU power": 6.139022,
    "lo RX": 0.0,
    "lo TX": 0.0,
    "enp3s0 RX": 118551633.0,
    "enp3s0 TX": 105278.0,
    "wlp2s0 RX": 0.0,
    "wlp2s0 TX": 0.0,
    "PDU power": 10.0
}