{
    "CPU temp": 60.0,
    "CPU load (/proc/stat)(1s)": 0.5285714285714286,
    "CPU power": 6.276717,
    "lo RX": 0.0,
    "lo TX": 0.0,
    "enp3s0 RX": 2212827.0,
    "enp3s0 TX": 120221896.0,
    "wlp2s0 RX": 0.0,
    "wlp2s0 TX": 0.0,
    "PDU power": 9.0
}