{
    "CPU temp": 61.0,
    "CPU load (/proc/stat)(1s)": 0.5183098591549296,
    "CPU power": 6.235946,
    "lo RX": 0.0,
    "lo TX": 0.0,
    "enp3s0 RX": 2050661.0,
    "enp3s0 TX": 112717776.0,
    "wlp2s0 RX": 0.0,
    "wlp2s0 TX": 0.0,
    "PDU power": 9.0
}