{
    "CPU temp": 55.0,
    "CPU load (/proc/stat)(1s)": 0.22105263157894736,
    "CPU power": 3.879323,
    "lo RX": 0.0,
    "lo TX": 0.0,
    "enp3s0 RX": 121798621.0,
    "enp3s0 TX": 108454.0,
    "wlp2s0 RX": 0.0,
    "wlp2s0 TX": 0.0,
    "PDU power": 8.0
}