{
    "CPU temp": 62.0,
    "CPU load (/proc/stat)(1s)": 0.6416184971098265,
    "CPU power": 7.055646,
    "lo RX": 0.0,
    "lo TX": 0.0,
    "enp3s0 RX": 2148858.0,
    "enp3s0 TX": 116846188.0,
    "wlp2s0 RX": 0.0,
    "wlp2s0 TX": 0.0,
    "PDU power": 11.0
}