{
    "CPU temp": 63.0,
    "CPU load (/proc/stat)(1s)": 0.7289473684210527,
    "CPU power": 7.312725,
    "lo RX": 0.0,
    "lo TX": 0.0,
    "enp3s0 RX": 110404049.0,
    "enp3s0 TX": 97062.0,
    "wlp2s0 RX": 0.0,
    "wlp2s0 TX": 0.0,
    "PDU power": 11.0
}