{
    "CPU temp": 63.0,
    "CPU load (/proc/stat)(1s)": 0.7315789473684211,
    "CPU power": 7.376385,
    "lo RX": 0.0,
    "lo TX": 0.0,
    "enp3s0 RX": 114630441.0,
    "enp3s0 TX": 100164.0,
    "wlp2s0 RX": 0.0,
    "wlp2s0 TX": 0.0,
    "PDU power": 10.0
}