{
    "CPU temp": 63.0,
    "CPU load (/proc/stat)(1s)": 0.7180156657963447,
    "CPU power": 7.251568,
    "lo RX": 0.0,
    "lo TX": 0.0,
    "enp3s0 RX": 107954845.0,
    "enp3s0 TX": 95264.0,
    "wlp2s0 RX": 0.0,
    "wlp2s0 TX": 0.0,
    "PDU power": 11.0
}