{
    "CPU temp": 64.0,
    "CPU load (/proc/stat)(1s)": 0.7229916897506925,
    "CPU power": 7.469097,
    "lo RX": 0.0,
    "lo TX": 0.0,
    "enp3s0 RX": 19036112.0,
    "enp3s0 TX": 94563244.0,
    "wlp2s0 RX": 0.0,
    "wlp2s0 TX": 0.0,
    "PDU power": 9.0
}