{
    "CPU temp": 64.0,
    "CPU load (/proc/stat)(1s)": 0.7325905292479109,
    "CPU power": 7.507793,
    "lo RX": 0.0,
    "lo TX": 0.0,
    "enp3s0 RX": 1968299.0,
    "enp3s0 TX": 108991768.0,
    "wlp2s0 RX": 0.0,
    "wlp2s0 TX": 0.0,
    "PDU power": 11.0
}