{
    "CPU temp": 55.0,
    "CPU load (/proc/stat)(1s)": 0.21971830985915494,
    "CPU power": 4.313344,
    "lo RX": 0.0,
    "lo TX": 0.0,
    "enp3s0 RX": 2250893.0,
    "enp3s0 TX": 121189908.0,
    "wlp2s0 RX": 0.0,
    "wlp2s0 TX": 0.0,
    "PDU power": 8.0
}