{
    "CPU temp": 64.0,
    "CPU load (/proc/stat)(1s)": 0.7183098591549296,
    "CPU power": 7.484173,
    "lo RX": 0.0,
    "lo TX": 0.0,
    "enp3s0 RX": 2037294.0,
    "enp3s0 TX": 111792456.0,
    "wlp2s0 RX": 0.0,
    "wlp2s0 TX": 0.0,
    "PDU power": 11.0
}