{
    "CPU temp": 63.0,
    "CPU load (/proc/stat)(1s)": 0.23484848484848486,
    "CPU power": 3.689199,
    "lo RX": 0.0,
    "lo TX": 0.0,
    "enp3s0 RX": 1636.0,
    "enp3s0 TX": 698.0,
    "wlp2s0 RX": 0.0,
    "wlp2s0 TX": 0.0,
    "PDU power": 8.0
}