{
    "CPU temp": 64.0,
    "CPU load (/proc/stat)(1s)": 0.8186528497409327,
    "CPU power": 7.881022,
    "lo RX": 0.0,
    "lo TX": 0.0,
    "enp3s0 RX": 110464789.0,
    "enp3s0 TX": 96830.0,
    "wlp2s0 RX": 0.0,
    "wlp2s0 TX": 0.0,
    "PDU power": 11.0
}