{
    "CPU temp": 65.0,
    "CPU load (/proc/stat)(1s)": 0.8303341902313625,
    "CPU power": 7.970316,
    "lo RX": 0.0,
    "lo TX": 0.0,
    "enp3s0 RX": 109931928.0,
    "enp3s0 TX": 96600.0,
    "wlp2s0 RX": 0.0,
    "wlp2s0 TX": 0.0,
    "PDU power": 11.0
}