{
    "CPU temp": 65.0,
    "CPU load (/proc/stat)(1s)": 0.8289473684210527,
    "CPU power": 8.002299,
    "lo RX": 0.0,
    "lo TX": 0.0,
    "enp3s0 RX": 111929850.0,
    "enp3s0 TX": 98652.0,
    "wlp2s0 RX": 0.0,
    "wlp2s0 TX": 0.0,
    "PDU power": 11.0
}