{
    "CPU temp": 57.0,
    "CPU load (/proc/stat)(1s)": 0.2766497461928934,
    "CPU power": 3.857778,
    "lo RX": 0.0,
    "lo TX": 0.0,
    "enp3s0 RX": 21576467.0,
    "enp3s0 TX": 22349.0,
    "wlp2s0 RX": 0.0,
    "wlp2s0 TX": 0.0,
    "PDU power": 10.0
}