{
    "CPU temp": 56.0,
    "CPU load (/proc/stat)(1s)": 0.24645892351274787,
    "CPU power": 4.535755,
    "lo RX": 0.0,
    "lo TX": 0.0,
    "enp3s0 RX": 2245662.0,
    "enp3s0 TX": 121189960.0,
    "wlp2s0 RX": 0.0,
    "wlp2s0 TX": 0.0,
    "PDU power": 10.0
}