{
    "CPU temp": 65.0,
    "CPU load (/proc/stat)(1s)": 0.8309859154929577,
    "CPU power": 8.120646,
    "lo RX": 0.0,
    "lo TX": 0.0,
    "enp3s0 RX": 2097876.0,
    "enp3s0 TX": 115653262.0,
    "wlp2s0 RX": 0.0,
    "wlp2s0 TX": 0.0,
    "PDU power": 10.0
}