{
    "CPU temp": 66.0,
    "CPU load (/proc/stat)(1s)": 0.8230337078651685,
    "CPU power": 8.053691,
    "lo RX": 0.0,
    "lo TX": 0.0,
    "enp3s0 RX": 2103791.0,
    "enp3s0 TX": 114090814.0,
    "wlp2s0 RX": 0.0,
    "wlp2s0 TX": 0.0,
    "PDU power": 11.0
}