{
    "CPU temp": 66.0,
    "CPU load (/proc/stat)(1s)": 0.8296089385474861,
    "CPU power": 8.128276,
    "lo RX": 0.0,
    "lo TX": 0.0,
    "enp3s0 RX": 2183405.0,
    "enp3s0 TX": 118236108.0,
    "wlp2s0 RX": 0.0,
    "wlp2s0 TX": 0.0,
    "PDU power": 12.0
}