{
    "CPU temp": 66.0,
    "CPU load (/proc/stat)(1s)": 0.8208092485549133,
    "CPU power": 8.088846,
    "lo RX": 0.0,
    "lo TX": 0.0,
    "enp3s0 RX": 2157575.0,
    "enp3s0 TX": 117077952.0,
    "wlp2s0 RX": 0.0,
    "wlp2s0 TX": 0.0,
    "PDU power": 12.0
}