{
    "CPU temp": 66.0,
    "CPU load (/proc/stat)(1s)": 0.8295454545454546,
    "CPU power": 8.124308,
    "lo RX": 0.0,
    "lo TX": 0.0,
    "enp3s0 RX": 2095782.0,
    "enp3s0 TX": 115112658.0,
    "wlp2s0 RX": 0.0,
    "wlp2s0 TX": 0.0,
    "PDU power": 11.0
}