{
    "CPU temp": 65.0,
    "CPU load (/proc/stat)(1s)": 0.8286516853932584,
    "CPU power": 8.111796,
    "lo RX": 0.0,
    "lo TX": 0.0,
    "enp3s0 RX": 2042268.0,
    "enp3s0 TX": 112638904.0,
    "wlp2s0 RX": 0.0,
    "wlp2s0 TX": 0.0,
    "PDU power": 11.0
}