{
    "CPU temp": 66.0,
    "CPU load (/proc/stat)(1s)": 0.9224806201550387,
    "CPU power": 8.551309,
    "lo RX": 0.0,
    "lo TX": 0.0,
    "enp3s0 RX": 112657690.0,
    "enp3s0 TX": 98720.0,
    "wlp2s0 RX": 0.0,
    "wlp2s0 TX": 0.0,
    "PDU power": 12.0
}