{
    "CPU temp": 67.0,
    "CPU load (/proc/stat)(1s)": 0.9214659685863874,
    "CPU power": 8.59446,
    "lo RX": 0.0,
    "lo TX": 0.0,
    "enp3s0 RX": 112893457.0,
    "enp3s0 TX": 99246.0,
    "wlp2s0 RX": 0.0,
    "wlp2s0 TX": 0.0,
    "PDU power": 11.0
}