{
    "CPU temp": 47.0,
    "CPU load (/proc/stat)(1s)": 0.0024937655860349127,
    "CPU power": 1.48016,
    "lo RX": 0.0,
    "lo TX": 0.0,
    "enp3s0 RX": 341.0,
    "enp3s0 TX": 210.0,
    "wlp2s0 RX": 0.0,
    "wlp2s0 TX": 0.0,
    "PDU power": 6.0
}