{
    "CPU temp": 56.0,
    "CPU load (/proc/stat)(1s)": 0.23380281690140844,
    "CPU power": 4.415516,
    "lo RX": 0.0,
    "lo TX": 0.0,
    "enp3s0 RX": 2242542.0,
    "enp3s0 TX": 121379264.0,
    "wlp2s0 RX": 0.0,
    "wlp2s0 TX": 0.0,
    "PDU power": 9.0
}