{
    "CPU temp": 57.0,
    "CPU load (/proc/stat)(1s)": 0.42744063324538256,
    "CPU power": 5.184069,
    "lo RX": 0.0,
    "lo TX": 0.0,
    "enp3s0 RX": 121787963.0,
    "enp3s0 TX": 114418.0,
    "wlp2s0 RX": 0.0,
    "wlp2s0 TX": 0.0,
    "PDU power": 9.0
}