{
    "CPU temp": 67.0,
    "CPU load (/proc/stat)(1s)": 0.9272727272727272,
    "CPU power": 8.591836,
    "lo RX": 0.0,
    "lo TX": 0.0,
    "enp3s0 RX": 112185479.0,
    "enp3s0 TX": 98580.0,
    "wlp2s0 RX": 0.0,
    "wlp2s0 TX": 0.0,
    "PDU power": 12.0
}