{
    "CPU temp": 67.0,
    "CPU load (/proc/stat)(1s)": 0.9248554913294798,
    "CPU power": 8.666848,
    "lo RX": 0.0,
    "lo TX": 0.0,
    "enp3s0 RX": 2191254.0,
    "enp3s0 TX": 119203486.0,
    "wlp2s0 RX": 0.0,
    "wlp2s0 TX": 0.0,
    "PDU power": 11.0
}