{
    "CPU temp": 68.0,
    "CPU load (/proc/stat)(1s)": 0.9197707736389685,
    "CPU power": 8.63688,
    "lo RX": 0.0,
    "lo TX": 0.0,
    "enp3s0 RX": 2189580.0,
    "enp3s0 TX": 118922148.0,
    "wlp2s0 RX": 0.0,
    "wlp2s0 TX": 0.0,
    "PDU power": 12.0
}