{
    "CPU temp": 68.0,
    "CPU load (/proc/stat)(1s)": 0.923943661971831,
    "CPU power": 8.681985,
    "lo RX": 0.0,
    "lo TX": 0.0,
    "enp3s0 RX": 2216218.0,
    "enp3s0 TX": 120375568.0,
    "wlp2s0 RX": 0.0,
    "wlp2s0 TX": 0.0,
    "PDU power": 11.0
}