{
    "CPU temp": 65.0,
    "CPU load (/proc/stat)(1s)": 0.18716577540106952,
    "CPU power": 3.651725,
    "lo RX": 0.0,
    "lo TX": 0.0,
    "enp3s0 RX": 95235489.0,
    "enp3s0 TX": 18208122.0,
    "wlp2s0 RX": 0.0,
    "wlp2s0 TX": 0.0,
    "PDU power": 8.0
}