{
    "CPU temp": 62.0,
    "CPU load (/proc/stat)(1s)": 0.024930747922437674,
    "CPU power": 2.107355,
    "lo RX": 0.0,
    "lo TX": 0.0,
    "enp3s0 RX": 114290567.0,
    "enp3s0 TX": 99030.0,
    "wlp2s0 RX": 0.0,
    "wlp2s0 TX": 0.0,
    "PDU power": 7.0
}