{
    "CPU temp": 61.0,
    "CPU load (/proc/stat)(1s)": 0.026246719160104987,
    "CPU power": 2.418572,
    "lo RX": 0.0,
    "lo TX": 0.0,
    "enp3s0 RX": 114827085.0,
    "enp3s0 TX": 101622.0,
    "wlp2s0 RX": 0.0,
    "wlp2s0 TX": 0.0,
    "PDU power": 6.0
}