{
    "CPU temp": 58.0,
    "CPU load (/proc/stat)(1s)": 0.021108179419525065,
    "CPU power": 2.43902,
    "lo RX": 0.0,
    "lo TX": 0.0,
    "enp3s0 RX": 121621960.0,
    "enp3s0 TX": 108024.0,
    "wlp2s0 RX": 0.0,
    "wlp2s0 TX": 0.0,
    "PDU power": 7.0
}