{
    "CPU temp": 57.0,
    "CPU load (/proc/stat)(1s)": 0.0158311345646438,
    "CPU power": 2.437494,
    "lo RX": 0.0,
    "lo TX": 0.0,
    "enp3s0 RX": 120726546.0,
    "enp3s0 TX": 107238.0,
    "wlp2s0 RX": 0.0,
    "wlp2s0 TX": 0.0,
    "PDU power": 7.0
}