{
    "CPU temp": 57.0,
    "CPU load (/proc/stat)(1s)": 0.013966480446927373,
    "CPU power": 2.814751,
    "lo RX": 0.0,
    "lo TX": 0.0,
    "enp3s0 RX": 22852631.0,
    "enp3s0 TX": 94085494.0,
    "wlp2s0 RX": 0.0,
    "wlp2s0 TX": 0.0,
    "PDU power": 7.0
}