{
    "CPU temp": 56.0,
    "CPU load (/proc/stat)(1s)": 0.025139664804469275,
    "CPU power": 2.922295,
    "lo RX": 0.0,
    "lo TX": 0.0,
    "enp3s0 RX": 2198791.0,
    "enp3s0 TX": 119274856.0,
    "wlp2s0 RX": 0.0,
    "wlp2s0 TX": 0.0,
    "PDU power": 7.0
}