{
    "CPU temp": 56.0,
    "CPU load (/proc/stat)(1s)": 0.15324675324675324,
    "CPU power": 3.135734,
    "lo RX": 0.0,
    "lo TX": 0.0,
    "enp3s0 RX": 591565.0,
    "enp3s0 TX": 31222833.0,
    "wlp2s0 RX": 0.0,
    "wlp2s0 TX": 0.0,
    "PDU power": 9.0
}