{
    "CPU temp": 58.0,
    "CPU load (/proc/stat)(1s)": 0.5356200527704486,
    "CPU power": 6.048202,
    "lo RX": 0.0,
    "lo TX": 0.0,
    "enp3s0 RX": 119298856.0,
    "enp3s0 TX": 104714.0,
    "wlp2s0 RX": 0.0,
    "wlp2s0 TX": 0.0,
    "PDU power": 10.0
}