{
    "CPU temp": 55.0,
    "CPU load (/proc/stat)(1s)": 0.09840425531914894,
    "CPU power": 2.995964,
    "lo RX": 0.0,
    "lo TX": 0.0,
    "enp3s0 RX": 122351673.0,
    "enp3s0 TX": 107940.0,
    "wlp2s0 RX": 0.0,
    "wlp2s0 TX": 0.0,
    "PDU power": 8.0
}