{
    "CPU temp": 55.0,
    "CPU load (/proc/stat)(1s)": 0.17277486910994763,
    "CPU power": 3.477469,
    "lo RX": 0.0,
    "lo TX": 0.0,
    "enp3s0 RX": 120434699.0,
    "enp3s0 TX": 106590.0,
    "wlp2s0 RX": 0.0,
    "wlp2s0 TX": 0.0,
    "PDU power": 7.0
}