{
    "CPU temp": 56.0,
    "CPU load (/proc/stat)(1s)": 0.15254237288135594,
    "CPU power": 3.791738,
    "lo RX": 0.0,
    "lo TX": 0.0,
    "enp3s0 RX": 2244101.0,
    "enp3s0 TX": 121040074.0,
    "wlp2s0 RX": 0.0,
    "wlp2s0 TX": 0.0,
    "PDU power": 7.0
}