{
    "CPU temp": 56.0,
    "CPU load (/proc/stat)(1s)": 0.09714285714285714,
    "CPU power": 3.394706,
    "lo RX": 0.0,
    "lo TX": 0.0,
    "enp3s0 RX": 2232366.0,
    "enp3s0 TX": 120547972.0,
    "wlp2s0 RX": 0.0,
    "wlp2s0 TX": 0.0,
    "PDU power": 8.0
}