{
    "CPU temp": 56.0,
    "CPU load (/proc/stat)(1s)": 0.1168091168091168,
    "CPU power": 3.333122,
    "lo RX": 0.0,
    "lo TX": 0.0,
    "enp3s0 RX": 2243262.0,
    "enp3s0 TX": 121397484.0,
    "wlp2s0 RX": 0.0,
    "wlp2s0 TX": 0.0,
    "PDU power": 9.0
}