{
    "CPU temp": 59.0,
    "CPU load (/proc/stat)(1s)": 0.5171503957783641,
    "CPU power": 5.96135,
    "lo RX": 0.0,
    "lo TX": 0.0,
    "enp3s0 RX": 120742692.0,
    "enp3s0 TX": 106658.0,
    "wlp2s0 RX": 0.0,
    "wlp2s0 TX": 0.0,
    "PDU power": 11.0
}