{
    "CPU temp": 56.0,
    "CPU load (/proc/stat)(1s)": 0.12857142857142856,
    "CPU power": 3.346793,
    "lo RX": 0.0,
    "lo TX": 0.0,
    "enp3s0 RX": 2178444.0,
    "enp3s0 TX": 118143946.0,
    "wlp2s0 RX": 0.0,
    "wlp2s0 TX": 0.0,
    "PDU power": 7.0
}