{
    "CPU temp": 56.0,
    "CPU load (/proc/stat)(1s)": 0.22666666666666666,
    "CPU power": 3.959402,
    "lo RX": 0.0,
    "lo TX": 0.0,
    "enp3s0 RX": 121944824.0,
    "enp3s0 TX": 108102.0,
    "wlp2s0 RX": 0.0,
    "wlp2s0 TX": 0.0,
    "PDU power": 10.0
}