{
    "CPU temp": 56.0,
    "CPU load (/proc/stat)(1s)": 0.24338624338624337,
    "CPU power": 4.211537,
    "lo RX": 0.0,
    "lo TX": 0.0,
    "enp3s0 RX": 121369390.0,
    "enp3s0 TX": 106698.0,
    "wlp2s0 RX": 0.0,
    "wlp2s0 TX": 0.0,
    "PDU power": 7.0
}