{
    "CPU temp": 56.0,
    "CPU load (/proc/stat)(1s)": 0.2131578947368421,
    "CPU power": 3.830251,
    "lo RX": 0.0,
    "lo TX": 0.0,
    "enp3s0 RX": 121493749.0,
    "enp3s0 TX": 106966.0,
    "wlp2s0 RX": 0.0,
    "wlp2s0 TX": 0.0,
    "PDU power": 7.0
}