{
    "CPU temp": 56.0,
    "CPU load (/proc/stat)(1s)": 0.20789473684210527,
    "CPU power": 3.766042,
    "lo RX": 0.0,
    "lo TX": 0.0,
    "enp3s0 RX": 121910269.0,
    "enp3s0 TX": 107506.0,
    "wlp2s0 RX": 0.0,
    "wlp2s0 TX": 0.0,
    "PDU power": 8.0
}