{
    "CPU temp": 59.0,
    "CPU load (/proc/stat)(1s)": 0.5277044854881267,
    "CPU power": 6.039596,
    "lo RX": 0.0,
    "lo TX": 0.0,
    "enp3s0 RX": 121032931.0,
    "enp3s0 TX": 106188.0,
    "wlp2s0 RX": 0.0,
    "wlp2s0 TX": 0.0,
    "PDU power": 11.0
}