{
    "CPU temp": 57.0,
    "CPU load (/proc/stat)(1s)": 0.21246458923512748,
    "CPU power": 4.274891,
    "lo RX": 0.0,
    "lo TX": 0.0,
    "enp3s0 RX": 2231008.0,
    "enp3s0 TX": 120640432.0,
    "wlp2s0 RX": 0.0,
    "wlp2s0 TX": 0.0,
    "PDU power": 9.0
}