{
    "CPU temp": 57.0,
    "CPU load (/proc/stat)(1s)": 0.23943661971830985,
    "CPU power": 4.508411,
    "lo RX": 0.0,
    "lo TX": 0.0,
    "enp3s0 RX": 2199588.0,
    "enp3s0 TX": 118832556.0,
    "wlp2s0 RX": 0.0,
    "wlp2s0 TX": 0.0,
    "PDU power": 8.0
}