{
    "CPU temp": 57.0,
    "CPU load (/proc/stat)(1s)": 0.33507853403141363,
    "CPU power": 4.506336,
    "lo RX": 0.0,
    "lo TX": 0.0,
    "enp3s0 RX": 100321841.0,
    "enp3s0 TX": 90852.0,
    "wlp2s0 RX": 0.0,
    "wlp2s0 TX": 0.0,
    "PDU power": 8.0
}