{
    "CPU temp": 57.0,
    "CPU load (/proc/stat)(1s)": 0.3058510638297872,
    "CPU power": 4.394337,
    "lo RX": 0.0,
    "lo TX": 0.0,
    "enp3s0 RX": 121789597.0,
    "enp3s0 TX": 107940.0,
    "wlp2s0 RX": 0.0,
    "wlp2s0 TX": 0.0,
    "PDU power": 8.0
}