{
    "CPU temp": 57.0,
    "CPU load (/proc/stat)(1s)": 0.3007915567282322,
    "CPU power": 4.612903,
    "lo RX": 0.0,
    "lo TX": 0.0,
    "enp3s0 RX": 121866632.0,
    "enp3s0 TX": 107884.0,
    "wlp2s0 RX": 0.0,
    "wlp2s0 TX": 0.0,
    "PDU power": 8.0
}