{
    "CPU temp": 57.0,
    "CPU load (/proc/stat)(1s)": 0.3298429319371728,
    "CPU power": 4.738696,
    "lo RX": 0.0,
    "lo TX": 0.0,
    "enp3s0 RX": 121866184.0,
    "enp3s0 TX": 107400.0,
    "wlp2s0 RX": 0.0,
    "wlp2s0 TX": 0.0,
    "PDU power": 10.0
}