{
    "CPU temp": 58.0,
    "CPU load (/proc/stat)(1s)": 0.3247863247863248,
    "CPU power": 5.010058,
    "lo RX": 0.0,
    "lo TX": 0.0,
    "enp3s0 RX": 2214359.0,
    "enp3s0 TX": 119367282.0,
    "wlp2s0 RX": 0.0,
    "wlp2s0 TX": 0.0,
    "PDU power": 10.0
}