{
    "CPU temp": 58.0,
    "CPU load (/proc/stat)(1s)": 0.3210227272727273,
    "CPU power": 5.049608,
    "lo RX": 0.0,
    "lo TX": 0.0,
    "enp3s0 RX": 2247384.0,
    "enp3s0 TX": 121620026.0,
    "wlp2s0 RX": 0.0,
    "wlp2s0 TX": 0.0,
    "PDU power": 10.0
}