{
    "CPU temp": 58.0,
    "CPU load (/proc/stat)(1s)": 0.3753501400560224,
    "CPU power": 5.321398,
    "lo RX": 0.0,
    "lo TX": 0.0,
    "enp3s0 RX": 2241342.0,
    "enp3s0 TX": 121572896.0,
    "wlp2s0 RX": 0.0,
    "wlp2s0 TX": 0.0,
    "PDU power": 10.0
}