{
    "CPU temp": 58.0,
    "CPU load (/proc/stat)(1s)": 0.23232323232323232,
    "CPU power": 3.645621,
    "lo RX": 0.0,
    "lo TX": 0.0,
    "enp3s0 RX": 1516.0,
    "enp3s0 TX": 592.0,
    "wlp2s0 RX": 0.0,
    "wlp2s0 TX": 0.0,
    "PDU power": 9.0
}