{
    "CPU temp": 58.0,
    "CPU load (/proc/stat)(1s)": 0.4053333333333333,
    "CPU power": 5.294603,
    "lo RX": 0.0,
    "lo TX": 0.0,
    "enp3s0 RX": 120756525.0,
    "enp3s0 TX": 106806.0,
    "wlp2s0 RX": 0.0,
    "wlp2s0 TX": 0.0,
    "PDU power": 9.0
}