{
    "CPU temp": 58.0,
    "CPU load (/proc/stat)(1s)": 0.42118863049095606,
    "CPU power": 5.404039,
    "lo RX": 0.0,
    "lo TX": 0.0,
    "enp3s0 RX": 121619203.0,
    "enp3s0 TX": 107846.0,
    "wlp2s0 RX": 0.0,
    "wlp2s0 TX": 0.0,
    "PDU power": 9.0
}