{
    "CPU temp": 59.0,
    "CPU load (/proc/stat)(1s)": 0.42782152230971127,
    "CPU power": 5.349595,
    "lo RX": 0.0,
    "lo TX": 0.0,
    "enp3s0 RX": 122321362.0,
    "enp3s0 TX": 106752.0,
    "wlp2s0 RX": 0.0,
    "wlp2s0 TX": 0.0,
    "PDU power": 9.0
}