{
    "CPU temp": 59.0,
    "CPU load (/proc/stat)(1s)": 0.43832020997375326,
    "CPU power": 5.468491,
    "lo RX": 0.0,
    "lo TX": 0.0,
    "enp3s0 RX": 121307704.0,
    "enp3s0 TX": 106536.0,
    "wlp2s0 RX": 0.0,
    "wlp2s0 TX": 0.0,
    "PDU power": 8.0
}