{
    "CPU temp": 59.0,
    "CPU load (/proc/stat)(1s)": 0.41379310344827586,
    "CPU power": 5.585618,
    "lo RX": 0.0,
    "lo TX": 0.0,
    "enp3s0 RX": 2233902.0,
    "enp3s0 TX": 121370232.0,
    "wlp2s0 RX": 0.0,
    "wlp2s0 TX": 0.0,
    "PDU power": 10.0
}