{
    "CPU temp": 59.0,
    "CPU load (/proc/stat)(1s)": 0.41899441340782123,
    "CPU power": 5.539414,
    "lo RX": 0.0,
    "lo TX": 0.0,
    "enp3s0 RX": 2213981.0,
    "enp3s0 TX": 119700344.0,
    "wlp2s0 RX": 0.0,
    "wlp2s0 TX": 0.0,
    "PDU power": 11.0
}