{
    "CPU temp": 59.0,
    "CPU load (/proc/stat)(1s)": 0.41761363636363635,
    "CPU power": 5.520555,
    "lo RX": 0.0,
    "lo TX": 0.0,
    "enp3s0 RX": 2208401.0,
    "enp3s0 TX": 119365606.0,
    "wlp2s0 RX": 0.0,
    "wlp2s0 TX": 0.0,
    "PDU power": 10.0
}