{
    "CPU temp": 59.0,
    "CPU load (/proc/stat)(1s)": 0.39655172413793105,
    "CPU power": 5.688035,
    "lo RX": 0.0,
    "lo TX": 0.0,
    "enp3s0 RX": 2254541.0,
    "enp3s0 TX": 121618370.0,
    "wlp2s0 RX": 0.0,
    "wlp2s0 TX": 0.0,
    "PDU power": 10.0
}