{
    "CPU temp": 58.0,
    "CPU load (/proc/stat)(1s)": 0.40804597701149425,
    "CPU power": 5.542893,
    "lo RX": 0.0,
    "lo TX": 0.0,
    "enp3s0 RX": 2116547.0,
    "enp3s0 TX": 121081006.0,
    "wlp2s0 RX": 0.0,
    "wlp2s0 TX": 0.0,
    "PDU power": 9.0
}