{
    "CPU temp": 60.0,
    "CPU load (/proc/stat)(1s)": 0.6256544502617801,
    "CPU power": 6.709516,
    "lo RX": 0.0,
    "lo TX": 0.0,
    "enp3s0 RX": 117786710.0,
    "enp3s0 TX": 103296.0,
    "wlp2s0 RX": 0.0,
    "wlp2s0 TX": 0.0,
    "PDU power": 10.0
}