{
    "CPU temp": 60.0,
    "CPU load (/proc/stat)(1s)": 0.5382585751978892,
    "CPU power": 6.031174,
    "lo RX": 0.0,
    "lo TX": 0.0,
    "enp3s0 RX": 119324473.0,
    "enp3s0 TX": 105510.0,
    "wlp2s0 RX": 0.0,
    "wlp2s0 TX": 0.0,
    "PDU power": 9.0
}