{
    "CPU temp": 60.0,
    "CPU load (/proc/stat)(1s)": 0.5286458333333334,
    "CPU power": 6.027084,
    "lo RX": 0.0,
    "lo TX": 0.0,
    "enp3s0 RX": 114404657.0,
    "enp3s0 TX": 101136.0,
    "wlp2s0 RX": 0.0,
    "wlp2s0 TX": 0.0,
    "PDU power": 9.0
}