{
    "CPU temp": 60.0,
    "CPU load (/proc/stat)(1s)": 0.5115681233933161,
    "CPU power": 5.755357,
    "lo RX": 0.0,
    "lo TX": 0.0,
    "enp3s0 RX": 75890948.0,
    "enp3s0 TX": 68184.0,
    "wlp2s0 RX": 0.0,
    "wlp2s0 TX": 0.0,
    "PDU power": 9.0
}