{
    "CPU temp": 60.0,
    "CPU load (/proc/stat)(1s)": 0.518324607329843,
    "CPU power": 5.811508,
    "lo RX": 0.0,
    "lo TX": 0.0,
    "enp3s0 RX": 115699850.0,
    "enp3s0 TX": 102624.0,
    "wlp2s0 RX": 0.0,
    "wlp2s0 TX": 0.0,
    "PDU power": 11.0
}