{
    "CPU temp": 61.0,
    "CPU load (/proc/stat)(1s)": 0.5154929577464789,
    "CPU power": 6.178512,
    "lo RX": 0.0,
    "lo TX": 0.0,
    "enp3s0 RX": 2081069.0,
    "enp3s0 TX": 113950172.0,
    "wlp2s0 RX": 0.0,
    "wlp2s0 TX": 0.0,
    "PDU power": 9.0
}