{
    "CPU temp": 61.0,
    "CPU load (/proc/stat)(1s)": 0.5378151260504201,
    "CPU power": 6.346358,
    "lo RX": 0.0,
    "lo TX": 0.0,
    "enp3s0 RX": 2257355.0,
    "enp3s0 TX": 121996870.0,
    "wlp2s0 RX": 0.0,
    "wlp2s0 TX": 0.0,
    "PDU power": 10.0
}