{
    "CPU temp": 61.0,
    "CPU load (/proc/stat)(1s)": 0.5084745762711864,
    "CPU power": 6.244186,
    "lo RX": 0.0,
    "lo TX": 0.0,
    "enp3s0 RX": 2236206.0,
    "enp3s0 TX": 120970600.0,
    "wlp2s0 RX": 0.0,
    "wlp2s0 TX": 0.0,
    "PDU power": 10.0
}