{
    "CPU temp": 57.0,
    "CPU load (/proc/stat)(1s)": 0.38992042440318303,
    "CPU power": 5.032213,
    "lo RX": 0.0,
    "lo TX": 0.0,
    "enp3s0 RX": 120805333.0,
    "enp3s0 TX": 106590.0,
    "wlp2s0 RX": 0.0,
    "wlp2s0 TX": 0.0,
    "PDU power": 9.0
}