{
    "CPU temp": 60.0,
    "CPU load (/proc/stat)(1s)": 0.6157894736842106,
    "CPU power": 6.61241,
    "lo RX": 0.0,
    "lo TX": 0.0,
    "enp3s0 RX": 118879096.0,
    "enp3s0 TX": 104838.0,
    "wlp2s0 RX": 0.0,
    "wlp2s0 TX": 0.0,
    "PDU power": 11.0
}