{
    "CPU temp": 61.0,
    "CPU load (/proc/stat)(1s)": 0.618798955613577,
    "CPU power": 6.454451,
    "lo RX": 0.0,
    "lo TX": 0.0,
    "enp3s0 RX": 118709814.0,
    "enp3s0 TX": 104166.0,
    "wlp2s0 RX": 0.0,
    "wlp2s0 TX": 0.0,
    "PDU power": 9.0
}