{
    "CPU temp": 61.0,
    "CPU load (/proc/stat)(1s)": 0.6135770234986945,
    "CPU power": 6.46501,
    "lo RX": 0.0,
    "lo TX": 0.0,
    "enp3s0 RX": 117193348.0,
    "enp3s0 TX": 103040.0,
    "wlp2s0 RX": 0.0,
    "wlp2s0 TX": 0.0,
    "PDU power": 9.0
}