{
    "CPU temp": 61.0,
    "CPU load (/proc/stat)(1s)": 0.6289473684210526,
    "CPU power": 6.718977,
    "lo RX": 0.0,
    "lo TX": 0.0,
    "enp3s0 RX": 118442653.0,
    "enp3s0 TX": 102864.0,
    "wlp2s0 RX": 0.0,
    "wlp2s0 TX": 0.0,
    "PDU power": 11.0
}