{
    "CPU temp": 62.0,
    "CPU load (/proc/stat)(1s)": 0.6358839050131926,
    "CPU power": 6.852339,
    "lo RX": 0.0,
    "lo TX": 0.0,
    "enp3s0 RX": 119508913.0,
    "enp3s0 TX": 104862.0,
    "wlp2s0 RX": 0.0,
    "wlp2s0 TX": 0.0,
    "PDU power": 10.0
}