{
    "CPU temp": 62.0,
    "CPU load (/proc/stat)(1s)": 0.6694915254237288,
    "CPU power": 7.185407,
    "lo RX": 0.0,
    "lo TX": 0.0,
    "enp3s0 RX": 2221416.0,
    "enp3s0 TX": 120216474.0,
    "wlp2s0 RX": 0.0,
    "wlp2s0 TX": 0.0,
    "PDU power": 10.0
}