{
    "CPU temp": 63.0,
    "CPU load (/proc/stat)(1s)": 0.6225352112676056,
    "CPU power": 6.904096,
    "lo RX": 0.0,
    "lo TX": 0.0,
    "enp3s0 RX": 2251122.0,
    "enp3s0 TX": 121912154.0,
    "wlp2s0 RX": 0.0,
    "wlp2s0 TX": 0.0,
    "PDU power": 11.0
}