{
    "CPU temp": 57.0,
    "CPU load (/proc/stat)(1s)": 0.44148936170212766,
    "CPU power": 5.469102,
    "lo RX": 0.0,
    "lo TX": 0.0,
    "enp3s0 RX": 119792741.0,
    "enp3s0 TX": 103672.0,
    "wlp2s0 RX": 0.0,
    "wlp2s0 TX": 0.0,
    "PDU power": 10.0
}