{
    "CPU temp": 59.0,
    "CPU load (/proc/stat)(1s)": 0.6385224274406333,
    "CPU power": 6.712385,
    "lo RX": 0.0,
    "lo TX": 0.0,
    "enp3s0 RX": 122387381.0,
    "enp3s0 TX": 107182.0,
    "wlp2s0 RX": 0.0,
    "wlp2s0 TX": 0.0,
    "PDU power": 10.0
}