{
    "CPU temp": 63.0,
    "CPU load (/proc/stat)(1s)": 0.6317280453257791,
    "CPU power": 6.953718,
    "lo RX": 0.0,
    "lo TX": 0.0,
    "enp3s0 RX": 2258501.0,
    "enp3s0 TX": 122184642.0,
    "wlp2s0 RX": 0.0,
    "wlp2s0 TX": 0.0,
    "PDU power": 10.0
}