{
    "CPU temp": 63.0,
    "CPU load (/proc/stat)(1s)": 0.7244094488188977,
    "CPU power": 7.327923,
    "lo RX": 0.0,
    "lo TX": 0.0,
    "enp3s0 RX": 117711398.0,
    "enp3s0 TX": 103672.0,
    "wlp2s0 RX": 0.0,
    "wlp2s0 TX": 0.0,
    "PDU power": 11.0
}