{
    "CPU temp": 63.0,
    "CPU load (/proc/stat)(1s)": 0.7214854111405835,
    "CPU power": 7.339215,
    "lo RX": 0.0,
    "lo TX": 0.0,
    "enp3s0 RX": 117536102.0,
    "enp3s0 TX": 103310.0,
    "wlp2s0 RX": 0.0,
    "wlp2s0 TX": 0.0,
    "PDU power": 10.0
}