{
    "CPU temp": 64.0,
    "CPU load (/proc/stat)(1s)": 0.7337110481586402,
    "CPU power": 7.600322,
    "lo RX": 0.0,
    "lo TX": 0.0,
    "enp3s0 RX": 2238965.0,
    "enp3s0 TX": 121097622.0,
    "wlp2s0 RX": 0.0,
    "wlp2s0 TX": 0.0,
    "PDU power": 11.0
}