{
    "CPU temp": 61.0,
    "CPU load (/proc/stat)(1s)": 0.6276595744680851,
    "CPU power": 6.735273,
    "lo RX": 0.0,
    "lo TX": 0.0,
    "enp3s0 RX": 120357813.0,
    "enp3s0 TX": 105294.0,
    "wlp2s0 RX": 0.0,
    "wlp2s0 TX": 0.0,
    "PDU power": 10.0
}