{
    "CPU temp": 57.0,
    "CPU load (/proc/stat)(1s)": 0.4177545691906005,
    "CPU power": 5.351732,
    "lo RX": 0.0,
    "lo TX": 0.0,
    "enp3s0 RX": 121487602.0,
    "enp3s0 TX": 107398.0,
    "wlp2s0 RX": 0.0,
    "wlp2s0 TX": 0.0,
    "PDU power": 11.0
}