{
    "CPU temp": 64.0,
    "CPU load (/proc/stat)(1s)": 0.7183098591549296,
    "CPU power": 7.500774,
    "lo RX": 0.0,
    "lo TX": 0.0,
    "enp3s0 RX": 2230925.0,
    "enp3s0 TX": 120457200.0,
    "wlp2s0 RX": 0.0,
    "wlp2s0 TX": 0.0,
    "PDU power": 11.0
}