{
    "CPU temp": 64.0,
    "CPU load (/proc/stat)(1s)": 0.731638418079096,
    "CPU power": 7.579387,
    "lo RX": 0.0,
    "lo TX": 0.0,
    "enp3s0 RX": 2244762.0,
    "enp3s0 TX": 121376252.0,
    "wlp2s0 RX": 0.0,
    "wlp2s0 TX": 0.0,
    "PDU power": 11.0
}