{
    "CPU temp": 64.0,
    "CPU load (/proc/stat)(1s)": 0.6098191214470284,
    "CPU power": 6.282088,
    "lo RX": 0.0,
    "lo TX": 0.0,
    "enp3s0 RX": 78696649.0,
    "enp3s0 TX": 71092.0,
    "wlp2s0 RX": 0.0,
    "wlp2s0 TX": 0.0,
    "PDU power": 12.0
}