{
    "CPU temp": 65.0,
    "CPU load (/proc/stat)(1s)": 0.8233766233766234,
    "CPU power": 7.957621,
    "lo RX": 0.0,
    "lo TX": 0.0,
    "enp3s0 RX": 116976319.0,
    "enp3s0 TX": 102918.0,
    "wlp2s0 RX": 0.0,
    "wlp2s0 TX": 0.0,
    "PDU power": 12.0
}