{
    "CPU temp": 58.0,
    "CPU load (/proc/stat)(1s)": 0.42896935933147634,
    "CPU power": 5.67534,
    "lo RX": 0.0,
    "lo TX": 0.0,
    "enp3s0 RX": 19755402.0,
    "enp3s0 TX": 102503522.0,
    "wlp2s0 RX": 0.0,
    "wlp2s0 TX": 0.0,
    "PDU power": 8.0
}