{
    "CPU temp": 66.0,
    "CPU load (/proc/stat)(1s)": 0.8188976377952756,
    "CPU power": 7.958171,
    "lo RX": 0.0,
    "lo TX": 0.0,
    "enp3s0 RX": 116584906.0,
    "enp3s0 TX": 102106.0,
    "wlp2s0 RX": 0.0,
    "wlp2s0 TX": 0.0,
    "PDU power": 11.0
}