{
    "CPU temp": 66.0,
    "CPU load (/proc/stat)(1s)": 0.8179190751445087,
    "CPU power": 8.077433,
    "lo RX": 0.0,
    "lo TX": 0.0,
    "enp3s0 RX": 2263865.0,
    "enp3s0 TX": 120790302.0,
    "wlp2s0 RX": 0.0,
    "wlp2s0 TX": 0.0,
    "PDU power": 11.0
}