{
    "CPU temp": 66.0,
    "CPU load (/proc/stat)(1s)": 0.8252148997134671,
    "CPU power": 8.099955,
    "lo RX": 0.0,
    "lo TX": 0.0,
    "enp3s0 RX": 2242662.0,
    "enp3s0 TX": 121347506.0,
    "wlp2s0 RX": 0.0,
    "wlp2s0 TX": 0.0,
    "PDU power": 11.0
}