{
    "CPU temp": 66.0,
    "CPU load (/proc/stat)(1s)": 0.8275862068965517,
    "CPU power": 8.108378,
    "lo RX": 0.0,
    "lo TX": 0.0,
    "enp3s0 RX": 2244582.0,
    "enp3s0 TX": 121245994.0,
    "wlp2s0 RX": 0.0,
    "wlp2s0 TX": 0.0,
    "PDU power": 12.0
}