{
    "CPU temp": 66.0,
    "CPU load (/proc/stat)(1s)": 0.9236842105263158,
    "CPU power": 8.527078,
    "lo RX": 0.0,
    "lo TX": 0.0,
    "enp3s0 RX": 118059173.0,
    "enp3s0 TX": 103812.0,
    "wlp2s0 RX": 0.0,
    "wlp2s0 TX": 0.0,
    "PDU power": 11.0
}