{
    "CPU temp": 61.0,
    "CPU load (/proc/stat)(1s)": 0.5384615384615384,
    "CPU power": 5.775987,
    "lo RX": 0.0,
    "lo TX": 0.0,
    "enp3s0 RX": 71673011.0,
    "enp3s0 TX": 68225.0,
    "wlp2s0 RX": 0.0,
    "wlp2s0 TX": 0.0,
    "PDU power": 9.0
}