{
    "CPU temp": 67.0,
    "CPU load (/proc/stat)(1s)": 0.9192708333333334,
    "CPU power": 8.557168,
    "lo RX": 0.0,
    "lo TX": 0.0,
    "enp3s0 RX": 117912372.0,
    "enp3s0 TX": 104174.0,
    "wlp2s0 RX": 0.0,
    "wlp2s0 TX": 0.0,
    "PDU power": 13.0
}