{
    "CPU temp": 67.0,
    "CPU load (/proc/stat)(1s)": 0.9222797927461139,
    "CPU power": 8.560708,
    "lo RX": 0.0,
    "lo TX": 0.0,
    "enp3s0 RX": 116379750.0,
    "enp3s0 TX": 103240.0,
    "wlp2s0 RX": 0.0,
    "wlp2s0 TX": 0.0,
    "PDU power": 11.0
}