{
    "CPU temp": 67.0,
    "CPU load (/proc/stat)(1s)": 0.9299191374663073,
    "CPU power": 8.701333,
    "lo RX": 0.0,
    "lo TX": 0.0,
    "enp3s0 RX": 68926597.0,
    "enp3s0 TX": 49183414.0,
    "wlp2s0 RX": 0.0,
    "wlp2s0 TX": 0.0,
    "PDU power": 13.0
}