{
    "CPU temp": 67.0,
    "CPU load (/proc/stat)(1s)": 0.9204545454545454,
    "CPU power": 8.693948,
    "lo RX": 0.0,
    "lo TX": 0.0,
    "enp3s0 RX": 2198969.0,
    "enp3s0 TX": 118902306.0,
    "wlp2s0 RX": 0.0,
    "wlp2s0 TX": 0.0,
    "PDU power": 13.0
}