{
    "CPU temp": 68.0,
    "CPU load (/proc/stat)(1s)": 0.9209039548022598,
    "CPU power": 8.629983,
    "lo RX": 0.0,
    "lo TX": 0.0,
    "enp3s0 RX": 2214402.0,
    "enp3s0 TX": 119695658.0,
    "wlp2s0 RX": 0.0,
    "wlp2s0 TX": 0.0,
    "PDU power": 11.0
}