{
    "CPU temp": 68.0,
    "CPU load (/proc/stat)(1s)": 0.9232954545454546,
    "CPU power": 8.682168,
    "lo RX": 0.0,
    "lo TX": 0.0,
    "enp3s0 RX": 2227374.0,
    "enp3s0 TX": 120448170.0,
    "wlp2s0 RX": 0.0,
    "wlp2s0 TX": 0.0,
    "PDU power": 13.0
}