{
    "CPU temp": 61.0,
    "CPU load (/proc/stat)(1s)": 0.7305699481865285,
    "CPU power": 7.317304,
    "lo RX": 0.0,
    "lo TX": 0.0,
    "enp3s0 RX": 117589152.0,
    "enp3s0 TX": 103634.0,
    "wlp2s0 RX": 0.0,
    "wlp2s0 TX": 0.0,
    "PDU power": 11.0
}