{
    "CPU temp": 58.0,
    "CPU load (/proc/stat)(1s)": 0.4491525423728814,
    "CPU power": 5.816269,
    "lo RX": 0.0,
    "lo TX": 0.0,
    "enp3s0 RX": 2263721.0,
    "enp3s0 TX": 122231754.0,
    "wlp2s0 RX": 0.0,
    "wlp2s0 TX": 0.0,
    "PDU power": 11.0
}