{
    "CPU temp": 62.0,
    "CPU load (/proc/stat)(1s)": 0.013262599469496022,
    "CPU power": 2.44909,
    "lo RX": 0.0,
    "lo TX": 0.0,
    "enp3s0 RX": 121896824.0,
    "enp3s0 TX": 107994.0,
    "wlp2s0 RX": 0.0,
    "wlp2s0 TX": 0.0,
    "PDU power": 8.0
}