{
    "CPU temp": 60.0,
    "CPU load (/proc/stat)(1s)": 0.024657534246575342,
    "CPU power": 2.223627,
    "lo RX": 0.0,
    "lo TX": 0.0,
    "enp3s0 RX": 120875624.0,
    "enp3s0 TX": 106642.0,
    "wlp2s0 RX": 0.0,
    "wlp2s0 TX": 0.0,
    "PDU power": 8.0
}