{
    "CPU temp": 58.0,
    "CPU load (/proc/stat)(1s)": 0.04076086956521739,
    "CPU power": 2.186823,
    "lo RX": 0.0,
    "lo TX": 0.0,
    "enp3s0 RX": 120452747.0,
    "enp3s0 TX": 109558.0,
    "wlp2s0 RX": 0.0,
    "wlp2s0 TX": 0.0,
    "PDU power": 7.0
}