{
    "CPU temp": 57.0,
    "CPU load (/proc/stat)(1s)": 0.033426183844011144,
    "CPU power": 2.11474,
    "lo RX": 0.0,
    "lo TX": 0.0,
    "enp3s0 RX": 121842407.0,
    "enp3s0 TX": 105726.0,
    "wlp2s0 RX": 0.0,
    "wlp2s0 TX": 0.0,
    "PDU power": 7.0
}