{
    "CPU temp": 56.0,
    "CPU load (/proc/stat)(1s)": 0.02564102564102564,
    "CPU power": 2.846306,
    "lo RX": 0.0,
    "lo TX": 0.0,
    "enp3s0 RX": 2121846.0,
    "enp3s0 TX": 120944798.0,
    "wlp2s0 RX": 0.0,
    "wlp2s0 TX": 0.0,
    "PDU power": 8.0
}