{
    "CPU temp": 56.0,
    "CPU load (/proc/stat)(1s)": 0.014367816091954023,
    "CPU power": 3.037406,
    "lo RX": 0.0,
    "lo TX": 0.0,
    "enp3s0 RX": 2156952.0,
    "enp3s0 TX": 121352064.0,
    "wlp2s0 RX": 0.0,
    "wlp2s0 TX": 0.0,
    "PDU power": 7.0
}