{
    "CPU temp": 56.0,
    "CPU load (/proc/stat)(1s)": 0.014204545454545454,
    "CPU power": 2.968682,
    "lo RX": 0.0,
    "lo TX": 0.0,
    "enp3s0 RX": 2054753.0,
    "enp3s0 TX": 119868344.0,
    "wlp2s0 RX": 0.0,
    "wlp2s0 TX": 0.0,
    "PDU power": 7.0
}