{
    "CPU temp": 56.0,
    "CPU load (/proc/stat)(1s)": 0.01694915254237288,
    "CPU power": 3.00042,
    "lo RX": 0.0,
    "lo TX": 0.0,
    "enp3s0 RX": 2163581.0,
    "enp3s0 TX": 122593630.0,
    "wlp2s0 RX": 0.0,
    "wlp2s0 TX": 0.0,
    "PDU power": 7.0
}