{
    "CPU temp": 56.0,
    "CPU load (/proc/stat)(1s)": 0.011428571428571429,
    "CPU power": 2.977409,
    "lo RX": 0.0,
    "lo TX": 0.0,
    "enp3s0 RX": 2144862.0,
    "enp3s0 TX": 121471458.0,
    "wlp2s0 RX": 0.0,
    "wlp2s0 TX": 0.0,
    "PDU power": 8.0
}