{
    "CPU temp": 55.0,
    "CPU load (/proc/stat)(1s)": 0.24371859296482412,
    "CPU power": 3.684744,
    "lo RX": 0.0,
    "lo TX": 0.0,
    "enp3s0 RX": 1516.0,
    "enp3s0 TX": 538.0,
    "wlp2s0 RX": 0.0,
    "wlp2s0 TX": 0.0,
    "PDU power": 9.0
}