{
    "CPU temp": 55.0,
    "CPU load (/proc/stat)(1s)": 0.10582010582010581,
    "CPU power": 2.990593,
    "lo RX": 0.0,
    "lo TX": 0.0,
    "enp3s0 RX": 121902639.0,
    "enp3s0 TX": 110154.0,
    "wlp2s0 RX": 0.0,
    "wlp2s0 TX": 0.0,
    "PDU power": 8.0
}