{
    "CPU temp": 56.0,
    "CPU load (/proc/stat)(1s)": 0.10875331564986737,
    "CPU power": 3.158622,
    "lo RX": 0.0,
    "lo TX": 0.0,
    "enp3s0 RX": 122543295.0,
    "enp3s0 TX": 108912.0,
    "wlp2s0 RX": 0.0,
    "wlp2s0 TX": 0.0,
    "PDU power": 8.0
}