{
    "CPU temp": 56.0,
    "CPU load (/proc/stat)(1s)": 0.11733333333333333,
    "CPU power": 3.307182,
    "lo RX": 0.0,
    "lo TX": 0.0,
    "enp3s0 RX": 120562882.0,
    "enp3s0 TX": 105780.0,
    "wlp2s0 RX": 0.0,
    "wlp2s0 TX": 0.0,
    "PDU power": 8.0
}