{
    "CPU temp": 56.0,
    "CPU load (/proc/stat)(1s)": 0.14054054054054055,
    "CPU power": 3.551749,
    "lo RX": 0.0,
    "lo TX": 0.0,
    "enp3s0 RX": 94642374.0,
    "enp3s0 TX": 26530288.0,
    "wlp2s0 RX": 0.0,
    "wlp2s0 TX": 0.0,
    "PDU power": 10.0
}