{
    "CPU temp": 56.0,
    "CPU load (/proc/stat)(1s)": 0.11614730878186968,
    "CPU power": 3.572073,
    "lo RX": 0.0,
    "lo TX": 0.0,
    "enp3s0 RX": 2147418.0,
    "enp3s0 TX": 121689686.0,
    "wlp2s0 RX": 0.0,
    "wlp2s0 TX": 0.0,
    "PDU power": 9.0
}