{
    "CPU temp": 56.0,
    "CPU load (/proc/stat)(1s)": 0.09943181818181818,
    "CPU power": 3.479483,
    "lo RX": 0.0,
    "lo TX": 0.0,
    "enp3s0 RX": 2138297.0,
    "enp3s0 TX": 122249920.0,
    "wlp2s0 RX": 0.0,
    "wlp2s0 TX": 0.0,
    "PDU power": 8.0
}