{
    "CPU temp": 62.0,
    "CPU load (/proc/stat)(1s)": 0.7375328083989501,
    "CPU power": 7.366802,
    "lo RX": 0.0,
    "lo TX": 0.0,
    "enp3s0 RX": 117334302.0,
    "enp3s0 TX": 102702.0,
    "wlp2s0 RX": 0.0,
    "wlp2s0 TX": 0.0,
    "PDU power": 13.0
}