{
    "CPU temp": 58.0,
    "CPU load (/proc/stat)(1s)": 0.4469914040114613,
    "CPU power": 5.899521,
    "lo RX": 0.0,
    "lo TX": 0.0,
    "enp3s0 RX": 2242002.0,
    "enp3s0 TX": 121457992.0,
    "wlp2s0 RX": 0.0,
    "wlp2s0 TX": 0.0,
    "PDU power": 10.0
}