{
    "CPU temp": 56.0,
    "CPU load (/proc/stat)(1s)": 0.10227272727272728,
    "CPU power": 3.450552,
    "lo RX": 0.0,
    "lo TX": 0.0,
    "enp3s0 RX": 2024903.0,
    "enp3s0 TX": 115464012.0,
    "wlp2s0 RX": 0.0,
    "wlp2s0 TX": 0.0,
    "PDU power": 8.0
}