{
    "CPU temp": 56.0,
    "CPU load (/proc/stat)(1s)": 0.14985590778097982,
    "CPU power": 3.540762,
    "lo RX": 0.0,
    "lo TX": 0.0,
    "enp3s0 RX": 2056037.0,
    "enp3s0 TX": 117644464.0,
    "wlp2s0 RX": 0.0,
    "wlp2s0 TX": 0.0,
    "PDU power": 7.0
}