{
    "CPU temp": 56.0,
    "CPU load (/proc/stat)(1s)": 0.1931216931216931,
    "CPU power": 3.65679,
    "lo RX": 0.0,
    "lo TX": 0.0,
    "enp3s0 RX": 121881952.0,
    "enp3s0 TX": 109020.0,
    "wlp2s0 RX": 0.0,
    "wlp2s0 TX": 0.0,
    "PDU power": 9.0
}