{
    "CPU temp": 56.0,
    "CPU load (/proc/stat)(1s)": 0.23157894736842105,
    "CPU power": 3.983266,
    "lo RX": 0.0,
    "lo TX": 0.0,
    "enp3s0 RX": 118814053.0,
    "enp3s0 TX": 107562.0,
    "wlp2s0 RX": 0.0,
    "wlp2s0 TX": 0.0,
    "PDU power": 9.0
}