{
    "CPU temp": 56.0,
    "CPU load (/proc/stat)(1s)": 0.25263157894736843,
    "CPU power": 4.101003,
    "lo RX": 0.0,
    "lo TX": 0.0,
    "enp3s0 RX": 122467863.0,
    "enp3s0 TX": 111534.0,
    "wlp2s0 RX": 0.0,
    "wlp2s0 TX": 0.0,
    "PDU power": 10.0
}