{
    "CPU temp": 56.0,
    "CPU load (/proc/stat)(1s)": 0.21108179419525067,
    "CPU power": 3.928335,
    "lo RX": 0.0,
    "lo TX": 0.0,
    "enp3s0 RX": 121540204.0,
    "enp3s0 TX": 108264.0,
    "wlp2s0 RX": 0.0,
    "wlp2s0 TX": 0.0,
    "PDU power": 10.0
}