{
    "CPU temp": 56.0,
    "CPU load (/proc/stat)(1s)": 0.19576719576719576,
    "CPU power": 3.869191,
    "lo RX": 0.0,
    "lo TX": 0.0,
    "enp3s0 RX": 116820434.0,
    "enp3s0 TX": 108834.0,
    "wlp2s0 RX": 0.0,
    "wlp2s0 TX": 0.0,
    "PDU power": 10.0
}