{
    "CPU temp": 57.0,
    "CPU load (/proc/stat)(1s)": 0.23850574712643677,
    "CPU power": 4.540577,
    "lo RX": 0.0,
    "lo TX": 0.0,
    "enp3s0 RX": 2180022.0,
    "enp3s0 TX": 122962870.0,
    "wlp2s0 RX": 0.0,
    "wlp2s0 TX": 0.0,
    "PDU power": 9.0
}