{
    "CPU temp": 57.0,
    "CPU load (/proc/stat)(1s)": 0.36772486772486773,
    "CPU power": 4.897205,
    "lo RX": 0.0,
    "lo TX": 0.0,
    "enp3s0 RX": 121868266.0,
    "enp3s0 TX": 107886.0,
    "wlp2s0 RX": 0.0,
    "wlp2s0 TX": 0.0,
    "PDU power": 8.0
}