{
    "CPU temp": 57.0,
    "CPU load (/proc/stat)(1s)": 0.30423280423280424,
    "CPU power": 4.60265,
    "lo RX": 0.0,
    "lo TX": 0.0,
    "enp3s0 RX": 118844633.0,
    "enp3s0 TX": 108456.0,
    "wlp2s0 RX": 0.0,
    "wlp2s0 TX": 0.0,
    "PDU power": 10.0
}