{
    "CPU temp": 62.0,
    "CPU load (/proc/stat)(1s)": 0.7229551451187335,
    "CPU power": 7.356731,
    "lo RX": 0.0,
    "lo TX": 0.0,
    "enp3s0 RX": 116802325.0,
    "enp3s0 TX": 101892.0,
    "wlp2s0 RX": 0.0,
    "wlp2s0 TX": 0.0,
    "PDU power": 9.0
}