{
    "CPU temp": 58.0,
    "CPU load (/proc/stat)(1s)": 0.4358974358974359,
    "CPU power": 5.831956,
    "lo RX": 0.0,
    "lo TX": 0.0,
    "enp3s0 RX": 2256695.0,
    "enp3s0 TX": 121751654.0,
    "wlp2s0 RX": 0.0,
    "wlp2s0 TX": 0.0,
    "PDU power": 10.0
}