{
    "CPU temp": 61.0,
    "CPU load (/proc/stat)(1s)": 0.6095505617977528,
    "CPU power": 6.832686,
    "lo RX": 0.0,
    "lo TX": 0.0,
    "enp3s0 RX": 2049054.0,
    "enp3s0 TX": 120165036.0,
    "wlp2s0 RX": 0.0,
    "wlp2s0 TX": 0.0,
    "PDU power": 12.0
}