{
    "CPU temp": 58.0,
    "CPU load (/proc/stat)(1s)": 0.34048257372654156,
    "CPU power": 4.839648,
    "lo RX": 0.0,
    "lo TX": 0.0,
    "enp3s0 RX": 121517793.0,
    "enp3s0 TX": 109072.0,
    "wlp2s0 RX": 0.0,
    "wlp2s0 TX": 0.0,
    "PDU power": 9.0
}