{
    "CPU temp": 58.0,
    "CPU load (/proc/stat)(1s)": 0.3817663817663818,
    "CPU power": 5.435472,
    "lo RX": 0.0,
    "lo TX": 0.0,
    "enp3s0 RX": 2130615.0,
    "enp3s0 TX": 121783464.0,
    "wlp2s0 RX": 0.0,
    "wlp2s0 TX": 0.0,
    "PDU power": 10.0
}