{
    "CPU temp": 58.0,
    "CPU load (/proc/stat)(1s)": 0.3438395415472779,
    "CPU power": 5.151659,
    "lo RX": 0.0,
    "lo TX": 0.0,
    "enp3s0 RX": 2155920.0,
    "enp3s0 TX": 120968932.0,
    "wlp2s0 RX": 0.0,
    "wlp2s0 TX": 0.0,
    "PDU power": 9.0
}