{
    "CPU temp": 58.0,
    "CPU load (/proc/stat)(1s)": 0.35410764872521244,
    "CPU power": 5.300768,
    "lo RX": 0.0,
    "lo TX": 0.0,
    "enp3s0 RX": 2099088.0,
    "enp3s0 TX": 120199910.0,
    "wlp2s0 RX": 0.0,
    "wlp2s0 TX": 0.0,
    "PDU power": 9.0
}