{
    "CPU temp": 58.0,
    "CPU load (/proc/stat)(1s)": 0.332378223495702,
    "CPU power": 5.157274,
    "lo RX": 0.0,
    "lo TX": 0.0,
    "enp3s0 RX": 2125104.0,
    "enp3s0 TX": 121418734.0,
    "wlp2s0 RX": 0.0,
    "wlp2s0 TX": 0.0,
    "PDU power": 9.0
}