{
    "CPU temp": 58.0,
    "CPU load (/proc/stat)(1s)": 0.30601092896174864,
    "CPU power": 4.676075,
    "lo RX": 0.0,
    "lo TX": 0.0,
    "enp3s0 RX": 1505171.0,
    "enp3s0 TX": 84540581.0,
    "wlp2s0 RX": 0.0,
    "wlp2s0 TX": 0.0,
    "PDU power": 7.0
}