{
    "CPU temp": 58.0,
    "CPU load (/proc/stat)(1s)": 0.4378238341968912,
    "CPU power": 5.135119,
    "lo RX": 0.0,
    "lo TX": 0.0,
    "enp3s0 RX": 112010665.0,
    "enp3s0 TX": 109630.0,
    "wlp2s0 RX": 0.0,
    "wlp2s0 TX": 0.0,
    "PDU power": 10.0
}