{
    "CPU temp": 58.0,
    "CPU load (/proc/stat)(1s)": 0.4144385026737968,
    "CPU power": 5.097582,
    "lo RX": 0.0,
    "lo TX": 0.0,
    "enp3s0 RX": 122138495.0,
    "enp3s0 TX": 110854.0,
    "wlp2s0 RX": 0.0,
    "wlp2s0 TX": 0.0,
    "PDU power": 8.0
}