{
    "CPU temp": 62.0,
    "CPU load (/proc/stat)(1s)": 0.6614583333333334,
    "CPU power": 6.617049,
    "lo RX": 0.0,
    "lo TX": 0.0,
    "enp3s0 RX": 84391013.0,
    "enp3s0 TX": 76382.0,
    "wlp2s0 RX": 0.0,
    "wlp2s0 TX": 0.0,
    "PDU power": 12.0
}