{
    "CPU temp": 59.0,
    "CPU load (/proc/stat)(1s)": 0.42592592592592593,
    "CPU power": 5.233507,
    "lo RX": 0.0,
    "lo TX": 0.0,
    "enp3s0 RX": 119776236.0,
    "enp3s0 TX": 109506.0,
    "wlp2s0 RX": 0.0,
    "wlp2s0 TX": 0.0,
    "PDU power": 9.0
}