{
    "CPU temp": 58.0,
    "CPU load (/proc/stat)(1s)": 0.40100250626566414,
    "CPU power": 4.581898,
    "lo RX": 0.0,
    "lo TX": 0.0,
    "enp3s0 RX": 13155.0,
    "enp3s0 TX": 1804349.0,
    "wlp2s0 RX": 0.0,
    "wlp2s0 TX": 0.0,
    "PDU power": 9.0
}