{
    "CPU temp": 60.0,
    "CPU load (/proc/stat)(1s)": 0.5145888594164456,
    "CPU power": 5.919723,
    "lo RX": 0.0,
    "lo TX": 0.0,
    "enp3s0 RX": 122404155.0,
    "enp3s0 TX": 107940.0,
    "wlp2s0 RX": 0.0,
    "wlp2s0 TX": 0.0,
    "PDU power": 11.0
}