{
    "CPU temp": 59.0,
    "CPU load (/proc/stat)(1s)": 0.639686684073107,
    "CPU power": 6.798872,
    "lo RX": 0.0,
    "lo TX": 0.0,
    "enp3s0 RX": 118752160.0,
    "enp3s0 TX": 104268.0,
    "wlp2s0 RX": 0.0,
    "wlp2s0 TX": 0.0,
    "PDU power": 11.0
}