{
    "CPU temp": 61.0,
    "CPU load (/proc/stat)(1s)": 0.5028901734104047,
    "CPU power": 6.293136,
    "lo RX": 0.0,
    "lo TX": 0.0,
    "enp3s0 RX": 2151341.0,
    "enp3s0 TX": 122746458.0,
    "wlp2s0 RX": 0.0,
    "wlp2s0 TX": 0.0,
    "PDU power": 11.0
}