{
    "CPU temp": 61.0,
    "CPU load (/proc/stat)(1s)": 0.5545977011494253,
    "CPU power": 6.502363,
    "lo RX": 0.0,
    "lo TX": 0.0,
    "enp3s0 RX": 2135904.0,
    "enp3s0 TX": 120763028.0,
    "wlp2s0 RX": 0.0,
    "wlp2s0 TX": 0.0,
    "PDU power": 10.0
}