{
    "CPU temp": 61.0,
    "CPU load (/proc/stat)(1s)": 0.5302593659942363,
    "CPU power": 6.409042,
    "lo RX": 0.0,
    "lo TX": 0.0,
    "enp3s0 RX": 2145401.0,
    "enp3s0 TX": 122776526.0,
    "wlp2s0 RX": 0.0,
    "wlp2s0 TX": 0.0,
    "PDU power": 10.0
}