{
    "CPU temp": 62.0,
    "CPU load (/proc/stat)(1s)": 0.6246648793565683,
    "CPU power": 6.705183,
    "lo RX": 0.0,
    "lo TX": 0.0,
    "enp3s0 RX": 122180768.0,
    "enp3s0 TX": 107630.0,
    "wlp2s0 RX": 0.0,
    "wlp2s0 TX": 0.0,
    "PDU power": 10.0
}