{
    "CPU temp": 57.0,
    "CPU load (/proc/stat)(1s)": 0.01871657754010695,
    "CPU power": 2.536065,
    "lo RX": 0.0,
    "lo TX": 0.0,
    "enp3s0 RX": 122345257.0,
    "enp3s0 TX": 147414.0,
    "wlp2s0 RX": 0.0,
    "wlp2s0 TX": 0.0,
    "PDU power": 7.0
}