{
    "CPU temp": 56.0,
    "CPU load (/proc/stat)(1s)": 0.4421052631578947,
    "CPU power": 5.382249,
    "lo RX": 0.0,
    "lo TX": 0.0,
    "enp3s0 RX": 120085922.0,
    "enp3s0 TX": 106482.0,
    "wlp2s0 RX": 0.0,
    "wlp2s0 TX": 0.0,
    "PDU power": 10.0
}