{
    "CPU temp": 59.0,
    "CPU load (/proc/stat)(1s)": 0.6164021164021164,
    "CPU power": 6.639204,
    "lo RX": 0.0,
    "lo TX": 0.0,
    "enp3s0 RX": 119194598.0,
    "enp3s0 TX": 104916.0,
    "wlp2s0 RX": 0.0,
    "wlp2s0 TX": 0.0,
    "PDU power": 10.0
}