{
    "CPU temp": 63.0,
    "CPU load (/proc/stat)(1s)": 0.8210526315789474,
    "CPU power": 7.94633,
    "lo RX": 0.0,
    "lo TX": 0.0,
    "enp3s0 RX": 115952271.0,
    "enp3s0 TX": 102270.0,
    "wlp2s0 RX": 0.0,
    "wlp2s0 TX": 0.0,
    "PDU power": 10.0
}