{
    "CPU temp": 62.0,
    "CPU load (/proc/stat)(1s)": 0.6322751322751323,
    "CPU power": 6.802595,
    "lo RX": 0.0,
    "lo TX": 0.0,
    "enp3s0 RX": 122393705.0,
    "enp3s0 TX": 107954.0,
    "wlp2s0 RX": 0.0,
    "wlp2s0 TX": 0.0,
    "PDU power": 11.0
}