{
    "CPU temp": 62.0,
    "CPU load (/proc/stat)(1s)": 0.6448863636363636,
    "CPU power": 7.048749,
    "lo RX": 0.0,
    "lo TX": 0.0,
    "enp3s0 RX": 14133385.0,
    "enp3s0 TX": 108581176.0,
    "wlp2s0 RX": 0.0,
    "wlp2s0 TX": 0.0,
    "PDU power": 12.0
}