{
    "CPU temp": 63.0,
    "CPU load (/proc/stat)(1s)": 0.6153846153846154,
    "CPU power": 6.928754,
    "lo RX": 0.0,
    "lo TX": 0.0,
    "enp3s0 RX": 2133756.0,
    "enp3s0 TX": 121165896.0,
    "wlp2s0 RX": 0.0,
    "wlp2s0 TX": 0.0,
    "PDU power": 11.0
}