{
    "CPU temp": 63.0,
    "CPU load (/proc/stat)(1s)": 0.6572237960339944,
    "CPU power": 7.170819,
    "lo RX": 0.0,
    "lo TX": 0.0,
    "enp3s0 RX": 2074217.0,
    "enp3s0 TX": 121853092.0,
    "wlp2s0 RX": 0.0,
    "wlp2s0 TX": 0.0,
    "PDU power": 11.0
}