{
    "CPU temp": 62.0,
    "CPU load (/proc/stat)(1s)": 0.5739348370927319,
    "CPU power": 5.880723,
    "lo RX": 0.0,
    "lo TX": 0.0,
    "enp3s0 RX": 2983.0,
    "enp3s0 TX": 2743.0,
    "wlp2s0 RX": 0.0,
    "wlp2s0 TX": 0.0,
    "PDU power": 10.0
}