{
    "CPU temp": 61.0,
    "CPU load (/proc/stat)(1s)": 0.8346456692913385,
    "CPU power": 8.03068,
    "lo RX": 0.0,
    "lo TX": 0.0,
    "enp3s0 RX": 119889457.0,
    "enp3s0 TX": 109936.0,
    "wlp2s0 RX": 0.0,
    "wlp2s0 TX": 0.0,
    "PDU power": 12.0
}