{
    "CPU temp": 64.0,
    "CPU load (/proc/stat)(1s)": 0.8267716535433071,
    "CPU power": 8.007853,
    "lo RX": 0.0,
    "lo TX": 0.0,
    "enp3s0 RX": 115852288.0,
    "enp3s0 TX": 101366.0,
    "wlp2s0 RX": 0.0,
    "wlp2s0 TX": 0.0,
    "PDU power": 12.0
}