{
    "CPU temp": 63.0,
    "CPU load (/proc/stat)(1s)": 0.7342105263157894,
    "CPU power": 7.284161,
    "lo RX": 0.0,
    "lo TX": 0.0,
    "enp3s0 RX": 121800435.0,
    "enp3s0 TX": 109882.0,
    "wlp2s0 RX": 0.0,
    "wlp2s0 TX": 0.0,
    "PDU power": 10.0
}