{
    "CPU temp": 64.0,
    "CPU load (/proc/stat)(1s)": 0.712401055408971,
    "CPU power": 7.189618,
    "lo RX": 0.0,
    "lo TX": 0.0,
    "enp3s0 RX": 122359244.0,
    "enp3s0 TX": 107832.0,
    "wlp2s0 RX": 0.0,
    "wlp2s0 TX": 0.0,
    "PDU power": 11.0
}