{
    "CPU temp": 64.0,
    "CPU load (/proc/stat)(1s)": 0.7195767195767195,
    "CPU power": 7.36668,
    "lo RX": 0.0,
    "lo TX": 0.0,
    "enp3s0 RX": 120212290.0,
    "enp3s0 TX": 115606.0,
    "wlp2s0 RX": 0.0,
    "wlp2s0 TX": 0.0,
    "PDU power": 12.0
}