{
    "CPU temp": 64.0,
    "CPU load (/proc/stat)(1s)": 0.7244318181818182,
    "CPU power": 7.462749,
    "lo RX": 0.0,
    "lo TX": 0.0,
    "enp3s0 RX": 2180381.0,
    "enp3s0 TX": 122608578.0,
    "wlp2s0 RX": 0.0,
    "wlp2s0 TX": 0.0,
    "PDU power": 11.0
}