{
    "CPU temp": 64.0,
    "CPU load (/proc/stat)(1s)": 0.7264957264957265,
    "CPU power": 7.513287,
    "lo RX": 0.0,
    "lo TX": 0.0,
    "enp3s0 RX": 2203421.0,
    "enp3s0 TX": 122251290.0,
    "wlp2s0 RX": 0.0,
    "wlp2s0 TX": 0.0,
    "PDU power": 10.0
}