{
    "CPU temp": 65.0,
    "CPU load (/proc/stat)(1s)": 0.723342939481268,
    "CPU power": 7.542461,
    "lo RX": 0.0,
    "lo TX": 0.0,
    "enp3s0 RX": 2131181.0,
    "enp3s0 TX": 122314862.0,
    "wlp2s0 RX": 0.0,
    "wlp2s0 TX": 0.0,
    "PDU power": 11.0
}