{
    "CPU temp": 62.0,
    "CPU load (/proc/stat)(1s)": 0.8241469816272966,
    "CPU power": 7.982279,
    "lo RX": 0.0,
    "lo TX": 0.0,
    "enp3s0 RX": 122468043.0,
    "enp3s0 TX": 108858.0,
    "wlp2s0 RX": 0.0,
    "wlp2s0 TX": 0.0,
    "PDU power": 12.0
}