{
    "CPU temp": 65.0,
    "CPU load (/proc/stat)(1s)": 0.7285714285714285,
    "CPU power": 7.548259,
    "lo RX": 0.0,
    "lo TX": 0.0,
    "enp3s0 RX": 2151882.0,
    "enp3s0 TX": 121140014.0,
    "wlp2s0 RX": 0.0,
    "wlp2s0 TX": 0.0,
    "PDU power": 11.0
}