{
    "CPU temp": 64.0,
    "CPU load (/proc/stat)(1s)": 0.6328767123287671,
    "CPU power": 6.743879,
    "lo RX": 0.0,
    "lo TX": 0.0,
    "enp3s0 RX": 1311008.0,
    "enp3s0 TX": 72709659.0,
    "wlp2s0 RX": 0.0,
    "wlp2s0 TX": 0.0,
    "PDU power": 9.0
}