{
    "CPU temp": 64.0,
    "CPU load (/proc/stat)(1s)": 0.6253229974160207,
    "CPU power": 6.546553,
    "lo RX": 0.0,
    "lo TX": 0.0,
    "enp3s0 RX": 79627744.0,
    "enp3s0 TX": 73018.0,
    "wlp2s0 RX": 0.0,
    "wlp2s0 TX": 0.0,
    "PDU power": 12.0
}