{
    "CPU temp": 65.0,
    "CPU load (/proc/stat)(1s)": 0.8267716535433071,
    "CPU power": 7.996989,
    "lo RX": 0.0,
    "lo TX": 0.0,
    "enp3s0 RX": 122739607.0,
    "enp3s0 TX": 111108.0,
    "wlp2s0 RX": 0.0,
    "wlp2s0 TX": 0.0,
    "PDU power": 11.0
}