{
    "CPU temp": 65.0,
    "CPU load (/proc/stat)(1s)": 0.8298429319371727,
    "CPU power": 7.974405,
    "lo RX": 0.0,
    "lo TX": 0.0,
    "enp3s0 RX": 121986029.0,
    "enp3s0 TX": 106254.0,
    "wlp2s0 RX": 0.0,
    "wlp2s0 TX": 0.0,
    "PDU power": 11.0
}