{
    "CPU temp": 65.0,
    "CPU load (/proc/stat)(1s)": 0.8302872062663186,
    "CPU power": 8.024089,
    "lo RX": 0.0,
    "lo TX": 0.0,
    "enp3s0 RX": 122394951.0,
    "enp3s0 TX": 106950.0,
    "wlp2s0 RX": 0.0,
    "wlp2s0 TX": 0.0,
    "PDU power": 12.0
}