{
    "CPU temp": 66.0,
    "CPU load (/proc/stat)(1s)": 0.8238636363636364,
    "CPU power": 8.083536,
    "lo RX": 0.0,
    "lo TX": 0.0,
    "enp3s0 RX": 2152764.0,
    "enp3s0 TX": 121731988.0,
    "wlp2s0 RX": 0.0,
    "wlp2s0 TX": 0.0,
    "PDU power": 11.0
}