{
    "CPU temp": 64.0,
    "CPU load (/proc/stat)(1s)": 0.8263157894736842,
    "CPU power": 7.994304,
    "lo RX": 0.0,
    "lo TX": 0.0,
    "enp3s0 RX": 115175864.0,
    "enp3s0 TX": 100380.0,
    "wlp2s0 RX": 0.0,
    "wlp2s0 TX": 0.0,
    "PDU power": 12.0
}