{
    "CPU temp": 66.0,
    "CPU load (/proc/stat)(1s)": 0.8220338983050848,
    "CPU power": 8.085062,
    "lo RX": 0.0,
    "lo TX": 0.0,
    "enp3s0 RX": 2160713.0,
    "enp3s0 TX": 121971200.0,
    "wlp2s0 RX": 0.0,
    "wlp2s0 TX": 0.0,
    "PDU power": 12.0
}