{
    "CPU temp": 66.0,
    "CPU load (/proc/stat)(1s)": 0.8270893371757925,
    "CPU power": 8.133829,
    "lo RX": 0.0,
    "lo TX": 0.0,
    "enp3s0 RX": 2142305.0,
    "enp3s0 TX": 119730570.0,
    "wlp2s0 RX": 0.0,
    "wlp2s0 TX": 0.0,
    "PDU power": 12.0
}