{
    "CPU temp": 67.0,
    "CPU load (/proc/stat)(1s)": 0.9244791666666666,
    "CPU power": 8.604531,
    "lo RX": 0.0,
    "lo TX": 0.0,
    "enp3s0 RX": 122432861.0,
    "enp3s0 TX": 107700.0,
    "wlp2s0 RX": 0.0,
    "wlp2s0 TX": 0.0,
    "PDU power": 11.0
}