{
    "CPU temp": 64.0,
    "CPU load (/proc/stat)(1s)": 0.6580310880829016,
    "CPU power": 6.53868,
    "lo RX": 0.0,
    "lo TX": 0.0,
    "enp3s0 RX": 78885424.0,
    "enp3s0 TX": 71740.0,
    "wlp2s0 RX": 0.0,
    "wlp2s0 TX": 0.0,
    "PDU power": 12.0
}