{
    "CPU temp": 60.0,
    "CPU load (/proc/stat)(1s)": 0.6442048517520216,
    "CPU power": 6.874738,
    "lo RX": 0.0,
    "lo TX": 0.0,
    "enp3s0 RX": 72645240.0,
    "enp3s0 TX": 47462400.0,
    "wlp2s0 RX": 0.0,
    "wlp2s0 TX": 0.0,
    "PDU power": 10.0
}