{
    "CPU temp": 67.0,
    "CPU load (/proc/stat)(1s)": 0.9275766016713092,
    "CPU power": 8.668923,
    "lo RX": 0.0,
    "lo TX": 0.0,
    "enp3s0 RX": 54288272.0,
    "enp3s0 TX": 67763152.0,
    "wlp2s0 RX": 0.0,
    "wlp2s0 TX": 0.0,
    "PDU power": 11.0
}