{
    "CPU temp": 68.0,
    "CPU load (/proc/stat)(1s)": 0.923728813559322,
    "CPU power": 8.702126,
    "lo RX": 0.0,
    "lo TX": 0.0,
    "enp3s0 RX": 2170302.0,
    "enp3s0 TX": 121901434.0,
    "wlp2s0 RX": 0.0,
    "wlp2s0 TX": 0.0,
    "PDU power": 11.0
}