{
    "CPU temp": 68.0,
    "CPU load (/proc/stat)(1s)": 0.9215686274509803,
    "CPU power": 8.682473,
    "lo RX": 0.0,
    "lo TX": 0.0,
    "enp3s0 RX": 2155542.0,
    "enp3s0 TX": 122931166.0,
    "wlp2s0 RX": 0.0,
    "wlp2s0 TX": 0.0,
    "PDU power": 11.0
}