{
    "CPU temp": 66.0,
    "CPU load (/proc/stat)(1s)": 0.27466666666666667,
    "CPU power": 4.248403,
    "lo RX": 0.0,
    "lo TX": 0.0,
    "enp3s0 RX": 89580390.0,
    "enp3s0 TX": 27921930.0,
    "wlp2s0 RX": 0.0,
    "wlp2s0 TX": 0.0,
    "PDU power": 8.0
}