{
    "CPU temp": 60.0,
    "CPU load (/proc/stat)(1s)": 0.015748031496062992,
    "CPU power": 2.335321,
    "lo RX": 0.0,
    "lo TX": 0.0,
    "enp3s0 RX": 105413074.0,
    "enp3s0 TX": 286162.0,
    "wlp2s0 RX": 0.0,
    "wlp2s0 TX": 0.0,
    "PDU power": 6.0
}