{
    "CPU temp": 61.0,
    "CPU load (/proc/stat)(1s)": 0.6267806267806267,
    "CPU power": 6.982404,
    "lo RX": 0.0,
    "lo TX": 0.0,
    "enp3s0 RX": 2262221.0,
    "enp3s0 TX": 122326974.0,
    "wlp2s0 RX": 0.0,
    "wlp2s0 TX": 0.0,
    "PDU power": 10.0
}