{
    "CPU temp": 65.0,
    "CPU load (/proc/stat)(1s)": 0.9234828496042217,
    "CPU power": 8.616494,
    "lo RX": 0.0,
    "lo TX": 0.0,
    "enp3s0 RX": 118007965.0,
    "enp3s0 TX": 103942.0,
    "wlp2s0 RX": 0.0,
    "wlp2s0 TX": 0.0,
    "PDU power": 12.0
}