{
    "CPU temp": 61.0,
    "CPU load (/proc/stat)(1s)": 0.6193181818181818,
    "CPU power": 6.827192,
    "lo RX": 0.0,
    "lo TX": 0.0,
    "enp3s0 RX": 2253449.0,
    "enp3s0 TX": 121695636.0,
    "wlp2s0 RX": 0.0,
    "wlp2s0 TX": 0.0,
    "PDU power": 12.0
}