{
    "CPU temp": 66.0,
    "CPU load (/proc/stat)(1s)": 0.9261213720316622,
    "CPU power": 8.561806,
    "lo RX": 0.0,
    "lo TX": 0.0,
    "enp3s0 RX": 118421638.0,
    "enp3s0 TX": 104730.0,
    "wlp2s0 RX": 0.0,
    "wlp2s0 TX": 0.0,
    "PDU power": 12.0
}