{
    "CPU temp": 47.0,
    "CPU load (/proc/stat)(1s)": 0.004975124378109453,
    "CPU power": 1.491268,
    "lo RX": 0.0,
    "lo TX": 0.0,
    "enp3s0 RX": 942.0,
    "enp3s0 TX": 264.0,
    "wlp2s0 RX": 0.0,
    "wlp2s0 TX": 0.0,
    "PDU power": 6.0
}