{
    "CPU temp": 61.0,
    "CPU load (/proc/stat)(1s)": 0.6264367816091954,
    "CPU power": 7.011335,
    "lo RX": 0.0,
    "lo TX": 0.0,
    "enp3s0 RX": 2255021.0,
    "enp3s0 TX": 121965076.0,
    "wlp2s0 RX": 0.0,
    "wlp2s0 TX": 0.0,
    "PDU power": 10.0
}