{
    "CPU temp": 64.0,
    "CPU load (/proc/stat)(1s)": 0.26052631578947366,
    "CPU power": 4.108938,
    "lo RX": 0.0,
    "lo TX": 0.0,
    "enp3s0 RX": 112817734.0,
    "enp3s0 TX": 100716.0,
    "wlp2s0 RX": 0.0,
    "wlp2s0 TX": 0.0,
    "PDU power": 9.0
}