{
    "CPU temp": 61.0,
    "CPU load (/proc/stat)(1s)": 0.5818181818181818,
    "CPU power": 6.067428,
    "lo RX": 0.0,
    "lo TX": 0.0,
    "enp3s0 RX": 67220143.0,
    "enp3s0 TX": 4378995.0,
    "wlp2s0 RX": 0.0,
    "wlp2s0 TX": 0.0,
    "PDU power": 9.0
}