{
    "CPU temp": 62.0,
    "CPU load (/proc/stat)(1s)": 0.8337662337662337,
    "CPU power": 7.871501,
    "lo RX": 0.0,
    "lo TX": 0.0,
    "enp3s0 RX": 117323284.0,
    "enp3s0 TX": 103054.0,
    "wlp2s0 RX": 0.0,
    "wlp2s0 TX": 0.0,
    "PDU power": 10.0
}