{
    "CPU temp": 59.0,
    "CPU load (/proc/stat)(1s)": 0.02099737532808399,
    "CPU power": 2.411554,
    "lo RX": 0.0,
    "lo TX": 0.0,
    "enp3s0 RX": 117386963.0,
    "enp3s0 TX": 103728.0,
    "wlp2s0 RX": 0.0,
    "wlp2s0 TX": 0.0,
    "PDU power": 8.0
}