{
    "CPU temp": 51.0,
    "CPU load (/proc/stat)(1s)": 0.23218997361477572,
    "CPU power": 3.959585,
    "lo RX": 0.0,
    "lo TX": 0.0,
    "enp3s0 RX": 118903379.0,
    "enp3s0 TX": 103350.0,
    "wlp2s0 RX": 0.0,
    "wlp2s0 TX": 0.0,
    "PDU power": 8.0
}