{
    "CPU temp": 53.0,
    "CPU load (/proc/stat)(1s)": 0.20634920634920634,
    "CPU power": 3.801809,
    "lo RX": 0.0,
    "lo TX": 0.0,
    "enp3s0 RX": 120348849.0,
    "enp3s0 TX": 107346.0,
    "wlp2s0 RX": 0.0,
    "wlp2s0 TX": 0.0,
    "PDU power": 8.0
}