{
    "CPU temp": 53.0,
    "CPU load (/proc/stat)(1s)": 0.19321148825065274,
    "CPU power": 3.635061,
    "lo RX": 0.0,
    "lo TX": 0.0,
    "enp3s0 RX": 119345550.0,
    "enp3s0 TX": 105996.0,
    "wlp2s0 RX": 0.0,
    "wlp2s0 TX": 0.0,
    "PDU power": 9.0
}