{
    "CPU temp": 58.0,
    "CPU load (/proc/stat)(1s)": 0.015873015873015872,
    "CPU power": 2.424432,
    "lo RX": 0.0,
    "lo TX": 0.0,
    "enp3s0 RX": 119729242.0,
    "enp3s0 TX": 105942.0,
    "wlp2s0 RX": 0.0,
    "wlp2s0 TX": 0.0,
    "PDU power": 8.0
}