{
    "CPU temp": 62.0,
    "CPU load (/proc/stat)(1s)": 0.8219895287958116,
    "CPU power": 7.957377,
    "lo RX": 0.0,
    "lo TX": 0.0,
    "enp3s0 RX": 115232768.0,
    "enp3s0 TX": 100270.0,
    "wlp2s0 RX": 0.0,
    "wlp2s0 TX": 0.0,
    "PDU power": 11.0
}