{
    "CPU temp": 54.0,
    "CPU load (/proc/stat)(1s)": 0.19525065963060687,
    "CPU power": 3.623526,
    "lo RX": 0.0,
    "lo TX": 0.0,
    "enp3s0 RX": 122088594.0,
    "enp3s0 TX": 114288.0,
    "wlp2s0 RX": 0.0,
    "wlp2s0 TX": 0.0,
    "PDU power": 9.0
}