{
    "CPU temp": 54.0,
    "CPU load (/proc/stat)(1s)": 0.1989389920424403,
    "CPU power": 3.617727,
    "lo RX": 0.0,
    "lo TX": 0.0,
    "enp3s0 RX": 121467919.0,
    "enp3s0 TX": 107940.0,
    "wlp2s0 RX": 0.0,
    "wlp2s0 TX": 0.0,
    "PDU power": 9.0
}