{
    "CPU temp": 54.0,
    "CPU load (/proc/stat)(1s)": 0.2394736842105263,
    "CPU power": 3.908071,
    "lo RX": 0.0,
    "lo TX": 0.0,
    "enp3s0 RX": 121907361.0,
    "enp3s0 TX": 108996.0,
    "wlp2s0 RX": 0.0,
    "wlp2s0 TX": 0.0,
    "PDU power": 9.0
}