{
    "CPU temp": 55.0,
    "CPU load (/proc/stat)(1s)": 0.2526595744680851,
    "CPU power": 4.15685,
    "lo RX": 0.0,
    "lo TX": 0.0,
    "enp3s0 RX": 118770147.0,
    "enp3s0 TX": 112308.0,
    "wlp2s0 RX": 0.0,
    "wlp2s0 TX": 0.0,
    "PDU power": 8.0
}