{
    "CPU temp": 55.0,
    "CPU load (/proc/stat)(1s)": 0.26595744680851063,
    "CPU power": 4.298756,
    "lo RX": 0.0,
    "lo TX": 0.0,
    "enp3s0 RX": 122145946.0,
    "enp3s0 TX": 109722.0,
    "wlp2s0 RX": 0.0,
    "wlp2s0 TX": 0.0,
    "PDU power": 9.0
}