{
    "CPU temp": 55.0,
    "CPU load (/proc/stat)(1s)": 0.3937007874015748,
    "CPU power": 4.889697,
    "lo RX": 0.0,
    "lo TX": 0.0,
    "enp3s0 RX": 120762582.0,
    "enp3s0 TX": 112250.0,
    "wlp2s0 RX": 0.0,
    "wlp2s0 TX": 0.0,
    "PDU power": 9.0
}