{
    "CPU temp": 63.0,
    "CPU load (/proc/stat)(1s)": 0.8255208333333334,
    "CPU power": 7.969401,
    "lo RX": 0.0,
    "lo TX": 0.0,
    "enp3s0 RX": 117853505.0,
    "enp3s0 TX": 103920.0,
    "wlp2s0 RX": 0.0,
    "wlp2s0 TX": 0.0,
    "PDU power": 12.0
}