{
    "CPU temp": 57.0,
    "CPU load (/proc/stat)(1s)": 0.4322916666666667,
    "CPU power": 5.201524,
    "lo RX": 0.0,
    "lo TX": 0.0,
    "enp3s0 RX": 117411547.0,
    "enp3s0 TX": 138072.0,
    "wlp2s0 RX": 0.0,
    "wlp2s0 TX": 0.0,
    "PDU power": 8.0
}