{
    "CPU temp": 59.0,
    "CPU load (/proc/stat)(1s)": 0.6358839050131926,
    "CPU power": 6.808027,
    "lo RX": 0.0,
    "lo TX": 0.0,
    "enp3s0 RX": 119717070.0,
    "enp3s0 TX": 128690.0,
    "wlp2s0 RX": 0.0,
    "wlp2s0 TX": 0.0,
    "PDU power": 11.0
}