{
    "CPU temp": 59.0,
    "CPU load (/proc/stat)(1s)": 0.6282722513089005,
    "CPU power": 6.651961,
    "lo RX": 0.0,
    "lo TX": 0.0,
    "enp3s0 RX": 121281698.0,
    "enp3s0 TX": 119334.0,
    "wlp2s0 RX": 0.0,
    "wlp2s0 TX": 0.0,
    "PDU power": 9.0
}