{
    "CPU temp": 60.0,
    "CPU load (/proc/stat)(1s)": 0.8333333333333334,
    "CPU power": 7.912456,
    "lo RX": 0.0,
    "lo TX": 0.0,
    "enp3s0 RX": 121689941.0,
    "enp3s0 TX": 115230.0,
    "wlp2s0 RX": 0.0,
    "wlp2s0 TX": 0.0,
    "PDU power": 11.0
}