{
    "CPU temp": 63.0,
    "CPU load (/proc/stat)(1s)": 0.8276762402088773,
    "CPU power": 8.044108,
    "lo RX": 0.0,
    "lo TX": 0.0,
    "enp3s0 RX": 116184651.0,
    "enp3s0 TX": 101406.0,
    "wlp2s0 RX": 0.0,
    "wlp2s0 TX": 0.0,
    "PDU power": 11.0
}