{
    "CPU temp": 56.0,
    "CPU load (/proc/stat)(1s)": 0.0158311345646438,
    "CPU power": 2.402948,
    "lo RX": 0.0,
    "lo TX": 0.0,
    "enp3s0 RX": 119004342.0,
    "enp3s0 TX": 105594.0,
    "wlp2s0 RX": 0.0,
    "wlp2s0 TX": 0.0,
    "PDU power": 8.0
}