{
    "CPU temp": 62.0,
    "CPU load (/proc/stat)(1s)": 0.8203753351206434,
    "CPU power": 7.98057,
    "lo RX": 0.0,
    "lo TX": 0.0,
    "enp3s0 RX": 120427610.0,
    "enp3s0 TX": 110060.0,
    "wlp2s0 RX": 0.0,
    "wlp2s0 TX": 0.0,
    "PDU power": 11.0
}