{
    "CPU temp": 63.0,
    "CPU load (/proc/stat)(1s)": 0.6227390180878553,
    "CPU power": 6.400435,
    "lo RX": 0.0,
    "lo TX": 0.0,
    "enp3s0 RX": 72382509.0,
    "enp3s0 TX": 70601.0,
    "wlp2s0 RX": 0.0,
    "wlp2s0 TX": 0.0,
    "PDU power": 11.0
}