{
    "CPU temp": 65.0,
    "CPU load (/proc/stat)(1s)": 0.9175257731958762,
    "CPU power": 8.485025,
    "lo RX": 0.0,
    "lo TX": 0.0,
    "enp3s0 RX": 75409234.0,
    "enp3s0 TX": 68274.0,
    "wlp2s0 RX": 0.0,
    "wlp2s0 TX": 0.0,
    "PDU power": 12.0
}