{
    "CPU temp": 65.0,
    "CPU load (/proc/stat)(1s)": 0.9253333333333333,
    "CPU power": 8.614296,
    "lo RX": 0.0,
    "lo TX": 0.0,
    "enp3s0 RX": 121072627.0,
    "enp3s0 TX": 106914.0,
    "wlp2s0 RX": 0.0,
    "wlp2s0 TX": 0.0,
    "PDU power": 13.0
}