{
    "CPU temp": 62.0,
    "CPU load (/proc/stat)(1s)": 0.23544973544973544,
    "CPU power": 3.908925,
    "lo RX": 0.0,
    "lo TX": 0.0,
    "enp3s0 RX": 109302984.0,
    "enp3s0 TX": 111004.0,
    "wlp2s0 RX": 0.0,
    "wlp2s0 TX": 0.0,
    "PDU power": 10.0
}