{
    "CPU temp": 58.0,
    "CPU load (/proc/stat)(1s)": 0.21808510638297873,
    "CPU power": 3.908743,
    "lo RX": 0.0,
    "lo TX": 0.0,
    "enp3s0 RX": 121043367.0,
    "enp3s0 TX": 124478.0,
    "wlp2s0 RX": 0.0,
    "wlp2s0 TX": 0.0,
    "PDU power": 9.0
}