{
    "CPU temp": 57.0,
    "CPU load (/proc/stat)(1s)": 0.4126984126984127,
    "CPU power": 5.064196,
    "lo RX": 0.0,
    "lo TX": 0.0,
    "enp3s0 RX": 105238883.0,
    "enp3s0 TX": 111142.0,
    "wlp2s0 RX": 0.0,
    "wlp2s0 TX": 0.0,
    "PDU power": 9.0
}