{
    "CPU temp": 58.0,
    "CPU load (/proc/stat)(1s)": 0.3925729442970822,
    "CPU power": 4.98955,
    "lo RX": 0.0,
    "lo TX": 0.0,
    "enp3s0 RX": 122448422.0,
    "enp3s0 TX": 110762.0,
    "wlp2s0 RX": 0.0,
    "wlp2s0 TX": 0.0,
    "PDU power": 10.0
}