{
    "CPU temp": 55.0,
    "CPU load (/proc/stat)(1s)": 0.17357512953367876,
    "CPU power": 3.425223,
    "lo RX": 0.0,
    "lo TX": 0.0,
    "enp3s0 RX": 86266615.0,
    "enp3s0 TX": 79456.0,
    "wlp2s0 RX": 0.0,
    "wlp2s0 TX": 0.0,
    "PDU power": 9.0
}