{
    "CPU temp": 58.0,
    "CPU load (/proc/stat)(1s)": 0.4175531914893617,
    "CPU power": 5.363024,
    "lo RX": 0.0,
    "lo TX": 0.0,
    "enp3s0 RX": 122040294.0,
    "enp3s0 TX": 113692.0,
    "wlp2s0 RX": 0.0,
    "wlp2s0 TX": 0.0,
    "PDU power": 10.0
}