{
    "CPU temp": 58.0,
    "CPU load (/proc/stat)(1s)": 0.4312169312169312,
    "CPU power": 5.513902,
    "lo RX": 0.0,
    "lo TX": 0.0,
    "enp3s0 RX": 121117447.0,
    "enp3s0 TX": 110508.0,
    "wlp2s0 RX": 0.0,
    "wlp2s0 TX": 0.0,
    "PDU power": 9.0
}