{
    "CPU temp": 59.0,
    "CPU load (/proc/stat)(1s)": 0.4595300261096606,
    "CPU power": 5.281175,
    "lo RX": 0.0,
    "lo TX": 0.0,
    "enp3s0 RX": 72597943.0,
    "enp3s0 TX": 75541.0,
    "wlp2s0 RX": 0.0,
    "wlp2s0 TX": 0.0,
    "PDU power": 9.0
}