{
    "CPU temp": 61.0,
    "CPU load (/proc/stat)(1s)": 0.6256684491978609,
    "CPU power": 6.776655,
    "lo RX": 0.0,
    "lo TX": 0.0,
    "enp3s0 RX": 122419175.0,
    "enp3s0 TX": 108048.0,
    "wlp2s0 RX": 0.0,
    "wlp2s0 TX": 0.0,
    "PDU power": 10.0
}