{
    "CPU temp": 55.0,
    "CPU load (/proc/stat)(1s)": 0.12368421052631579,
    "CPU power": 3.151847,
    "lo RX": 0.0,
    "lo TX": 0.0,
    "enp3s0 RX": 121240441.0,
    "enp3s0 TX": 107454.0,
    "wlp2s0 RX": 0.0,
    "wlp2s0 TX": 0.0,
    "PDU power": 10.0
}