{
    "CPU temp": 64.0,
    "CPU load (/proc/stat)(1s)": 0.8324607329842932,
    "CPU power": 8.051371,
    "lo RX": 0.0,
    "lo TX": 0.0,
    "enp3s0 RX": 120573480.0,
    "enp3s0 TX": 152544.0,
    "wlp2s0 RX": 0.0,
    "wlp2s0 TX": 0.0,
    "PDU power": 9.0
}