{
    "CPU temp": 54.0,
    "CPU load (/proc/stat)(1s)": 0.028391167192429023,
    "CPU power": 2.122248,
    "lo RX": 0.0,
    "lo TX": 0.0,
    "enp3s0 RX": 1852816.0,
    "enp3s0 TX": 111368696.0,
    "wlp2s0 RX": 0.0,
    "wlp2s0 TX": 0.0,
    "PDU power": 8.0
}