{
    "CPU temp": 66.0,
    "CPU load (/proc/stat)(1s)": 0.9313984168865436,
    "CPU power": 8.664041,
    "lo RX": 0.0,
    "lo TX": 0.0,
    "enp3s0 RX": 121680798.0,
    "enp3s0 TX": 136860.0,
    "wlp2s0 RX": 0.0,
    "wlp2s0 TX": 0.0,
    "PDU power": 11.0
}