{
    "CPU temp": 66.0,
    "CPU load (/proc/stat)(1s)": 0.9326424870466321,
    "CPU power": 8.683205,
    "lo RX": 0.0,
    "lo TX": 0.0,
    "enp3s0 RX": 120688216.0,
    "enp3s0 TX": 138912.0,
    "wlp2s0 RX": 0.0,
    "wlp2s0 TX": 0.0,
    "PDU power": 11.0
}