{
    "CPU temp": 65.0,
    "CPU load (/proc/stat)(1s)": 0.6356589147286822,
    "CPU power": 6.439376,
    "lo RX": 0.0,
    "lo TX": 0.0,
    "enp3s0 RX": 70532460.0,
    "enp3s0 TX": 100987.0,
    "wlp2s0 RX": 0.0,
    "wlp2s0 TX": 0.0,
    "PDU power": 9.0
}