{
    "CPU temp": 61.0,
    "CPU load (/proc/stat)(1s)": 0.18351063829787234,
    "CPU power": 3.605948,
    "lo RX": 0.0,
    "lo TX": 0.0,
    "enp3s0 RX": 122085505.0,
    "enp3s0 TX": 132672.0,
    "wlp2s0 RX": 0.0,
    "wlp2s0 TX": 0.0,
    "PDU power": 9.0
}