{
    "CPU temp": 59.0,
    "CPU load (/proc/stat)(1s)": 0.21842105263157896,
    "CPU power": 3.778128,
    "lo RX": 0.0,
    "lo TX": 0.0,
    "enp3s0 RX": 121984068.0,
    "enp3s0 TX": 142946.0,
    "wlp2s0 RX": 0.0,
    "wlp2s0 TX": 0.0,
    "PDU power": 9.0
}