{
    "CPU temp": 58.0,
    "CPU load (/proc/stat)(1s)": 0.21750663129973474,
    "CPU power": 3.862478,
    "lo RX": 0.0,
    "lo TX": 0.0,
    "enp3s0 RX": 122475342.0,
    "enp3s0 TX": 136992.0,
    "wlp2s0 RX": 0.0,
    "wlp2s0 TX": 0.0,
    "PDU power": 9.0
}