{
    "CPU temp": 57.0,
    "CPU load (/proc/stat)(1s)": 0.41160949868073876,
    "CPU power": 5.300219,
    "lo RX": 0.0,
    "lo TX": 0.0,
    "enp3s0 RX": 121535721.0,
    "enp3s0 TX": 107562.0,
    "wlp2s0 RX": 0.0,
    "wlp2s0 TX": 0.0,
    "PDU power": 10.0
}