{
    "CPU temp": 59.0,
    "CPU load (/proc/stat)(1s)": 0.41909814323607425,
    "CPU power": 5.389207,
    "lo RX": 0.0,
    "lo TX": 0.0,
    "enp3s0 RX": 122597380.0,
    "enp3s0 TX": 111180.0,
    "wlp2s0 RX": 0.0,
    "wlp2s0 TX": 0.0,
    "PDU power": 8.0
}