{
    "CPU temp": 59.0,
    "CPU load (/proc/stat)(1s)": 0.4461942257217848,
    "CPU power": 5.522691,
    "lo RX": 0.0,
    "lo TX": 0.0,
    "enp3s0 RX": 122428080.0,
    "enp3s0 TX": 107646.0,
    "wlp2s0 RX": 0.0,
    "wlp2s0 TX": 0.0,
    "PDU power": 9.0
}