{
    "CPU temp": 59.0,
    "CPU load (/proc/stat)(1s)": 0.4427083333333333,
    "CPU power": 5.268725,
    "lo RX": 0.0,
    "lo TX": 0.0,
    "enp3s0 RX": 74450247.0,
    "enp3s0 TX": 76647.0,
    "wlp2s0 RX": 0.0,
    "wlp2s0 TX": 0.0,
    "PDU power": 10.0
}