{
    "CPU temp": 55.0,
    "CPU load (/proc/stat)(1s)": 0.08947368421052632,
    "CPU power": 2.879326,
    "lo RX": 0.0,
    "lo TX": 0.0,
    "enp3s0 RX": 122445122.0,
    "enp3s0 TX": 108318.0,
    "wlp2s0 RX": 0.0,
    "wlp2s0 TX": 0.0,
    "PDU power": 8.0
}