{
    "CPU temp": 62.0,
    "CPU load (/proc/stat)(1s)": 0.8337730870712401,
    "CPU power": 7.99296,
    "lo RX": 0.0,
    "lo TX": 0.0,
    "enp3s0 RX": 122363485.0,
    "enp3s0 TX": 107724.0,
    "wlp2s0 RX": 0.0,
    "wlp2s0 TX": 0.0,
    "PDU power": 12.0
}