{
    "CPU temp": 64.0,
    "CPU load (/proc/stat)(1s)": 0.6036269430051814,
    "CPU power": 6.276045,
    "lo RX": 0.0,
    "lo TX": 0.0,
    "enp3s0 RX": 73180702.0,
    "enp3s0 TX": 76253.0,
    "wlp2s0 RX": 0.0,
    "wlp2s0 TX": 0.0,
    "PDU power": 11.0
}