{
    "CPU temp": 66.0,
    "CPU load (/proc/stat)(1s)": 0.9319371727748691,
    "CPU power": 8.662271,
    "lo RX": 0.0,
    "lo TX": 0.0,
    "enp3s0 RX": 121976557.0,
    "enp3s0 TX": 110748.0,
    "wlp2s0 RX": 0.0,
    "wlp2s0 TX": 0.0,
    "PDU power": 12.0
}