{
    "CPU temp": 53.0,
    "CPU load (/proc/stat)(1s)": 0.011799410029498525,
    "CPU power": 2.519036,
    "lo RX": 0.0,
    "lo TX": 0.0,
    "enp3s0 RX": 2016761.0,
    "enp3s0 TX": 121580572.0,
    "wlp2s0 RX": 0.0,
    "wlp2s0 TX": 0.0,
    "PDU power": 9.0
}