{
    "CPU temp": 55.0,
    "CPU load (/proc/stat)(1s)": 0.10290237467018469,
    "CPU power": 2.995537,
    "lo RX": 0.0,
    "lo TX": 0.0,
    "enp3s0 RX": 122064549.0,
    "enp3s0 TX": 107862.0,
    "wlp2s0 RX": 0.0,
    "wlp2s0 TX": 0.0,
    "PDU power": 8.0
}