{
    "CPU temp": 64.0,
    "CPU load (/proc/stat)(1s)": 0.2559366754617414,
    "CPU power": 3.973562,
    "lo RX": 0.0,
    "lo TX": 0.0,
    "enp3s0 RX": 78634508.0,
    "enp3s0 TX": 86166.0,
    "wlp2s0 RX": 0.0,
    "wlp2s0 TX": 0.0,
    "PDU power": 8.0
}