{
    "CPU temp": 60.0,
    "CPU load (/proc/stat)(1s)": 0.22163588390501318,
    "CPU power": 3.79888,
    "lo RX": 0.0,
    "lo TX": 0.0,
    "enp3s0 RX": 122475614.0,
    "enp3s0 TX": 108240.0,
    "wlp2s0 RX": 0.0,
    "wlp2s0 TX": 0.0,
    "PDU power": 7.0
}