{
    "CPU temp": 59.0,
    "CPU load (/proc/stat)(1s)": 0.1989389920424403,
    "CPU power": 3.729239,
    "lo RX": 0.0,
    "lo TX": 0.0,
    "enp3s0 RX": 122482823.0,
    "enp3s0 TX": 108586.0,
    "wlp2s0 RX": 0.0,
    "wlp2s0 TX": 0.0,
    "PDU power": 8.0
}