{
    "CPU temp": 58.0,
    "CPU load (/proc/stat)(1s)": 0.2094240837696335,
    "CPU power": 3.713858,
    "lo RX": 0.0,
    "lo TX": 0.0,
    "enp3s0 RX": 122505473.0,
    "enp3s0 TX": 108372.0,
    "wlp2s0 RX": 0.0,
    "wlp2s0 TX": 0.0,
    "PDU power": 9.0
}