{
    "CPU temp": 55.0,
    "CPU load (/proc/stat)(1s)": 0.19010416666666666,
    "CPU power": 3.316825,
    "lo RX": 0.0,
    "lo TX": 0.0,
    "enp3s0 RX": 69541531.0,
    "enp3s0 TX": 67875.0,
    "wlp2s0 RX": 0.0,
    "wlp2s0 TX": 0.0,
    "PDU power": 7.0
}