{
    "CPU temp": 64.0,
    "CPU load (/proc/stat)(1s)": 0.8253521126760563,
    "CPU power": 8.115824,
    "lo RX": 0.0,
    "lo TX": 0.0,
    "enp3s0 RX": 2256641.0,
    "enp3s0 TX": 121895484.0,
    "wlp2s0 RX": 0.0,
    "wlp2s0 TX": 0.0,
    "PDU power": 12.0
}