{
    "CPU temp": 59.0,
    "CPU load (/proc/stat)(1s)": 0.41379310344827586,
    "CPU power": 5.37816,
    "lo RX": 0.0,
    "lo TX": 0.0,
    "enp3s0 RX": 122624692.0,
    "enp3s0 TX": 109518.0,
    "wlp2s0 RX": 0.0,
    "wlp2s0 TX": 0.0,
    "PDU power": 10.0
}