{
    "CPU temp": 59.0,
    "CPU load (/proc/stat)(1s)": 0.4296875,
    "CPU power": 5.29204,
    "lo RX": 0.0,
    "lo TX": 0.0,
    "enp3s0 RX": 122422084.0,
    "enp3s0 TX": 112436.0,
    "wlp2s0 RX": 0.0,
    "wlp2s0 TX": 0.0,
    "PDU power": 10.0
}