{
    "CPU temp": 59.0,
    "CPU load (/proc/stat)(1s)": 0.26463104325699743,
    "CPU power": 3.953847,
    "lo RX": 0.0,
    "lo TX": 0.0,
    "enp3s0 RX": 18685485.0,
    "enp3s0 TX": 23621.0,
    "wlp2s0 RX": 0.0,
    "wlp2s0 TX": 0.0,
    "PDU power": 9.0
}