{
    "CPU temp": 60.0,
    "CPU load (/proc/stat)(1s)": 0.6325459317585301,
    "CPU power": 6.593795,
    "lo RX": 0.0,
    "lo TX": 0.0,
    "enp3s0 RX": 122517466.0,
    "enp3s0 TX": 107346.0,
    "wlp2s0 RX": 0.0,
    "wlp2s0 TX": 0.0,
    "PDU power": 10.0
}