{
    "CPU temp": 63.0,
    "CPU load (/proc/stat)(1s)": 0.41778975741239893,
    "CPU power": 5.301256,
    "lo RX": 0.0,
    "lo TX": 0.0,
    "enp3s0 RX": 63887645.0,
    "enp3s0 TX": 56470002.0,
    "wlp2s0 RX": 0.0,
    "wlp2s0 TX": 0.0,
    "PDU power": 10.0
}