{
    "CPU temp": 62.0,
    "CPU load (/proc/stat)(1s)": 0.6358839050131926,
    "CPU power": 6.873823,
    "lo RX": 0.0,
    "lo TX": 0.0,
    "enp3s0 RX": 122601981.0,
    "enp3s0 TX": 109720.0,
    "wlp2s0 RX": 0.0,
    "wlp2s0 TX": 0.0,
    "PDU power": 10.0
}