{
    "CPU temp": 62.0,
    "CPU load (/proc/stat)(1s)": 0.8350785340314136,
    "CPU power": 7.99412,
    "lo RX": 0.0,
    "lo TX": 0.0,
    "enp3s0 RX": 121433277.0,
    "enp3s0 TX": 121762.0,
    "wlp2s0 RX": 0.0,
    "wlp2s0 TX": 0.0,
    "PDU power": 11.0
}