{
    "CPU temp": 64.0,
    "CPU load (/proc/stat)(1s)": 0.8328981723237598,
    "CPU power": 8.046732,
    "lo RX": 0.0,
    "lo TX": 0.0,
    "enp3s0 RX": 122522340.0,
    "enp3s0 TX": 108750.0,
    "wlp2s0 RX": 0.0,
    "wlp2s0 TX": 0.0,
    "PDU power": 12.0
}