{
    "CPU temp": 61.0,
    "CPU load (/proc/stat)(1s)": 0.19363395225464192,
    "CPU power": 3.763724,
    "lo RX": 0.0,
    "lo TX": 0.0,
    "enp3s0 RX": 122401276.0,
    "enp3s0 TX": 108372.0,
    "wlp2s0 RX": 0.0,
    "wlp2s0 TX": 0.0,
    "PDU power": 8.0
}