{
    "CPU temp": 55.0,
    "CPU load (/proc/stat)(1s)": 0.2193211488250653,
    "CPU power": 3.934194,
    "lo RX": 0.0,
    "lo TX": 0.0,
    "enp3s0 RX": 122052078.0,
    "enp3s0 TX": 108156.0,
    "wlp2s0 RX": 0.0,
    "wlp2s0 TX": 0.0,
    "PDU power": 9.0
}