{
    "CPU temp": 58.0,
    "CPU load (/proc/stat)(1s)": 0.14936708860759493,
    "CPU power": 2.688531,
    "lo RX": 0.0,
    "lo TX": 0.0,
    "enp3s0 RX": 4213.0,
    "enp3s0 TX": 4331.0,
    "wlp2s0 RX": 0.0,
    "wlp2s0 TX": 0.0,
    "PDU power": 7.0
}