{
    "CPU temp": 58.0,
    "CPU load (/proc/stat)(1s)": 0.4120734908136483,
    "CPU power": 5.022692,
    "lo RX": 0.0,
    "lo TX": 0.0,
    "enp3s0 RX": 122353427.0,
    "enp3s0 TX": 123506.0,
    "wlp2s0 RX": 0.0,
    "wlp2s0 TX": 0.0,
    "PDU power": 9.0
}