{
    "CPU temp": 59.0,
    "CPU load (/proc/stat)(1s)": 0.45144356955380577,
    "CPU power": 5.539537,
    "lo RX": 0.0,
    "lo TX": 0.0,
    "enp3s0 RX": 122266898.0,
    "enp3s0 TX": 109316.0,
    "wlp2s0 RX": 0.0,
    "wlp2s0 TX": 0.0,
    "PDU power": 11.0
}