{
    "CPU temp": 59.0,
    "CPU load (/proc/stat)(1s)": 0.41952506596306066,
    "CPU power": 5.397508,
    "lo RX": 0.0,
    "lo TX": 0.0,
    "enp3s0 RX": 122422412.0,
    "enp3s0 TX": 112044.0,
    "wlp2s0 RX": 0.0,
    "wlp2s0 TX": 0.0,
    "PDU power": 9.0
}