{
    "CPU temp": 59.0,
    "CPU load (/proc/stat)(1s)": 0.36883116883116884,
    "CPU power": 4.765186,
    "lo RX": 0.0,
    "lo TX": 0.0,
    "enp3s0 RX": 89007209.0,
    "enp3s0 TX": 93673.0,
    "wlp2s0 RX": 0.0,
    "wlp2s0 TX": 0.0,
    "PDU power": 9.0
}