{
    "CPU temp": 55.0,
    "CPU load (/proc/stat)(1s)": 0.21108179419525067,
    "CPU power": 3.926748,
    "lo RX": 0.0,
    "lo TX": 0.0,
    "enp3s0 RX": 114176072.0,
    "enp3s0 TX": 101838.0,
    "wlp2s0 RX": 0.0,
    "wlp2s0 TX": 0.0,
    "PDU power": 9.0
}