{
    "CPU temp": 61.0,
    "CPU load (/proc/stat)(1s)": 0.3702770780856423,
    "CPU power": 4.559864,
    "lo RX": 0.0,
    "lo TX": 0.0,
    "enp3s0 RX": 3977.0,
    "enp3s0 TX": 3175.0,
    "wlp2s0 RX": 0.0,
    "wlp2s0 TX": 0.0,
    "PDU power": 9.0
}