{
    "CPU temp": 62.0,
    "CPU load (/proc/stat)(1s)": 0.7611548556430446,
    "CPU power": 7.520366,
    "lo RX": 0.0,
    "lo TX": 0.0,
    "enp3s0 RX": 108614399.0,
    "enp3s0 TX": 109872.0,
    "wlp2s0 RX": 0.0,
    "wlp2s0 TX": 0.0,
    "PDU power": 10.0
}