{
    "CPU temp": 64.0,
    "CPU load (/proc/stat)(1s)": 0.8293963254593176,
    "CPU power": 8.03544,
    "lo RX": 0.0,
    "lo TX": 0.0,
    "enp3s0 RX": 122593106.0,
    "enp3s0 TX": 110532.0,
    "wlp2s0 RX": 0.0,
    "wlp2s0 TX": 0.0,
    "PDU power": 12.0
}