{
    "CPU temp": 65.0,
    "CPU load (/proc/stat)(1s)": 0.8284960422163589,
    "CPU power": 7.975016,
    "lo RX": 0.0,
    "lo TX": 0.0,
    "enp3s0 RX": 122428647.0,
    "enp3s0 TX": 107900.0,
    "wlp2s0 RX": 0.0,
    "wlp2s0 TX": 0.0,
    "PDU power": 11.0
}