{
    "CPU temp": 65.0,
    "CPU load (/proc/stat)(1s)": 0.7952755905511811,
    "CPU power": 7.638469,
    "lo RX": 0.0,
    "lo TX": 0.0,
    "enp3s0 RX": 98102483.0,
    "enp3s0 TX": 106332.0,
    "wlp2s0 RX": 0.0,
    "wlp2s0 TX": 0.0,
    "PDU power": 12.0
}