{
    "CPU temp": 66.0,
    "CPU load (/proc/stat)(1s)": 0.9270833333333334,
    "CPU power": 8.589516,
    "lo RX": 0.0,
    "lo TX": 0.0,
    "enp3s0 RX": 122422803.0,
    "enp3s0 TX": 109722.0,
    "wlp2s0 RX": 0.0,
    "wlp2s0 TX": 0.0,
    "PDU power": 11.0
}