{
    "CPU temp": 67.0,
    "CPU load (/proc/stat)(1s)": 0.9285714285714286,
    "CPU power": 8.637002,
    "lo RX": 0.0,
    "lo TX": 0.0,
    "enp3s0 RX": 122369601.0,
    "enp3s0 TX": 109074.0,
    "wlp2s0 RX": 0.0,
    "wlp2s0 TX": 0.0,
    "PDU power": 12.0
}