{
    "CPU temp": 56.0,
    "CPU load (/proc/stat)(1s)": 0.26631853785900783,
    "CPU power": 4.016286,
    "lo RX": 0.0,
    "lo TX": 0.0,
    "enp3s0 RX": 70732973.0,
    "enp3s0 TX": 68333.0,
    "wlp2s0 RX": 0.0,
    "wlp2s0 TX": 0.0,
    "PDU power": 9.0
}