{
    "CPU temp": 62.0,
    "CPU load (/proc/stat)(1s)": 0.22666666666666666,
    "CPU power": 4.06426,
    "lo RX": 0.0,
    "lo TX": 0.0,
    "enp3s0 RX": 122373004.0,
    "enp3s0 TX": 127650.0,
    "wlp2s0 RX": 0.0,
    "wlp2s0 TX": 0.0,
    "PDU power": 10.0
}