{
    "CPU temp": 59.0,
    "CPU load (/proc/stat)(1s)": 0.20911528150134048,
    "CPU power": 4.05602,
    "lo RX": 0.0,
    "lo TX": 0.0,
    "enp3s0 RX": 122432294.0,
    "enp3s0 TX": 113232.0,
    "wlp2s0 RX": 0.0,
    "wlp2s0 TX": 0.0,
    "PDU power": 9.0
}