{
    "CPU temp": 60.0,
    "CPU load (/proc/stat)(1s)": 0.4228723404255319,
    "CPU power": 5.484727,
    "lo RX": 0.0,
    "lo TX": 0.0,
    "enp3s0 RX": 122374023.0,
    "enp3s0 TX": 107576.0,
    "wlp2s0 RX": 0.0,
    "wlp2s0 TX": 0.0,
    "PDU power": 10.0
}