{
    "CPU temp": 60.0,
    "CPU load (/proc/stat)(1s)": 0.4323607427055703,
    "CPU power": 5.601548,
    "lo RX": 0.0,
    "lo TX": 0.0,
    "enp3s0 RX": 122455332.0,
    "enp3s0 TX": 111572.0,
    "wlp2s0 RX": 0.0,
    "wlp2s0 TX": 0.0,
    "PDU power": 10.0
}