{
    "CPU temp": 60.0,
    "CPU load (/proc/stat)(1s)": 0.3697916666666667,
    "CPU power": 4.916491,
    "lo RX": 0.0,
    "lo TX": 0.0,
    "enp3s0 RX": 75023425.0,
    "enp3s0 TX": 82759.0,
    "wlp2s0 RX": 0.0,
    "wlp2s0 TX": 0.0,
    "PDU power": 12.0
}