{
    "CPU temp": 62.0,
    "CPU load (/proc/stat)(1s)": 0.6377952755905512,
    "CPU power": 6.751143,
    "lo RX": 0.0,
    "lo TX": 0.0,
    "enp3s0 RX": 122607918.0,
    "enp3s0 TX": 108336.0,
    "wlp2s0 RX": 0.0,
    "wlp2s0 TX": 0.0,
    "PDU power": 11.0
}