{
    "CPU temp": 62.0,
    "CPU load (/proc/stat)(1s)": 0.6421052631578947,
    "CPU power": 6.87132,
    "lo RX": 0.0,
    "lo TX": 0.0,
    "enp3s0 RX": 122470651.0,
    "enp3s0 TX": 118622.0,
    "wlp2s0 RX": 0.0,
    "wlp2s0 TX": 0.0,
    "PDU power": 11.0
}