{
    "CPU temp": 55.0,
    "CPU load (/proc/stat)(1s)": 0.019886363636363636,
    "CPU power": 2.977531,
    "lo RX": 0.0,
    "lo TX": 0.0,
    "enp3s0 RX": 13339279.0,
    "enp3s0 TX": 109736778.0,
    "wlp2s0 RX": 0.0,
    "wlp2s0 TX": 0.0,
    "PDU power": 8.0
}