{
    "CPU temp": 64.0,
    "CPU load (/proc/stat)(1s)": 0.23869346733668342,
    "CPU power": 3.717825,
    "lo RX": 0.0,
    "lo TX": 0.0,
    "enp3s0 RX": 2295.0,
    "enp3s0 TX": 1652.0,
    "wlp2s0 RX": 0.0,
    "wlp2s0 TX": 0.0,
    "PDU power": 9.0
}