{
    "CPU temp": 66.0,
    "CPU load (/proc/stat)(1s)": 0.9365079365079365,
    "CPU power": 8.691994,
    "lo RX": 0.0,
    "lo TX": 0.0,
    "enp3s0 RX": 121354250.0,
    "enp3s0 TX": 150654.0,
    "wlp2s0 RX": 0.0,
    "wlp2s0 TX": 0.0,
    "PDU power": 11.0
}