{
    "CPU temp": 56.0,
    "CPU load (/proc/stat)(1s)": 0.24855491329479767,
    "CPU power": 4.468738,
    "lo RX": 0.0,
    "lo TX": 0.0,
    "enp3s0 RX": 2010384.0,
    "enp3s0 TX": 118970384.0,
    "wlp2s0 RX": 0.0,
    "wlp2s0 TX": 0.0,
    "PDU power": 9.0
}