{
    "CPU temp": 56.0,
    "CPU load (/proc/stat)(1s)": 0.32360742705570295,
    "CPU power": 4.70116,
    "lo RX": 0.0,
    "lo TX": 0.0,
    "enp3s0 RX": 120351578.0,
    "enp3s0 TX": 105324.0,
    "wlp2s0 RX": 0.0,
    "wlp2s0 TX": 0.0,
    "PDU power": 10.0
}