{
    "CPU temp": 61.0,
    "CPU load (/proc/stat)(1s)": 0.2026315789473684,
    "CPU power": 3.643668,
    "lo RX": 0.0,
    "lo TX": 0.0,
    "enp3s0 RX": 122011588.0,
    "enp3s0 TX": 108208.0,
    "wlp2s0 RX": 0.0,
    "wlp2s0 TX": 0.0,
    "PDU power": 9.0
}