{
    "CPU temp": 60.0,
    "CPU load (/proc/stat)(1s)": 0.19895287958115182,
    "CPU power": 3.621695,
    "lo RX": 0.0,
    "lo TX": 0.0,
    "enp3s0 RX": 121966288.0,
    "enp3s0 TX": 108726.0,
    "wlp2s0 RX": 0.0,
    "wlp2s0 TX": 0.0,
    "PDU power": 8.0
}