{
    "CPU temp": 59.0,
    "CPU load (/proc/stat)(1s)": 0.23314606741573032,
    "CPU power": 4.315053,
    "lo RX": 0.0,
    "lo TX": 0.0,
    "enp3s0 RX": 23061704.0,
    "enp3s0 TX": 99837416.0,
    "wlp2s0 RX": 0.0,
    "wlp2s0 TX": 0.0,
    "PDU power": 10.0
}