{
    "CPU temp": 59.0,
    "CPU load (/proc/stat)(1s)": 0.23931623931623933,
    "CPU power": 4.444142,
    "lo RX": 0.0,
    "lo TX": 0.0,
    "enp3s0 RX": 2160684.0,
    "enp3s0 TX": 122143888.0,
    "wlp2s0 RX": 0.0,
    "wlp2s0 TX": 0.0,
    "PDU power": 8.0
}