{
    "CPU temp": 59.0,
    "CPU load (/proc/stat)(1s)": 0.2804532577903683,
    "CPU power": 4.726611,
    "lo RX": 0.0,
    "lo TX": 0.0,
    "enp3s0 RX": 2128343.0,
    "enp3s0 TX": 121653192.0,
    "wlp2s0 RX": 0.0,
    "wlp2s0 TX": 0.0,
    "PDU power": 8.0
}