{
    "CPU temp": 58.0,
    "CPU load (/proc/stat)(1s)": 0.26495726495726496,
    "CPU power": 4.645557,
    "lo RX": 0.0,
    "lo TX": 0.0,
    "enp3s0 RX": 2148161.0,
    "enp3s0 TX": 121694016.0,
    "wlp2s0 RX": 0.0,
    "wlp2s0 TX": 0.0,
    "PDU power": 9.0
}