{
    "CPU temp": 56.0,
    "CPU load (/proc/stat)(1s)": 0.23295454545454544,
    "CPU power": 4.388172,
    "lo RX": 0.0,
    "lo TX": 0.0,
    "enp3s0 RX": 2038362.0,
    "enp3s0 TX": 122301130.0,
    "wlp2s0 RX": 0.0,
    "wlp2s0 TX": 0.0,
    "PDU power": 8.0
}