{
    "CPU temp": 57.0,
    "CPU load (/proc/stat)(1s)": 0.3386243386243386,
    "CPU power": 4.886889,
    "lo RX": 0.0,
    "lo TX": 0.0,
    "enp3s0 RX": 122101126.0,
    "enp3s0 TX": 107562.0,
    "wlp2s0 RX": 0.0,
    "wlp2s0 TX": 0.0,
    "PDU power": 9.0
}