{
    "CPU temp": 54.0,
    "CPU load (/proc/stat)(1s)": 0.011428571428571429,
    "CPU power": 2.968132,
    "lo RX": 0.0,
    "lo TX": 0.0,
    "enp3s0 RX": 2053242.0,
    "enp3s0 TX": 121235380.0,
    "wlp2s0 RX": 0.0,
    "wlp2s0 TX": 0.0,
    "PDU power": 8.0
}