{
    "CPU temp": 58.0,
    "CPU load (/proc/stat)(1s)": 0.2906666666666667,
    "CPU power": 4.290028,
    "lo RX": 0.0,
    "lo TX": 0.0,
    "enp3s0 RX": 32920350.0,
    "enp3s0 TX": 39855001.0,
    "wlp2s0 RX": 0.0,
    "wlp2s0 TX": 0.0,
    "PDU power": 9.0
}