{
    "CPU temp": 59.0,
    "CPU load (/proc/stat)(1s)": 0.4015957446808511,
    "CPU power": 5.228502,
    "lo RX": 0.0,
    "lo TX": 0.0,
    "enp3s0 RX": 121904153.0,
    "enp3s0 TX": 110856.0,
    "wlp2s0 RX": 0.0,
    "wlp2s0 TX": 0.0,
    "PDU power": 11.0
}