{
    "CPU temp": 60.0,
    "CPU load (/proc/stat)(1s)": 0.44473684210526315,
    "CPU power": 5.516771,
    "lo RX": 0.0,
    "lo TX": 0.0,
    "enp3s0 RX": 122363711.0,
    "enp3s0 TX": 108372.0,
    "wlp2s0 RX": 0.0,
    "wlp2s0 TX": 0.0,
    "PDU power": 9.0
}