{
    "CPU temp": 60.0,
    "CPU load (/proc/stat)(1s)": 0.4096045197740113,
    "CPU power": 5.532151,
    "lo RX": 0.0,
    "lo TX": 0.0,
    "enp3s0 RX": 2115300.0,
    "enp3s0 TX": 121562298.0,
    "wlp2s0 RX": 0.0,
    "wlp2s0 TX": 0.0,
    "PDU power": 9.0
}