{
    "CPU temp": 60.0,
    "CPU load (/proc/stat)(1s)": 0.4257142857142857,
    "CPU power": 5.733872,
    "lo RX": 0.0,
    "lo TX": 0.0,
    "enp3s0 RX": 2167673.0,
    "enp3s0 TX": 120978070.0,
    "wlp2s0 RX": 0.0,
    "wlp2s0 TX": 0.0,
    "PDU power": 10.0
}