{
    "CPU temp": 60.0,
    "CPU load (/proc/stat)(1s)": 0.43380281690140843,
    "CPU power": 5.703599,
    "lo RX": 0.0,
    "lo TX": 0.0,
    "enp3s0 RX": 1920276.0,
    "enp3s0 TX": 112473878.0,
    "wlp2s0 RX": 0.0,
    "wlp2s0 TX": 0.0,
    "PDU power": 10.0
}