{
    "CPU temp": 57.0,
    "CPU load (/proc/stat)(1s)": 0.2631578947368421,
    "CPU power": 4.126637,
    "lo RX": 0.0,
    "lo TX": 0.0,
    "enp3s0 RX": 86015685.0,
    "enp3s0 TX": 78833.0,
    "wlp2s0 RX": 0.0,
    "wlp2s0 TX": 0.0,
    "PDU power": 7.0
}