{
    "CPU temp": 54.0,
    "CPU load (/proc/stat)(1s)": 0.017142857142857144,
    "CPU power": 3.01165,
    "lo RX": 0.0,
    "lo TX": 0.0,
    "enp3s0 RX": 2061281.0,
    "enp3s0 TX": 122245218.0,
    "wlp2s0 RX": 0.0,
    "wlp2s0 TX": 0.0,
    "PDU power": 8.0
}