{
    "CPU temp": 63.0,
    "CPU load (/proc/stat)(1s)": 0.6210826210826211,
    "CPU power": 6.955366,
    "lo RX": 0.0,
    "lo TX": 0.0,
    "enp3s0 RX": 2143235.0,
    "enp3s0 TX": 120644990.0,
    "wlp2s0 RX": 0.0,
    "wlp2s0 TX": 0.0,
    "PDU power": 12.0
}