{
    "CPU temp": 63.0,
    "CPU load (/proc/stat)(1s)": 0.6260623229461756,
    "CPU power": 6.954022,
    "lo RX": 0.0,
    "lo TX": 0.0,
    "enp3s0 RX": 2084778.0,
    "enp3s0 TX": 117893998.0,
    "wlp2s0 RX": 0.0,
    "wlp2s0 TX": 0.0,
    "PDU power": 12.0
}