{
    "CPU temp": 63.0,
    "CPU load (/proc/stat)(1s)": 0.6309859154929578,
    "CPU power": 7.006268,
    "lo RX": 0.0,
    "lo TX": 0.0,
    "enp3s0 RX": 2160162.0,
    "enp3s0 TX": 122703976.0,
    "wlp2s0 RX": 0.0,
    "wlp2s0 TX": 0.0,
    "PDU power": 11.0
}