{
    "CPU temp": 62.0,
    "CPU load (/proc/stat)(1s)": 0.2564102564102564,
    "CPU power": 3.915517,
    "lo RX": 0.0,
    "lo TX": 0.0,
    "enp3s0 RX": 235937.0,
    "enp3s0 TX": 12485909.0,
    "wlp2s0 RX": 0.0,
    "wlp2s0 TX": 0.0,
    "PDU power": 9.0
}