{
    "CPU temp": 64.0,
    "CPU load (/proc/stat)(1s)": 0.8236842105263158,
    "CPU power": 7.970805,
    "lo RX": 0.0,
    "lo TX": 0.0,
    "enp3s0 RX": 122450969.0,
    "enp3s0 TX": 107036.0,
    "wlp2s0 RX": 0.0,
    "wlp2s0 TX": 0.0,
    "PDU power": 10.0
}