{
    "CPU temp": 64.0,
    "CPU load (/proc/stat)(1s)": 0.824607329842932,
    "CPU power": 8.004252,
    "lo RX": 0.0,
    "lo TX": 0.0,
    "enp3s0 RX": 122453997.0,
    "enp3s0 TX": 107182.0,
    "wlp2s0 RX": 0.0,
    "wlp2s0 TX": 0.0,
    "PDU power": 12.0
}