{
    "CPU temp": 66.0,
    "CPU load (/proc/stat)(1s)": 0.8236994219653179,
    "CPU power": 8.131815,
    "lo RX": 0.0,
    "lo TX": 0.0,
    "enp3s0 RX": 2151113.0,
    "enp3s0 TX": 121179256.0,
    "wlp2s0 RX": 0.0,
    "wlp2s0 TX": 0.0,
    "PDU power": 11.0
}