{
    "CPU temp": 66.0,
    "CPU load (/proc/stat)(1s)": 0.8319088319088319,
    "CPU power": 8.144816,
    "lo RX": 0.0,
    "lo TX": 0.0,
    "enp3s0 RX": 2113097.0,
    "enp3s0 TX": 121024950.0,
    "wlp2s0 RX": 0.0,
    "wlp2s0 TX": 0.0,
    "PDU power": 11.0
}