{
    "CPU temp": 66.0,
    "CPU load (/proc/stat)(1s)": 0.8257142857142857,
    "CPU power": 8.095255,
    "lo RX": 0.0,
    "lo TX": 0.0,
    "enp3s0 RX": 2076480.0,
    "enp3s0 TX": 119429350.0,
    "wlp2s0 RX": 0.0,
    "wlp2s0 TX": 0.0,
    "PDU power": 12.0
}