{
    "CPU temp": 66.0,
    "CPU load (/proc/stat)(1s)": 0.8271954674220963,
    "CPU power": 8.11204,
    "lo RX": 0.0,
    "lo TX": 0.0,
    "enp3s0 RX": 2151204.0,
    "enp3s0 TX": 121579128.0,
    "wlp2s0 RX": 0.0,
    "wlp2s0 TX": 0.0,
    "PDU power": 11.0
}