{
    "CPU temp": 56.0,
    "CPU load (/proc/stat)(1s)": 0.34196891191709844,
    "CPU power": 4.622486,
    "lo RX": 0.0,
    "lo TX": 0.0,
    "enp3s0 RX": 55026879.0,
    "enp3s0 TX": 65426.0,
    "wlp2s0 RX": 0.0,
    "wlp2s0 TX": 0.0,
    "PDU power": 10.0
}