{
    "CPU temp": 57.0,
    "CPU load (/proc/stat)(1s)": 0.4146981627296588,
    "CPU power": 5.39757,
    "lo RX": 0.0,
    "lo TX": 0.0,
    "enp3s0 RX": 121417958.0,
    "enp3s0 TX": 107130.0,
    "wlp2s0 RX": 0.0,
    "wlp2s0 TX": 0.0,
    "PDU power": 9.0
}