{
    "CPU temp": 67.0,
    "CPU load (/proc/stat)(1s)": 0.9242819843342036,
    "CPU power": 8.605019,
    "lo RX": 0.0,
    "lo TX": 0.0,
    "enp3s0 RX": 122355975.0,
    "enp3s0 TX": 107376.0,
    "wlp2s0 RX": 0.0,
    "wlp2s0 TX": 0.0,
    "PDU power": 13.0
}