{
    "CPU temp": 67.0,
    "CPU load (/proc/stat)(1s)": 0.9257294429708223,
    "CPU power": 8.616494,
    "lo RX": 0.0,
    "lo TX": 0.0,
    "enp3s0 RX": 122411934.0,
    "enp3s0 TX": 107606.0,
    "wlp2s0 RX": 0.0,
    "wlp2s0 TX": 0.0,
    "PDU power": 12.0
}