{
    "CPU temp": 67.0,
    "CPU load (/proc/stat)(1s)": 0.9250645994832042,
    "CPU power": 8.600991,
    "lo RX": 0.0,
    "lo TX": 0.0,
    "enp3s0 RX": 119695060.0,
    "enp3s0 TX": 2582076.0,
    "wlp2s0 RX": 0.0,
    "wlp2s0 TX": 0.0,
    "PDU power": 11.0
}