{
    "CPU temp": 68.0,
    "CPU load (/proc/stat)(1s)": 0.9173789173789174,
    "CPU power": 8.648781,
    "lo RX": 0.0,
    "lo TX": 0.0,
    "enp3s0 RX": 2105418.0,
    "enp3s0 TX": 120729720.0,
    "wlp2s0 RX": 0.0,
    "wlp2s0 TX": 0.0,
    "PDU power": 12.0
}