{
    "CPU temp": 67.0,
    "CPU load (/proc/stat)(1s)": 0.9206798866855525,
    "CPU power": 8.663491,
    "lo RX": 0.0,
    "lo TX": 0.0,
    "enp3s0 RX": 2052034.0,
    "enp3s0 TX": 114388477.0,
    "wlp2s0 RX": 0.0,
    "wlp2s0 TX": 0.0,
    "PDU power": 11.0
}