{
    "CPU temp": 58.0,
    "CPU load (/proc/stat)(1s)": 0.42480211081794195,
    "CPU power": 5.507799,
    "lo RX": 0.0,
    "lo TX": 0.0,
    "enp3s0 RX": 122450790.0,
    "enp3s0 TX": 108156.0,
    "wlp2s0 RX": 0.0,
    "wlp2s0 TX": 0.0,
    "PDU power": 10.0
}