{
    "CPU temp": 61.0,
    "CPU load (/proc/stat)(1s)": 0.24010554089709762,
    "CPU power": 4.008108,
    "lo RX": 0.0,
    "lo TX": 0.0,
    "enp3s0 RX": 122399761.0,
    "enp3s0 TX": 107884.0,
    "wlp2s0 RX": 0.0,
    "wlp2s0 TX": 0.0,
    "PDU power": 8.0
}