{
    "CPU temp": 61.0,
    "CPU load (/proc/stat)(1s)": 0.21236559139784947,
    "CPU power": 3.932241,
    "lo RX": 0.0,
    "lo TX": 0.0,
    "enp3s0 RX": 122183001.0,
    "enp3s0 TX": 107070.0,
    "wlp2s0 RX": 0.0,
    "wlp2s0 TX": 0.0,
    "PDU power": 9.0
}