{
    "CPU temp": 59.0,
    "CPU load (/proc/stat)(1s)": 0.2257142857142857,
    "CPU power": 4.432056,
    "lo RX": 0.0,
    "lo TX": 0.0,
    "enp3s0 RX": 2125602.0,
    "enp3s0 TX": 122614528.0,
    "wlp2s0 RX": 0.0,
    "wlp2s0 TX": 0.0,
    "PDU power": 9.0
}