{
    "CPU temp": 58.0,
    "CPU load (/proc/stat)(1s)": 0.4214659685863874,
    "CPU power": 5.423387,
    "lo RX": 0.0,
    "lo TX": 0.0,
    "enp3s0 RX": 122221918.0,
    "enp3s0 TX": 108062.0,
    "wlp2s0 RX": 0.0,
    "wlp2s0 TX": 0.0,
    "PDU power": 9.0
}