{
    "CPU temp": 54.0,
    "CPU load (/proc/stat)(1s)": 0.2413793103448276,
    "CPU power": 3.915395,
    "lo RX": 0.0,
    "lo TX": 0.0,
    "enp3s0 RX": 122449455.0,
    "enp3s0 TX": 108964.0,
    "wlp2s0 RX": 0.0,
    "wlp2s0 TX": 0.0,
    "PDU power": 8.0
}