{
    "CPU temp": 59.0,
    "CPU load (/proc/stat)(1s)": 0.2507204610951009,
    "CPU power": 4.572071,
    "lo RX": 0.0,
    "lo TX": 0.0,
    "enp3s0 RX": 2064773.0,
    "enp3s0 TX": 120972050.0,
    "wlp2s0 RX": 0.0,
    "wlp2s0 TX": 0.0,
    "PDU power": 9.0
}