{
    "CPU temp": 58.0,
    "CPU load (/proc/stat)(1s)": 0.26704545454545453,
    "CPU power": 4.72063,
    "lo RX": 0.0,
    "lo TX": 0.0,
    "enp3s0 RX": 2046461.0,
    "enp3s0 TX": 121476122.0,
    "wlp2s0 RX": 0.0,
    "wlp2s0 TX": 0.0,
    "PDU power": 7.0
}