{
    "CPU temp": 58.0,
    "CPU load (/proc/stat)(1s)": 0.3860103626943005,
    "CPU power": 4.804614,
    "lo RX": 0.0,
    "lo TX": 0.0,
    "enp3s0 RX": 71400786.0,
    "enp3s0 TX": 68900.0,
    "wlp2s0 RX": 0.0,
    "wlp2s0 TX": 0.0,
    "PDU power": 9.0
}