{
    "CPU temp": 59.0,
    "CPU load (/proc/stat)(1s)": 0.41644562334217505,
    "CPU power": 5.271349,
    "lo RX": 0.0,
    "lo TX": 0.0,
    "enp3s0 RX": 122379960.0,
    "enp3s0 TX": 108764.0,
    "wlp2s0 RX": 0.0,
    "wlp2s0 TX": 0.0,
    "PDU power": 8.0
}