{
    "CPU temp": 60.0,
    "CPU load (/proc/stat)(1s)": 0.3952254641909814,
    "CPU power": 5.364793,
    "lo RX": 0.0,
    "lo TX": 0.0,
    "enp3s0 RX": 122490273.0,
    "enp3s0 TX": 111140.0,
    "wlp2s0 RX": 0.0,
    "wlp2s0 TX": 0.0,
    "PDU power": 10.0
}