{
    "CPU temp": 60.0,
    "CPU load (/proc/stat)(1s)": 0.48717948717948717,
    "CPU power": 6.241867,
    "lo RX": 0.0,
    "lo TX": 0.0,
    "enp3s0 RX": 16085263.0,
    "enp3s0 TX": 106337306.0,
    "wlp2s0 RX": 0.0,
    "wlp2s0 TX": 0.0,
    "PDU power": 9.0
}