{
    "CPU temp": 60.0,
    "CPU load (/proc/stat)(1s)": 0.4119318181818182,
    "CPU power": 5.650925,
    "lo RX": 0.0,
    "lo TX": 0.0,
    "enp3s0 RX": 2079936.0,
    "enp3s0 TX": 121408136.0,
    "wlp2s0 RX": 0.0,
    "wlp2s0 TX": 0.0,
    "PDU power": 9.0
}