{
    "CPU temp": 54.0,
    "CPU load (/proc/stat)(1s)": 0.22163588390501318,
    "CPU power": 3.937673,
    "lo RX": 0.0,
    "lo TX": 0.0,
    "enp3s0 RX": 122328424.0,
    "enp3s0 TX": 113962.0,
    "wlp2s0 RX": 0.0,
    "wlp2s0 TX": 0.0,
    "PDU power": 9.0
}