{
    "CPU temp": 58.0,
    "CPU load (/proc/stat)(1s)": 0.42021276595744683,
    "CPU power": 5.436266,
    "lo RX": 0.0,
    "lo TX": 0.0,
    "enp3s0 RX": 121417958.0,
    "enp3s0 TX": 107560.0,
    "wlp2s0 RX": 0.0,
    "wlp2s0 TX": 0.0,
    "PDU power": 10.0
}