{
    "CPU temp": 60.0,
    "CPU load (/proc/stat)(1s)": 0.4228571428571429,
    "CPU power": 5.735031,
    "lo RX": 0.0,
    "lo TX": 0.0,
    "enp3s0 RX": 2062308.0,
    "enp3s0 TX": 119544258.0,
    "wlp2s0 RX": 0.0,
    "wlp2s0 TX": 0.0,
    "PDU power": 10.0
}