{
    "CPU temp": 60.0,
    "CPU load (/proc/stat)(1s)": 0.43515850144092216,
    "CPU power": 5.745103,
    "lo RX": 0.0,
    "lo TX": 0.0,
    "enp3s0 RX": 2119542.0,
    "enp3s0 TX": 122553968.0,
    "wlp2s0 RX": 0.0,
    "wlp2s0 TX": 0.0,
    "PDU power": 8.0
}