{
    "CPU temp": 61.0,
    "CPU load (/proc/stat)(1s)": 0.4845360824742268,
    "CPU power": 5.421922,
    "lo RX": 0.0,
    "lo TX": 0.0,
    "enp3s0 RX": 80849821.0,
    "enp3s0 TX": 78428.0,
    "wlp2s0 RX": 0.0,
    "wlp2s0 TX": 0.0,
    "PDU power": 10.0
}