{
    "CPU temp": 61.0,
    "CPU load (/proc/stat)(1s)": 0.6299212598425197,
    "CPU power": 6.779707,
    "lo RX": 0.0,
    "lo TX": 0.0,
    "enp3s0 RX": 122394891.0,
    "enp3s0 TX": 107684.0,
    "wlp2s0 RX": 0.0,
    "wlp2s0 TX": 0.0,
    "PDU power": 10.0
}