{
    "CPU temp": 58.0,
    "CPU load (/proc/stat)(1s)": 0.3582474226804124,
    "CPU power": 4.82085,
    "lo RX": 0.0,
    "lo TX": 0.0,
    "enp3s0 RX": 79388206.0,
    "enp3s0 TX": 74317.0,
    "wlp2s0 RX": 0.0,
    "wlp2s0 TX": 0.0,
    "PDU power": 10.0
}