{
    "CPU temp": 63.0,
    "CPU load (/proc/stat)(1s)": 0.6468926553672316,
    "CPU power": 6.974653,
    "lo RX": 0.0,
    "lo TX": 0.0,
    "enp3s0 RX": 32450061.0,
    "enp3s0 TX": 89802134.0,
    "wlp2s0 RX": 0.0,
    "wlp2s0 TX": 0.0,
    "PDU power": 10.0
}