{
    "CPU temp": 63.0,
    "CPU load (/proc/stat)(1s)": 0.6384180790960452,
    "CPU power": 7.038251,
    "lo RX": 0.0,
    "lo TX": 0.0,
    "enp3s0 RX": 2050962.0,
    "enp3s0 TX": 121669792.0,
    "wlp2s0 RX": 0.0,
    "wlp2s0 TX": 0.0,
    "PDU power": 11.0
}