{
    "CPU temp": 63.0,
    "CPU load (/proc/stat)(1s)": 0.6368876080691642,
    "CPU power": 7.091168,
    "lo RX": 0.0,
    "lo TX": 0.0,
    "enp3s0 RX": 2091522.0,
    "enp3s0 TX": 122779840.0,
    "wlp2s0 RX": 0.0,
    "wlp2s0 TX": 0.0,
    "PDU power": 10.0
}