{
    "CPU temp": 58.0,
    "CPU load (/proc/stat)(1s)": 0.5145118733509235,
    "CPU power": 5.773728,
    "lo RX": 0.0,
    "lo TX": 0.0,
    "enp3s0 RX": 120589399.0,
    "enp3s0 TX": 105578.0,
    "wlp2s0 RX": 0.0,
    "wlp2s0 TX": 0.0,
    "PDU power": 10.0
}