{
    "CPU temp": 66.0,
    "CPU load (/proc/stat)(1s)": 0.8288770053475936,
    "CPU power": 8.037517,
    "lo RX": 0.0,
    "lo TX": 0.0,
    "enp3s0 RX": 87747775.0,
    "enp3s0 TX": 34877766.0,
    "wlp2s0 RX": 0.0,
    "wlp2s0 TX": 0.0,
    "PDU power": 11.0
}