{
    "CPU temp": 66.0,
    "CPU load (/proc/stat)(1s)": 0.8247126436781609,
    "CPU power": 8.171915,
    "lo RX": 0.0,
    "lo TX": 0.0,
    "enp3s0 RX": 2024579.0,
    "enp3s0 TX": 121440252.0,
    "wlp2s0 RX": 0.0,
    "wlp2s0 TX": 0.0,
    "PDU power": 11.0
}