{
    "CPU temp": 66.0,
    "CPU load (/proc/stat)(1s)": 0.8142857142857143,
    "CPU power": 8.086833,
    "lo RX": 0.0,
    "lo TX": 0.0,
    "enp3s0 RX": 2047421.0,
    "enp3s0 TX": 121563280.0,
    "wlp2s0 RX": 0.0,
    "wlp2s0 TX": 0.0,
    "PDU power": 11.0
}