{
    "CPU temp": 67.0,
    "CPU load (/proc/stat)(1s)": 0.8192419825072886,
    "CPU power": 8.125406,
    "lo RX": 0.0,
    "lo TX": 0.0,
    "enp3s0 RX": 2069862.0,
    "enp3s0 TX": 122550736.0,
    "wlp2s0 RX": 0.0,
    "wlp2s0 TX": 0.0,
    "PDU power": 10.0
}