{
    "CPU temp": 67.0,
    "CPU load (/proc/stat)(1s)": 0.8202898550724638,
    "CPU power": 8.095805,
    "lo RX": 0.0,
    "lo TX": 0.0,
    "enp3s0 RX": 2108972.0,
    "enp3s0 TX": 121789488.0,
    "wlp2s0 RX": 0.0,
    "wlp2s0 TX": 0.0,
    "PDU power": 11.0
}