{
    "CPU temp": 66.0,
    "CPU load (/proc/stat)(1s)": 0.8082901554404145,
    "CPU power": 7.747112,
    "lo RX": 0.0,
    "lo TX": 0.0,
    "enp3s0 RX": 655602.0,
    "enp3s0 TX": 37993810.0,
    "wlp2s0 RX": 0.0,
    "wlp2s0 TX": 0.0,
    "PDU power": 11.0
}