{
    "CPU temp": 58.0,
    "CPU load (/proc/stat)(1s)": 0.43909348441926344,
    "CPU power": 5.745834,
    "lo RX": 0.0,
    "lo TX": 0.0,
    "enp3s0 RX": 37169335.0,
    "enp3s0 TX": 86175152.0,
    "wlp2s0 RX": 0.0,
    "wlp2s0 TX": 0.0,
    "PDU power": 9.0
}