{
    "CPU temp": 67.0,
    "CPU load (/proc/stat)(1s)": 0.9285714285714286,
    "CPU power": 8.655373,
    "lo RX": 0.0,
    "lo TX": 0.0,
    "enp3s0 RX": 122677353.0,
    "enp3s0 TX": 107660.0,
    "wlp2s0 RX": 0.0,
    "wlp2s0 TX": 0.0,
    "PDU power": 11.0
}