{
    "CPU temp": 67.0,
    "CPU load (/proc/stat)(1s)": 0.9263157894736842,
    "CPU power": 8.625283,
    "lo RX": 0.0,
    "lo TX": 0.0,
    "enp3s0 RX": 122615339.0,
    "enp3s0 TX": 107144.0,
    "wlp2s0 RX": 0.0,
    "wlp2s0 TX": 0.0,
    "PDU power": 12.0
}