{
    "CPU temp": 67.0,
    "CPU load (/proc/stat)(1s)": 0.9291784702549575,
    "CPU power": 8.712746,
    "lo RX": 0.0,
    "lo TX": 0.0,
    "enp3s0 RX": 2129226.0,
    "enp3s0 TX": 121768656.0,
    "wlp2s0 RX": 0.0,
    "wlp2s0 TX": 0.0,
    "PDU power": 12.0
}