{
    "CPU temp": 68.0,
    "CPU load (/proc/stat)(1s)": 0.9246376811594202,
    "CPU power": 8.728554,
    "lo RX": 0.0,
    "lo TX": 0.0,
    "enp3s0 RX": 2155302.0,
    "enp3s0 TX": 122819130.0,
    "wlp2s0 RX": 0.0,
    "wlp2s0 TX": 0.0,
    "PDU power": 12.0
}