{
    "CPU temp": 68.0,
    "CPU load (/proc/stat)(1s)": 0.9217391304347826,
    "CPU power": 8.656106,
    "lo RX": 0.0,
    "lo TX": 0.0,
    "enp3s0 RX": 2065721.0,
    "enp3s0 TX": 121657802.0,
    "wlp2s0 RX": 0.0,
    "wlp2s0 TX": 0.0,
    "PDU power": 11.0
}