{
    "CPU temp": 68.0,
    "CPU load (/proc/stat)(1s)": 0.9202279202279202,
    "CPU power": 8.672158,
    "lo RX": 0.0,
    "lo TX": 0.0,
    "enp3s0 RX": 2150081.0,
    "enp3s0 TX": 121769892.0,
    "wlp2s0 RX": 0.0,
    "wlp2s0 TX": 0.0,
    "PDU power": 11.0
}