{
    "CPU temp": 68.0,
    "CPU load (/proc/stat)(1s)": 0.9219653179190751,
    "CPU power": 8.686928,
    "lo RX": 0.0,
    "lo TX": 0.0,
    "enp3s0 RX": 2128116.0,
    "enp3s0 TX": 121933350.0,
    "wlp2s0 RX": 0.0,
    "wlp2s0 TX": 0.0,
    "PDU power": 11.0
}