{
    "CPU temp": 63.0,
    "CPU load (/proc/stat)(1s)": 0.27034120734908135,
    "CPU power": 4.099233,
    "lo RX": 0.0,
    "lo TX": 0.0,
    "enp3s0 RX": 122394891.0,
    "enp3s0 TX": 108748.0,
    "wlp2s0 RX": 0.0,
    "wlp2s0 TX": 0.0,
    "PDU power": 8.0
}