{
    "CPU temp": 61.0,
    "CPU load (/proc/stat)(1s)": 0.25263157894736843,
    "CPU power": 4.057363,
    "lo RX": 0.0,
    "lo TX": 0.0,
    "enp3s0 RX": 122472586.0,
    "enp3s0 TX": 108318.0,
    "wlp2s0 RX": 0.0,
    "wlp2s0 TX": 0.0,
    "PDU power": 7.0
}