{
    "CPU temp": 60.0,
    "CPU load (/proc/stat)(1s)": 0.24193548387096775,
    "CPU power": 4.196889,
    "lo RX": 0.0,
    "lo TX": 0.0,
    "enp3s0 RX": 90510166.0,
    "enp3s0 TX": 31484838.0,
    "wlp2s0 RX": 0.0,
    "wlp2s0 TX": 0.0,
    "PDU power": 9.0
}