{
    "CPU temp": 59.0,
    "CPU load (/proc/stat)(1s)": 0.2222222222222222,
    "CPU power": 4.38451,
    "lo RX": 0.0,
    "lo TX": 0.0,
    "enp3s0 RX": 2092293.0,
    "enp3s0 TX": 120850856.0,
    "wlp2s0 RX": 0.0,
    "wlp2s0 TX": 0.0,
    "PDU power": 10.0
}