{
    "CPU temp": 59.0,
    "CPU load (/proc/stat)(1s)": 0.5384615384615384,
    "CPU power": 6.081039,
    "lo RX": 0.0,
    "lo TX": 0.0,
    "enp3s0 RX": 120968250.0,
    "enp3s0 TX": 105686.0,
    "wlp2s0 RX": 0.0,
    "wlp2s0 TX": 0.0,
    "PDU power": 11.0
}