{
    "CPU temp": 55.0,
    "CPU load (/proc/stat)(1s)": 0.19839142091152814,
    "CPU power": 3.820181,
    "lo RX": 0.0,
    "lo TX": 0.0,
    "enp3s0 RX": 90136640.0,
    "enp3s0 TX": 32632174.0,
    "wlp2s0 RX": 0.0,
    "wlp2s0 TX": 0.0,
    "PDU power": 9.0
}