{
    "CPU temp": 59.0,
    "CPU load (/proc/stat)(1s)": 0.23728813559322035,
    "CPU power": 4.41222,
    "lo RX": 0.0,
    "lo TX": 0.0,
    "enp3s0 RX": 2084441.0,
    "enp3s0 TX": 121364140.0,
    "wlp2s0 RX": 0.0,
    "wlp2s0 TX": 0.0,
    "PDU power": 8.0
}