{
    "CPU temp": 59.0,
    "CPU load (/proc/stat)(1s)": 0.21652421652421652,
    "CPU power": 4.342274,
    "lo RX": 0.0,
    "lo TX": 0.0,
    "enp3s0 RX": 2104409.0,
    "enp3s0 TX": 120602582.0,
    "wlp2s0 RX": 0.0,
    "wlp2s0 TX": 0.0,
    "PDU power": 8.0
}