{
    "CPU temp": 59.0,
    "CPU load (/proc/stat)(1s)": 0.21367521367521367,
    "CPU power": 4.309376,
    "lo RX": 0.0,
    "lo TX": 0.0,
    "enp3s0 RX": 2050716.0,
    "enp3s0 TX": 121707748.0,
    "wlp2s0 RX": 0.0,
    "wlp2s0 TX": 0.0,
    "PDU power": 8.0
}