{
    "CPU temp": 58.0,
    "CPU load (/proc/stat)(1s)": 0.1977715877437326,
    "CPU power": 4.010061,
    "lo RX": 0.0,
    "lo TX": 0.0,
    "enp3s0 RX": 1858364.0,
    "enp3s0 TX": 107491829.0,
    "wlp2s0 RX": 0.0,
    "wlp2s0 TX": 0.0,
    "PDU power": 9.0
}