{
    "CPU temp": 59.0,
    "CPU load (/proc/stat)(1s)": 0.4131578947368421,
    "CPU power": 5.284471,
    "lo RX": 0.0,
    "lo TX": 0.0,
    "enp3s0 RX": 122425171.0,
    "enp3s0 TX": 108656.0,
    "wlp2s0 RX": 0.0,
    "wlp2s0 TX": 0.0,
    "PDU power": 9.0
}