{
    "CPU temp": 60.0,
    "CPU load (/proc/stat)(1s)": 0.41578947368421054,
    "CPU power": 5.21367,
    "lo RX": 0.0,
    "lo TX": 0.0,
    "enp3s0 RX": 122369842.0,
    "enp3s0 TX": 107076.0,
    "wlp2s0 RX": 0.0,
    "wlp2s0 TX": 0.0,
    "PDU power": 9.0
}