{
    "CPU temp": 61.0,
    "CPU load (/proc/stat)(1s)": 0.4670487106017192,
    "CPU power": 5.902451,
    "lo RX": 0.0,
    "lo TX": 0.0,
    "enp3s0 RX": 2057832.0,
    "enp3s0 TX": 122196786.0,
    "wlp2s0 RX": 0.0,
    "wlp2s0 TX": 0.0,
    "PDU power": 10.0
}