{
    "CPU temp": 61.0,
    "CPU load (/proc/stat)(1s)": 0.4183381088825215,
    "CPU power": 5.725571,
    "lo RX": 0.0,
    "lo TX": 0.0,
    "enp3s0 RX": 2025755.0,
    "enp3s0 TX": 120953792.0,
    "wlp2s0 RX": 0.0,
    "wlp2s0 TX": 0.0,
    "PDU power": 9.0
}