{
    "CPU temp": 61.0,
    "CPU load (/proc/stat)(1s)": 0.42565597667638483,
    "CPU power": 5.750413,
    "lo RX": 0.0,
    "lo TX": 0.0,
    "enp3s0 RX": 2104481.0,
    "enp3s0 TX": 122015196.0,
    "wlp2s0 RX": 0.0,
    "wlp2s0 TX": 0.0,
    "PDU power": 10.0
}