{
    "CPU temp": 61.0,
    "CPU load (/proc/stat)(1s)": 0.38974358974358975,
    "CPU power": 4.934314,
    "lo RX": 0.0,
    "lo TX": 0.0,
    "enp3s0 RX": 42252240.0,
    "enp3s0 TX": 46052.0,
    "wlp2s0 RX": 0.0,
    "wlp2s0 TX": 0.0,
    "PDU power": 10.0
}