{
    "CPU temp": 62.0,
    "CPU load (/proc/stat)(1s)": 0.6127320954907162,
    "CPU power": 6.682905,
    "lo RX": 0.0,
    "lo TX": 0.0,
    "enp3s0 RX": 122730403.0,
    "enp3s0 TX": 110020.0,
    "wlp2s0 RX": 0.0,
    "wlp2s0 TX": 0.0,
    "PDU power": 10.0
}