{
    "CPU temp": 55.0,
    "CPU load (/proc/stat)(1s)": 0.18413597733711048,
    "CPU power": 4.036184,
    "lo RX": 0.0,
    "lo TX": 0.0,
    "enp3s0 RX": 2065403.0,
    "enp3s0 TX": 121644214.0,
    "wlp2s0 RX": 0.0,
    "wlp2s0 TX": 0.0,
    "PDU power": 8.0
}