{
    "CPU temp": 63.0,
    "CPU load (/proc/stat)(1s)": 0.6094986807387863,
    "CPU power": 6.601911,
    "lo RX": 0.0,
    "lo TX": 0.0,
    "enp3s0 RX": 122449723.0,
    "enp3s0 TX": 112368.0,
    "wlp2s0 RX": 0.0,
    "wlp2s0 TX": 0.0,
    "PDU power": 10.0
}