{
    "CPU temp": 63.0,
    "CPU load (/proc/stat)(1s)": 0.6242774566473989,
    "CPU power": 6.962934,
    "lo RX": 0.0,
    "lo TX": 0.0,
    "enp3s0 RX": 2134661.0,
    "enp3s0 TX": 122834818.0,
    "wlp2s0 RX": 0.0,
    "wlp2s0 TX": 0.0,
    "PDU power": 12.0
}