{
    "CPU temp": 63.0,
    "CPU load (/proc/stat)(1s)": 0.6285714285714286,
    "CPU power": 6.975874,
    "lo RX": 0.0,
    "lo TX": 0.0,
    "enp3s0 RX": 2030672.0,
    "enp3s0 TX": 118445236.0,
    "wlp2s0 RX": 0.0,
    "wlp2s0 TX": 0.0,
    "PDU power": 12.0
}