{
    "CPU temp": 64.0,
    "CPU load (/proc/stat)(1s)": 0.6589595375722543,
    "CPU power": 7.215679,
    "lo RX": 0.0,
    "lo TX": 0.0,
    "enp3s0 RX": 2074385.0,
    "enp3s0 TX": 118265126.0,
    "wlp2s0 RX": 0.0,
    "wlp2s0 TX": 0.0,
    "PDU power": 11.0
}