{
    "CPU temp": 64.0,
    "CPU load (/proc/stat)(1s)": 0.6522988505747126,
    "CPU power": 7.213727,
    "lo RX": 0.0,
    "lo TX": 0.0,
    "enp3s0 RX": 2173828.0,
    "enp3s0 TX": 122313418.0,
    "wlp2s0 RX": 0.0,
    "wlp2s0 TX": 0.0,
    "PDU power": 10.0
}