{
    "CPU temp": 64.0,
    "CPU load (/proc/stat)(1s)": 0.5574229691876751,
    "CPU power": 6.431868,
    "lo RX": 0.0,
    "lo TX": 0.0,
    "enp3s0 RX": 1787384.0,
    "enp3s0 TX": 104282789.0,
    "wlp2s0 RX": 0.0,
    "wlp2s0 TX": 0.0,
    "PDU power": 10.0
}