{
    "CPU temp": 60.0,
    "CPU load (/proc/stat)(1s)": 0.6233766233766234,
    "CPU power": 6.45378,
    "lo RX": 0.0,
    "lo TX": 0.0,
    "enp3s0 RX": 119614686.0,
    "enp3s0 TX": 105186.0,
    "wlp2s0 RX": 0.0,
    "wlp2s0 TX": 0.0,
    "PDU power": 11.0
}