{
    "CPU temp": 55.0,
    "CPU load (/proc/stat)(1s)": 0.21264367816091953,
    "CPU power": 4.28307,
    "lo RX": 0.0,
    "lo TX": 0.0,
    "enp3s0 RX": 2068746.0,
    "enp3s0 TX": 120691854.0,
    "wlp2s0 RX": 0.0,
    "wlp2s0 TX": 0.0,
    "PDU power": 9.0
}