{
    "CPU temp": 66.0,
    "CPU load (/proc/stat)(1s)": 0.8255208333333334,
    "CPU power": 8.013713,
    "lo RX": 0.0,
    "lo TX": 0.0,
    "enp3s0 RX": 122855558.0,
    "enp3s0 TX": 107724.0,
    "wlp2s0 RX": 0.0,
    "wlp2s0 TX": 0.0,
    "PDU power": 11.0
}