{
    "CPU temp": 66.0,
    "CPU load (/proc/stat)(1s)": 0.8337662337662337,
    "CPU power": 8.016581,
    "lo RX": 0.0,
    "lo TX": 0.0,
    "enp3s0 RX": 122825846.0,
    "enp3s0 TX": 106942.0,
    "wlp2s0 RX": 0.0,
    "wlp2s0 TX": 0.0,
    "PDU power": 11.0
}