{
    "CPU temp": 67.0,
    "CPU load (/proc/stat)(1s)": 0.8226744186046512,
    "CPU power": 8.132913,
    "lo RX": 0.0,
    "lo TX": 0.0,
    "enp3s0 RX": 2074421.0,
    "enp3s0 TX": 121603388.0,
    "wlp2s0 RX": 0.0,
    "wlp2s0 TX": 0.0,
    "PDU power": 12.0
}