{
    "CPU temp": 55.0,
    "CPU load (/proc/stat)(1s)": 0.1988472622478386,
    "CPU power": 4.242177,
    "lo RX": 0.0,
    "lo TX": 0.0,
    "enp3s0 RX": 2120982.0,
    "enp3s0 TX": 122096900.0,
    "wlp2s0 RX": 0.0,
    "wlp2s0 TX": 0.0,
    "PDU power": 9.0
}