{
    "CPU temp": 67.0,
    "CPU load (/proc/stat)(1s)": 0.9268929503916449,
    "CPU power": 8.55607,
    "lo RX": 0.0,
    "lo TX": 0.0,
    "enp3s0 RX": 122380079.0,
    "enp3s0 TX": 107430.0,
    "wlp2s0 RX": 0.0,
    "wlp2s0 TX": 0.0,
    "PDU power": 12.0
}