{
    "CPU temp": 68.0,
    "CPU load (/proc/stat)(1s)": 0.9315789473684211,
    "CPU power": 8.635353,
    "lo RX": 0.0,
    "lo TX": 0.0,
    "enp3s0 RX": 122360458.0,
    "enp3s0 TX": 108156.0,
    "wlp2s0 RX": 0.0,
    "wlp2s0 TX": 0.0,
    "PDU power": 11.0
}