{
    "CPU temp": 68.0,
    "CPU load (/proc/stat)(1s)": 0.9224137931034483,
    "CPU power": 8.709816,
    "lo RX": 0.0,
    "lo TX": 0.0,
    "enp3s0 RX": 2051609.0,
    "enp3s0 TX": 121453556.0,
    "wlp2s0 RX": 0.0,
    "wlp2s0 TX": 0.0,
    "PDU power": 12.0
}