{
    "CPU temp": 68.0,
    "CPU load (/proc/stat)(1s)": 0.9261363636363636,
    "CPU power": 8.723427,
    "lo RX": 0.0,
    "lo TX": 0.0,
    "enp3s0 RX": 2033837.0,
    "enp3s0 TX": 121182390.0,
    "wlp2s0 RX": 0.0,
    "wlp2s0 TX": 0.0,
    "PDU power": 11.0
}