{
    "CPU temp": 60.0,
    "CPU load (/proc/stat)(1s)": 0.6204188481675392,
    "CPU power": 6.658125,
    "lo RX": 0.0,
    "lo TX": 0.0,
    "enp3s0 RX": 119443991.0,
    "enp3s0 TX": 105092.0,
    "wlp2s0 RX": 0.0,
    "wlp2s0 TX": 0.0,
    "PDU power": 10.0
}