{
    "CPU temp": 68.0,
    "CPU load (/proc/stat)(1s)": 0.9186046511627907,
    "CPU power": 8.656106,
    "lo RX": 0.0,
    "lo TX": 0.0,
    "enp3s0 RX": 2041997.0,
    "enp3s0 TX": 120478434.0,
    "wlp2s0 RX": 0.0,
    "wlp2s0 TX": 0.0,
    "PDU power": 11.0
}