{
    "CPU temp": 68.0,
    "CPU load (/proc/stat)(1s)": 0.9279538904899135,
    "CPU power": 8.699502,
    "lo RX": 0.0,
    "lo TX": 0.0,
    "enp3s0 RX": 2073822.0,
    "enp3s0 TX": 122641902.0,
    "wlp2s0 RX": 0.0,
    "wlp2s0 TX": 0.0,
    "PDU power": 12.0
}