{
    "CPU temp": 64.0,
    "CPU load (/proc/stat)(1s)": 0.21808510638297873,
    "CPU power": 3.817617,
    "lo RX": 0.0,
    "lo TX": 0.0,
    "enp3s0 RX": 122396405.0,
    "enp3s0 TX": 112962.0,
    "wlp2s0 RX": 0.0,
    "wlp2s0 TX": 0.0,
    "PDU power": 10.0
}