{
    "CPU temp": 62.0,
    "CPU load (/proc/stat)(1s)": 0.21899736147757257,
    "CPU power": 3.739797,
    "lo RX": 0.0,
    "lo TX": 0.0,
    "enp3s0 RX": 122428799.0,
    "enp3s0 TX": 108318.0,
    "wlp2s0 RX": 0.0,
    "wlp2s0 TX": 0.0,
    "PDU power": 8.0
}