{
    "CPU temp": 60.0,
    "CPU load (/proc/stat)(1s)": 0.18518518518518517,
    "CPU power": 3.567617,
    "lo RX": 0.0,
    "lo TX": 0.0,
    "enp3s0 RX": 122020284.0,
    "enp3s0 TX": 108372.0,
    "wlp2s0 RX": 0.0,
    "wlp2s0 TX": 0.0,
    "PDU power": 8.0
}