{
    "CPU temp": 60.0,
    "CPU load (/proc/stat)(1s)": 0.20580474934036938,
    "CPU power": 3.736014,
    "lo RX": 0.0,
    "lo TX": 0.0,
    "enp3s0 RX": 122418322.0,
    "enp3s0 TX": 109182.0,
    "wlp2s0 RX": 0.0,
    "wlp2s0 TX": 0.0,
    "PDU power": 8.0
}