{
    "CPU temp": 59.0,
    "CPU load (/proc/stat)(1s)": 0.2440318302387268,
    "CPU power": 4.100454,
    "lo RX": 0.0,
    "lo TX": 0.0,
    "enp3s0 RX": 122159626.0,
    "enp3s0 TX": 108496.0,
    "wlp2s0 RX": 0.0,
    "wlp2s0 TX": 0.0,
    "PDU power": 9.0
}