{
    "CPU temp": 55.0,
    "CPU load (/proc/stat)(1s)": 0.21468926553672316,
    "CPU power": 4.349904,
    "lo RX": 0.0,
    "lo TX": 0.0,
    "enp3s0 RX": 2071167.0,
    "enp3s0 TX": 121561136.0,
    "wlp2s0 RX": 0.0,
    "wlp2s0 TX": 0.0,
    "PDU power": 8.0
}