{
    "CPU temp": 59.0,
    "CPU load (/proc/stat)(1s)": 0.25507246376811593,
    "CPU power": 4.661365,
    "lo RX": 0.0,
    "lo TX": 0.0,
    "enp3s0 RX": 2038997.0,
    "enp3s0 TX": 121059650.0,
    "wlp2s0 RX": 0.0,
    "wlp2s0 TX": 0.0,
    "PDU power": 8.0
}