{
    "CPU temp": 59.0,
    "CPU load (/proc/stat)(1s)": 0.24495677233429394,
    "CPU power": 4.559193,
    "lo RX": 0.0,
    "lo TX": 0.0,
    "enp3s0 RX": 2056961.0,
    "enp3s0 TX": 122104364.0,
    "wlp2s0 RX": 0.0,
    "wlp2s0 TX": 0.0,
    "PDU power": 8.0
}