{
    "CPU temp": 59.0,
    "CPU load (/proc/stat)(1s)": 0.24355300859598855,
    "CPU power": 4.496693,
    "lo RX": 0.0,
    "lo TX": 0.0,
    "enp3s0 RX": 2033607.0,
    "enp3s0 TX": 121771284.0,
    "wlp2s0 RX": 0.0,
    "wlp2s0 TX": 0.0,
    "PDU power": 8.0
}