{
    "CPU temp": 59.0,
    "CPU load (/proc/stat)(1s)": 0.26436781609195403,
    "CPU power": 4.634632,
    "lo RX": 0.0,
    "lo TX": 0.0,
    "enp3s0 RX": 2083242.0,
    "enp3s0 TX": 120847040.0,
    "wlp2s0 RX": 0.0,
    "wlp2s0 TX": 0.0,
    "PDU power": 8.0
}