{
    "CPU temp": 59.0,
    "CPU load (/proc/stat)(1s)": 0.36363636363636365,
    "CPU power": 4.688526,
    "lo RX": 0.0,
    "lo TX": 0.0,
    "enp3s0 RX": 74129514.0,
    "enp3s0 TX": 1621483.0,
    "wlp2s0 RX": 0.0,
    "wlp2s0 TX": 0.0,
    "PDU power": 10.0
}