{
    "CPU temp": 61.0,
    "CPU load (/proc/stat)(1s)": 0.6210526315789474,
    "CPU power": 6.732831,
    "lo RX": 0.0,
    "lo TX": 0.0,
    "enp3s0 RX": 119590490.0,
    "enp3s0 TX": 104984.0,
    "wlp2s0 RX": 0.0,
    "wlp2s0 TX": 0.0,
    "PDU power": 11.0
}