{
    "CPU temp": 55.0,
    "CPU load (/proc/stat)(1s)": 0.25405405405405407,
    "CPU power": 4.118337,
    "lo RX": 0.0,
    "lo TX": 0.0,
    "enp3s0 RX": 11357808.0,
    "enp3s0 TX": 59927385.0,
    "wlp2s0 RX": 0.0,
    "wlp2s0 TX": 0.0,
    "PDU power": 8.0
}