{
    "CPU temp": 60.0,
    "CPU load (/proc/stat)(1s)": 0.430635838150289,
    "CPU power": 5.796677,
    "lo RX": 0.0,
    "lo TX": 0.0,
    "enp3s0 RX": 2208066.0,
    "enp3s0 TX": 123168034.0,
    "wlp2s0 RX": 0.0,
    "wlp2s0 TX": 0.0,
    "PDU power": 8.0
}