{
    "CPU temp": 60.0,
    "CPU load (/proc/stat)(1s)": 0.43768115942028984,
    "CPU power": 5.836838,
    "lo RX": 0.0,
    "lo TX": 0.0,
    "enp3s0 RX": 2021130.0,
    "enp3s0 TX": 121753560.0,
    "wlp2s0 RX": 0.0,
    "wlp2s0 TX": 0.0,
    "PDU power": 9.0
}