{
    "CPU temp": 61.0,
    "CPU load (/proc/stat)(1s)": 0.4602272727272727,
    "CPU power": 5.997726,
    "lo RX": 0.0,
    "lo TX": 0.0,
    "enp3s0 RX": 1966154.0,
    "enp3s0 TX": 118685910.0,
    "wlp2s0 RX": 0.0,
    "wlp2s0 TX": 0.0,
    "PDU power": 11.0
}