{
    "CPU temp": 61.0,
    "CPU load (/proc/stat)(1s)": 0.430635838150289,
    "CPU power": 5.844406,
    "lo RX": 0.0,
    "lo TX": 0.0,
    "enp3s0 RX": 2044355.0,
    "enp3s0 TX": 121930412.0,
    "wlp2s0 RX": 0.0,
    "wlp2s0 TX": 0.0,
    "PDU power": 11.0
}