{
    "CPU temp": 61.0,
    "CPU load (/proc/stat)(1s)": 0.4469914040114613,
    "CPU power": 5.834702,
    "lo RX": 0.0,
    "lo TX": 0.0,
    "enp3s0 RX": 2046701.0,
    "enp3s0 TX": 121895590.0,
    "wlp2s0 RX": 0.0,
    "wlp2s0 TX": 0.0,
    "PDU power": 9.0
}