{
    "CPU temp": 61.0,
    "CPU load (/proc/stat)(1s)": 0.5105820105820106,
    "CPU power": 5.640611,
    "lo RX": 0.0,
    "lo TX": 0.0,
    "enp3s0 RX": 86492891.0,
    "enp3s0 TX": 90272.0,
    "wlp2s0 RX": 0.0,
    "wlp2s0 TX": 0.0,
    "PDU power": 11.0
}