{
    "CPU temp": 63.0,
    "CPU load (/proc/stat)(1s)": 0.6286472148541115,
    "CPU power": 6.755109,
    "lo RX": 0.0,
    "lo TX": 0.0,
    "enp3s0 RX": 122439185.0,
    "enp3s0 TX": 109614.0,
    "wlp2s0 RX": 0.0,
    "wlp2s0 TX": 0.0,
    "PDU power": 10.0
}