{
    "CPU temp": 63.0,
    "CPU load (/proc/stat)(1s)": 0.6446991404011462,
    "CPU power": 7.017011,
    "lo RX": 0.0,
    "lo TX": 0.0,
    "enp3s0 RX": 2183731.0,
    "enp3s0 TX": 121558094.0,
    "wlp2s0 RX": 0.0,
    "wlp2s0 TX": 0.0,
    "PDU power": 10.0
}