{
    "CPU temp": 63.0,
    "CPU load (/proc/stat)(1s)": 0.6189111747851003,
    "CPU power": 6.925337,
    "lo RX": 0.0,
    "lo TX": 0.0,
    "enp3s0 RX": 2037096.0,
    "enp3s0 TX": 122451228.0,
    "wlp2s0 RX": 0.0,
    "wlp2s0 TX": 0.0,
    "PDU power": 11.0
}