{
    "CPU temp": 64.0,
    "CPU load (/proc/stat)(1s)": 0.6268221574344023,
    "CPU power": 6.99925,
    "lo RX": 0.0,
    "lo TX": 0.0,
    "enp3s0 RX": 2194920.0,
    "enp3s0 TX": 122224074.0,
    "wlp2s0 RX": 0.0,
    "wlp2s0 TX": 0.0,
    "PDU power": 10.0
}