{
    "CPU temp": 64.0,
    "CPU load (/proc/stat)(1s)": 0.6384839650145773,
    "CPU power": 7.046918,
    "lo RX": 0.0,
    "lo TX": 0.0,
    "enp3s0 RX": 2126935.0,
    "enp3s0 TX": 119756202.0,
    "wlp2s0 RX": 0.0,
    "wlp2s0 TX": 0.0,
    "PDU power": 11.0
}