{
    "CPU temp": 61.0,
    "CPU load (/proc/stat)(1s)": 0.6358839050131926,
    "CPU power": 6.715865,
    "lo RX": 0.0,
    "lo TX": 0.0,
    "enp3s0 RX": 122387922.0,
    "enp3s0 TX": 107506.0,
    "wlp2s0 RX": 0.0,
    "wlp2s0 TX": 0.0,
    "PDU power": 11.0
}