{
    "CPU temp": 60.0,
    "CPU load (/proc/stat)(1s)": 0.5927835051546392,
    "CPU power": 6.228927,
    "lo RX": 0.0,
    "lo TX": 0.0,
    "enp3s0 RX": 81915512.0,
    "enp3s0 TX": 74450.0,
    "wlp2s0 RX": 0.0,
    "wlp2s0 TX": 0.0,
    "PDU power": 12.0
}