{
    "CPU temp": 64.0,
    "CPU load (/proc/stat)(1s)": 0.8372093023255814,
    "CPU power": 7.985331,
    "lo RX": 0.0,
    "lo TX": 0.0,
    "enp3s0 RX": 122192671.0,
    "enp3s0 TX": 106050.0,
    "wlp2s0 RX": 0.0,
    "wlp2s0 TX": 0.0,
    "PDU power": 11.0
}