{
    "CPU temp": 67.0,
    "CPU load (/proc/stat)(1s)": 0.8289855072463768,
    "CPU power": 8.128764,
    "lo RX": 0.0,
    "lo TX": 0.0,
    "enp3s0 RX": 2134662.0,
    "enp3s0 TX": 122407322.0,
    "wlp2s0 RX": 0.0,
    "wlp2s0 TX": 0.0,
    "PDU power": 10.0
}