{
    "CPU temp": 67.0,
    "CPU load (/proc/stat)(1s)": 0.8223495702005731,
    "CPU power": 8.135782,
    "lo RX": 0.0,
    "lo TX": 0.0,
    "enp3s0 RX": 2139102.0,
    "enp3s0 TX": 123029576.0,
    "wlp2s0 RX": 0.0,
    "wlp2s0 TX": 0.0,
    "PDU power": 12.0
}