{
    "CPU temp": 61.0,
    "CPU load (/proc/stat)(1s)": 0.734375,
    "CPU power": 7.361187,
    "lo RX": 0.0,
    "lo TX": 0.0,
    "enp3s0 RX": 116995670.0,
    "enp3s0 TX": 102692.0,
    "wlp2s0 RX": 0.0,
    "wlp2s0 TX": 0.0,
    "PDU power": 11.0
}