{
    "CPU temp": 61.0,
    "CPU load (/proc/stat)(1s)": 0.6184971098265896,
    "CPU power": 6.929426,
    "lo RX": 0.0,
    "lo TX": 0.0,
    "enp3s0 RX": 10802422.0,
    "enp3s0 TX": 113801992.0,
    "wlp2s0 RX": 0.0,
    "wlp2s0 TX": 0.0,
    "PDU power": 11.0
}