{
    "CPU temp": 67.0,
    "CPU load (/proc/stat)(1s)": 0.8132183908045977,
    "CPU power": 8.064615,
    "lo RX": 0.0,
    "lo TX": 0.0,
    "enp3s0 RX": 2039741.0,
    "enp3s0 TX": 121208022.0,
    "wlp2s0 RX": 0.0,
    "wlp2s0 TX": 0.0,
    "PDU power": 11.0
}