{
    "CPU temp": 67.0,
    "CPU load (/proc/stat)(1s)": 0.9305912596401028,
    "CPU power": 8.604226,
    "lo RX": 0.0,
    "lo TX": 0.0,
    "enp3s0 RX": 122387769.0,
    "enp3s0 TX": 111342.0,
    "wlp2s0 RX": 0.0,
    "wlp2s0 TX": 0.0,
    "PDU power": 13.0
}