{
    "CPU temp": 67.0,
    "CPU load (/proc/stat)(1s)": 0.9267015706806283,
    "CPU power": 8.630899,
    "lo RX": 0.0,
    "lo TX": 0.0,
    "enp3s0 RX": 122397800.0,
    "enp3s0 TX": 106860.0,
    "wlp2s0 RX": 0.0,
    "wlp2s0 TX": 0.0,
    "PDU power": 12.0
}