{
    "CPU temp": 68.0,
    "CPU load (/proc/stat)(1s)": 0.9310344827586207,
    "CPU power": 8.649759,
    "lo RX": 0.0,
    "lo TX": 0.0,
    "enp3s0 RX": 120963434.0,
    "enp3s0 TX": 534788.0,
    "wlp2s0 RX": 0.0,
    "wlp2s0 TX": 0.0,
    "PDU power": 11.0
}