{
    "CPU temp": 68.0,
    "CPU load (/proc/stat)(1s)": 0.9181286549707602,
    "CPU power": 8.650124,
    "lo RX": 0.0,
    "lo TX": 0.0,
    "enp3s0 RX": 2155165.0,
    "enp3s0 TX": 121670902.0,
    "wlp2s0 RX": 0.0,
    "wlp2s0 TX": 0.0,
    "PDU power": 12.0
}