{
    "CPU temp": 68.0,
    "CPU load (/proc/stat)(1s)": 0.924198250728863,
    "CPU power": 8.692483,
    "lo RX": 0.0,
    "lo TX": 0.0,
    "enp3s0 RX": 2032213.0,
    "enp3s0 TX": 121141076.0,
    "wlp2s0 RX": 0.0,
    "wlp2s0 TX": 0.0,
    "PDU power": 12.0
}