{
    "CPU temp": 68.0,
    "CPU load (/proc/stat)(1s)": 0.9230769230769231,
    "CPU power": 8.672891,
    "lo RX": 0.0,
    "lo TX": 0.0,
    "enp3s0 RX": 2076251.0,
    "enp3s0 TX": 121567052.0,
    "wlp2s0 RX": 0.0,
    "wlp2s0 TX": 0.0,
    "PDU power": 12.0
}