{
    "CPU temp": 67.0,
    "CPU load (/proc/stat)(1s)": 0.7520661157024794,
    "CPU power": 7.401714,
    "lo RX": 0.0,
    "lo TX": 0.0,
    "enp3s0 RX": 1537338.0,
    "enp3s0 TX": 90095817.0,
    "wlp2s0 RX": 0.0,
    "wlp2s0 TX": 0.0,
    "PDU power": 11.0
}