{
    "CPU temp": 65.0,
    "CPU load (/proc/stat)(1s)": 0.21428571428571427,
    "CPU power": 3.786123,
    "lo RX": 0.0,
    "lo TX": 0.0,
    "enp3s0 RX": 122459934.0,
    "enp3s0 TX": 110262.0,
    "wlp2s0 RX": 0.0,
    "wlp2s0 TX": 0.0,
    "PDU power": 8.0
}