{
    "CPU temp": 62.0,
    "CPU load (/proc/stat)(1s)": 0.21485411140583555,
    "CPU power": 3.833425,
    "lo RX": 0.0,
    "lo TX": 0.0,
    "enp3s0 RX": 122436009.0,
    "enp3s0 TX": 107970.0,
    "wlp2s0 RX": 0.0,
    "wlp2s0 TX": 0.0,
    "PDU power": 8.0
}