{
    "CPU temp": 60.0,
    "CPU load (/proc/stat)(1s)": 0.17866666666666667,
    "CPU power": 3.733877,
    "lo RX": 0.0,
    "lo TX": 0.0,
    "enp3s0 RX": 122404544.0,
    "enp3s0 TX": 109020.0,
    "wlp2s0 RX": 0.0,
    "wlp2s0 TX": 0.0,
    "PDU power": 9.0
}