{
    "CPU temp": 57.0,
    "CPU load (/proc/stat)(1s)": 0.4186666666666667,
    "CPU power": 5.408128,
    "lo RX": 0.0,
    "lo TX": 0.0,
    "enp3s0 RX": 122384353.0,
    "enp3s0 TX": 107724.0,
    "wlp2s0 RX": 0.0,
    "wlp2s0 TX": 0.0,
    "PDU power": 9.0
}