{
    "CPU temp": 60.0,
    "CPU load (/proc/stat)(1s)": 0.2737752161383285,
    "CPU power": 4.820544,
    "lo RX": 0.0,
    "lo TX": 0.0,
    "enp3s0 RX": 2132214.0,
    "enp3s0 TX": 123173424.0,
    "wlp2s0 RX": 0.0,
    "wlp2s0 TX": 0.0,
    "PDU power": 8.0
}