{
    "CPU temp": 60.0,
    "CPU load (/proc/stat)(1s)": 0.2774566473988439,
    "CPU power": 4.751269,
    "lo RX": 0.0,
    "lo TX": 0.0,
    "enp3s0 RX": 2095884.0,
    "enp3s0 TX": 121632064.0,
    "wlp2s0 RX": 0.0,
    "wlp2s0 TX": 0.0,
    "PDU power": 9.0
}