{
    "CPU temp": 59.0,
    "CPU load (/proc/stat)(1s)": 0.2398843930635838,
    "CPU power": 4.519275,
    "lo RX": 0.0,
    "lo TX": 0.0,
    "enp3s0 RX": 2041259.0,
    "enp3s0 TX": 121893970.0,
    "wlp2s0 RX": 0.0,
    "wlp2s0 TX": 0.0,
    "PDU power": 8.0
}