{
    "CPU temp": 59.0,
    "CPU load (/proc/stat)(1s)": 0.30456852791878175,
    "CPU power": 4.138905,
    "lo RX": 0.0,
    "lo TX": 0.0,
    "enp3s0 RX": 28387416.0,
    "enp3s0 TX": 40506.0,
    "wlp2s0 RX": 0.0,
    "wlp2s0 TX": 0.0,
    "PDU power": 9.0
}