{
    "CPU temp": 59.0,
    "CPU load (/proc/stat)(1s)": 0.41005291005291006,
    "CPU power": 5.087572,
    "lo RX": 0.0,
    "lo TX": 0.0,
    "enp3s0 RX": 122377112.0,
    "enp3s0 TX": 111234.0,
    "wlp2s0 RX": 0.0,
    "wlp2s0 TX": 0.0,
    "PDU power": 9.0
}