{
    "CPU temp": 62.0,
    "CPU load (/proc/stat)(1s)": 0.7962962962962963,
    "CPU power": 7.825847,
    "lo RX": 0.0,
    "lo TX": 0.0,
    "enp3s0 RX": 115323421.0,
    "enp3s0 TX": 258913.0,
    "wlp2s0 RX": 0.0,
    "wlp2s0 TX": 0.0,
    "PDU power": 11.0
}