{
    "CPU temp": 60.0,
    "CPU load (/proc/stat)(1s)": 0.38726790450928383,
    "CPU power": 5.014025,
    "lo RX": 0.0,
    "lo TX": 0.0,
    "enp3s0 RX": 122432922.0,
    "enp3s0 TX": 118038.0,
    "wlp2s0 RX": 0.0,
    "wlp2s0 TX": 0.0,
    "PDU power": 9.0
}