{
    "CPU temp": 61.0,
    "CPU load (/proc/stat)(1s)": 0.4281524926686217,
    "CPU power": 5.877243,
    "lo RX": 0.0,
    "lo TX": 0.0,
    "enp3s0 RX": 2142102.0,
    "enp3s0 TX": 122795228.0,
    "wlp2s0 RX": 0.0,
    "wlp2s0 TX": 0.0,
    "PDU power": 10.0
}