{
    "CPU temp": 61.0,
    "CPU load (/proc/stat)(1s)": 0.5043227665706052,
    "CPU power": 6.271896,
    "lo RX": 0.0,
    "lo TX": 0.0,
    "enp3s0 RX": 2073517.0,
    "enp3s0 TX": 121168508.0,
    "wlp2s0 RX": 0.0,
    "wlp2s0 TX": 0.0,
    "PDU power": 11.0
}