{
    "CPU temp": 61.0,
    "CPU load (/proc/stat)(1s)": 0.417910447761194,
    "CPU power": 5.900254,
    "lo RX": 0.0,
    "lo TX": 0.0,
    "enp3s0 RX": 2143643.0,
    "enp3s0 TX": 120893216.0,
    "wlp2s0 RX": 0.0,
    "wlp2s0 TX": 0.0,
    "PDU power": 9.0
}