{
    "CPU temp": 61.0,
    "CPU load (/proc/stat)(1s)": 0.4339080459770115,
    "CPU power": 5.846359,
    "lo RX": 0.0,
    "lo TX": 0.0,
    "enp3s0 RX": 2027327.0,
    "enp3s0 TX": 121788006.0,
    "wlp2s0 RX": 0.0,
    "wlp2s0 TX": 0.0,
    "PDU power": 10.0
}