{
    "CPU temp": 61.0,
    "CPU load (/proc/stat)(1s)": 0.38917525773195877,
    "CPU power": 4.67583,
    "lo RX": 0.0,
    "lo TX": 0.0,
    "enp3s0 RX": 36053238.0,
    "enp3s0 TX": 51049.0,
    "wlp2s0 RX": 0.0,
    "wlp2s0 TX": 0.0,
    "PDU power": 11.0
}