{
    "CPU temp": 63.0,
    "CPU load (/proc/stat)(1s)": 0.7284595300261096,
    "CPU power": 7.374981,
    "lo RX": 0.0,
    "lo TX": 0.0,
    "enp3s0 RX": 118043434.0,
    "enp3s0 TX": 103240.0,
    "wlp2s0 RX": 0.0,
    "wlp2s0 TX": 0.0,
    "PDU power": 11.0
}