{
    "CPU temp": 62.0,
    "CPU load (/proc/stat)(1s)": 0.6590257879656161,
    "CPU power": 7.14494,
    "lo RX": 0.0,
    "lo TX": 0.0,
    "enp3s0 RX": 1982801.0,
    "enp3s0 TX": 120962998.0,
    "wlp2s0 RX": 0.0,
    "wlp2s0 TX": 0.0,
    "PDU power": 11.0
}