{
    "CPU temp": 58.0,
    "CPU load (/proc/stat)(1s)": 0.4273743016759777,
    "CPU power": 5.681259,
    "lo RX": 0.0,
    "lo TX": 0.0,
    "enp3s0 RX": 59005666.0,
    "enp3s0 TX": 63677168.0,
    "wlp2s0 RX": 0.0,
    "wlp2s0 TX": 0.0,
    "PDU power": 9.0
}