{
    "CPU temp": 62.0,
    "CPU load (/proc/stat)(1s)": 0.6292428198433421,
    "CPU power": 6.61595,
    "lo RX": 0.0,
    "lo TX": 0.0,
    "enp3s0 RX": 122416088.0,
    "enp3s0 TX": 106860.0,
    "wlp2s0 RX": 0.0,
    "wlp2s0 TX": 0.0,
    "PDU power": 11.0
}