{
    "CPU temp": 63.0,
    "CPU load (/proc/stat)(1s)": 0.626984126984127,
    "CPU power": 6.799238,
    "lo RX": 0.0,
    "lo TX": 0.0,
    "enp3s0 RX": 122411993.0,
    "enp3s0 TX": 107292.0,
    "wlp2s0 RX": 0.0,
    "wlp2s0 TX": 0.0,
    "PDU power": 11.0
}