{
    "CPU temp": 63.0,
    "CPU load (/proc/stat)(1s)": 0.6370757180156658,
    "CPU power": 6.791425,
    "lo RX": 0.0,
    "lo TX": 0.0,
    "enp3s0 RX": 122367640.0,
    "enp3s0 TX": 107536.0,
    "wlp2s0 RX": 0.0,
    "wlp2s0 TX": 0.0,
    "PDU power": 11.0
}