{
    "CPU temp": 64.0,
    "CPU load (/proc/stat)(1s)": 0.6260869565217392,
    "CPU power": 6.969159,
    "lo RX": 0.0,
    "lo TX": 0.0,
    "enp3s0 RX": 2192784.0,
    "enp3s0 TX": 122727244.0,
    "wlp2s0 RX": 0.0,
    "wlp2s0 TX": 0.0,
    "PDU power": 11.0
}