{
    "CPU temp": 64.0,
    "CPU load (/proc/stat)(1s)": 0.6271676300578035,
    "CPU power": 6.86717,
    "lo RX": 0.0,
    "lo TX": 0.0,
    "enp3s0 RX": 1969062.0,
    "enp3s0 TX": 122687322.0,
    "wlp2s0 RX": 0.0,
    "wlp2s0 TX": 0.0,
    "PDU power": 11.0
}