{
    "CPU temp": 64.0,
    "CPU load (/proc/stat)(1s)": 0.6332378223495702,
    "CPU power": 6.980939,
    "lo RX": 0.0,
    "lo TX": 0.0,
    "enp3s0 RX": 1976850.0,
    "enp3s0 TX": 122113642.0,
    "wlp2s0 RX": 0.0,
    "wlp2s0 TX": 0.0,
    "PDU power": 11.0
}