{
    "CPU temp": 58.0,
    "CPU load (/proc/stat)(1s)": 0.39714285714285713,
    "CPU power": 5.403611,
    "lo RX": 0.0,
    "lo TX": 0.0,
    "enp3s0 RX": 2140182.0,
    "enp3s0 TX": 122325460.0,
    "wlp2s0 RX": 0.0,
    "wlp2s0 TX": 0.0,
    "PDU power": 10.0
}