{
    "CPU temp": 62.0,
    "CPU load (/proc/stat)(1s)": 0.5902061855670103,
    "CPU power": 6.215744,
    "lo RX": 0.0,
    "lo TX": 0.0,
    "enp3s0 RX": 70518640.0,
    "enp3s0 TX": 66635.0,
    "wlp2s0 RX": 0.0,
    "wlp2s0 TX": 0.0,
    "PDU power": 11.0
}