{
    "CPU temp": 64.0,
    "CPU load (/proc/stat)(1s)": 0.6358381502890174,
    "CPU power": 6.999982,
    "lo RX": 0.0,
    "lo TX": 0.0,
    "enp3s0 RX": 1967807.0,
    "enp3s0 TX": 121149098.0,
    "wlp2s0 RX": 0.0,
    "wlp2s0 TX": 0.0,
    "PDU power": 11.0
}