{
    "CPU temp": 64.0,
    "CPU load (/proc/stat)(1s)": 0.8377659574468085,
    "CPU power": 8.032267,
    "lo RX": 0.0,
    "lo TX": 0.0,
    "enp3s0 RX": 122715619.0,
    "enp3s0 TX": 115014.0,
    "wlp2s0 RX": 0.0,
    "wlp2s0 TX": 0.0,
    "PDU power": 11.0
}