{
    "CPU temp": 66.0,
    "CPU load (/proc/stat)(1s)": 0.8236842105263158,
    "CPU power": 7.985636,
    "lo RX": 0.0,
    "lo TX": 0.0,
    "enp3s0 RX": 122381773.0,
    "enp3s0 TX": 107022.0,
    "wlp2s0 RX": 0.0,
    "wlp2s0 TX": 0.0,
    "PDU power": 11.0
}