{
    "CPU temp": 67.0,
    "CPU load (/proc/stat)(1s)": 0.8407310704960835,
    "CPU power": 8.081217,
    "lo RX": 0.0,
    "lo TX": 0.0,
    "enp3s0 RX": 122396734.0,
    "enp3s0 TX": 107916.0,
    "wlp2s0 RX": 0.0,
    "wlp2s0 TX": 0.0,
    "PDU power": 12.0
}