{
    "CPU temp": 67.0,
    "CPU load (/proc/stat)(1s)": 0.8187134502923976,
    "CPU power": 8.123942,
    "lo RX": 0.0,
    "lo TX": 0.0,
    "enp3s0 RX": 2117995.0,
    "enp3s0 TX": 121159638.0,
    "wlp2s0 RX": 0.0,
    "wlp2s0 TX": 0.0,
    "PDU power": 11.0
}