{
    "CPU temp": 67.0,
    "CPU load (/proc/stat)(1s)": 0.8255813953488372,
    "CPU power": 8.163065,
    "lo RX": 0.0,
    "lo TX": 0.0,
    "enp3s0 RX": 2024741.0,
    "enp3s0 TX": 122358874.0,
    "wlp2s0 RX": 0.0,
    "wlp2s0 TX": 0.0,
    "PDU power": 12.0
}