{
    "CPU temp": 63.0,
    "CPU load (/proc/stat)(1s)": 0.8264248704663213,
    "CPU power": 7.844462,
    "lo RX": 0.0,
    "lo TX": 0.0,
    "enp3s0 RX": 116132936.0,
    "enp3s0 TX": 102054.0,
    "wlp2s0 RX": 0.0,
    "wlp2s0 TX": 0.0,
    "PDU power": 11.0
}