{
    "CPU temp": 67.0,
    "CPU load (/proc/stat)(1s)": 0.8154761904761905,
    "CPU power": 8.109904,
    "lo RX": 0.0,
    "lo TX": 0.0,
    "enp3s0 RX": 2148702.0,
    "enp3s0 TX": 122869092.0,
    "wlp2s0 RX": 0.0,
    "wlp2s0 TX": 0.0,
    "PDU power": 11.0
}