{
    "CPU temp": 66.0,
    "CPU load (/proc/stat)(1s)": 0.23618090452261306,
    "CPU power": 3.432792,
    "lo RX": 0.0,
    "lo TX": 0.0,
    "enp3s0 RX": 1695.0,
    "enp3s0 TX": 592.0,
    "wlp2s0 RX": 0.0,
    "wlp2s0 TX": 0.0,
    "PDU power": 10.0
}