{
    "CPU temp": 67.0,
    "CPU load (/proc/stat)(1s)": 0.9287598944591029,
    "CPU power": 8.657632,
    "lo RX": 0.0,
    "lo TX": 0.0,
    "enp3s0 RX": 122459934.0,
    "enp3s0 TX": 107022.0,
    "wlp2s0 RX": 0.0,
    "wlp2s0 TX": 0.0,
    "PDU power": 12.0
}