{
    "CPU temp": 67.0,
    "CPU load (/proc/stat)(1s)": 0.9259259259259259,
    "CPU power": 8.64341,
    "lo RX": 0.0,
    "lo TX": 0.0,
    "enp3s0 RX": 122393872.0,
    "enp3s0 TX": 108408.0,
    "wlp2s0 RX": 0.0,
    "wlp2s0 TX": 0.0,
    "PDU power": 12.0
}