{
    "CPU temp": 58.0,
    "CPU load (/proc/stat)(1s)": 0.452991452991453,
    "CPU power": 5.886337,
    "lo RX": 0.0,
    "lo TX": 0.0,
    "enp3s0 RX": 2098049.0,
    "enp3s0 TX": 121576030.0,
    "wlp2s0 RX": 0.0,
    "wlp2s0 TX": 0.0,
    "PDU power": 10.0
}