{
    "CPU temp": 68.0,
    "CPU load (/proc/stat)(1s)": 0.9210526315789473,
    "CPU power": 8.68998,
    "lo RX": 0.0,
    "lo TX": 0.0,
    "enp3s0 RX": 1994387.0,
    "enp3s0 TX": 117435046.0,
    "wlp2s0 RX": 0.0,
    "wlp2s0 TX": 0.0,
    "PDU power": 13.0
}