{
    "CPU temp": 68.0,
    "CPU load (/proc/stat)(1s)": 0.9186046511627907,
    "CPU power": 8.667214,
    "lo RX": 0.0,
    "lo TX": 0.0,
    "enp3s0 RX": 2068122.0,
    "enp3s0 TX": 121500346.0,
    "wlp2s0 RX": 0.0,
    "wlp2s0 TX": 0.0,
    "PDU power": 12.0
}