{
    "CPU temp": 68.0,
    "CPU load (/proc/stat)(1s)": 0.9287749287749287,
    "CPU power": 8.722695,
    "lo RX": 0.0,
    "lo TX": 0.0,
    "enp3s0 RX": 2082918.0,
    "enp3s0 TX": 122039298.0,
    "wlp2s0 RX": 0.0,
    "wlp2s0 TX": 0.0,
    "PDU power": 12.0
}