{
    "CPU temp": 60.0,
    "CPU load (/proc/stat)(1s)": 0.2335958005249344,
    "CPU power": 3.97289,
    "lo RX": 0.0,
    "lo TX": 0.0,
    "enp3s0 RX": 122487485.0,
    "enp3s0 TX": 108834.0,
    "wlp2s0 RX": 0.0,
    "wlp2s0 TX": 0.0,
    "PDU power": 7.0
}