{
    "CPU temp": 60.0,
    "CPU load (/proc/stat)(1s)": 0.26239067055393583,
    "CPU power": 4.862048,
    "lo RX": 0.0,
    "lo TX": 0.0,
    "enp3s0 RX": 6858215.0,
    "enp3s0 TX": 117458012.0,
    "wlp2s0 RX": 0.0,
    "wlp2s0 TX": 0.0,
    "PDU power": 8.0
}