{
    "CPU temp": 60.0,
    "CPU load (/proc/stat)(1s)": 0.22740524781341107,
    "CPU power": 4.577381,
    "lo RX": 0.0,
    "lo TX": 0.0,
    "enp3s0 RX": 2079893.0,
    "enp3s0 TX": 121377856.0,
    "wlp2s0 RX": 0.0,
    "wlp2s0 TX": 0.0,
    "PDU power": 9.0
}