{
    "CPU temp": 60.0,
    "CPU load (/proc/stat)(1s)": 0.24057971014492754,
    "CPU power": 4.530261,
    "lo RX": 0.0,
    "lo TX": 0.0,
    "enp3s0 RX": 1932942.0,
    "enp3s0 TX": 122813074.0,
    "wlp2s0 RX": 0.0,
    "wlp2s0 TX": 0.0,
    "PDU power": 9.0
}