{
    "CPU temp": 59.0,
    "CPU load (/proc/stat)(1s)": 0.24198250728862974,
    "CPU power": 4.692127,
    "lo RX": 0.0,
    "lo TX": 0.0,
    "enp3s0 RX": 1916202.0,
    "enp3s0 TX": 122688980.0,
    "wlp2s0 RX": 0.0,
    "wlp2s0 TX": 0.0,
    "PDU power": 9.0
}