{
    "CPU temp": 59.0,
    "CPU load (/proc/stat)(1s)": 0.21105527638190955,
    "CPU power": 3.147148,
    "lo RX": 0.0,
    "lo TX": 0.0,
    "enp3s0 RX": 3858.0,
    "enp3s0 TX": 4009.0,
    "wlp2s0 RX": 0.0,
    "wlp2s0 TX": 0.0,
    "PDU power": 8.0
}