{
    "CPU temp": 59.0,
    "CPU load (/proc/stat)(1s)": 0.4052631578947368,
    "CPU power": 5.052294,
    "lo RX": 0.0,
    "lo TX": 0.0,
    "enp3s0 RX": 122511770.0,
    "enp3s0 TX": 110316.0,
    "wlp2s0 RX": 0.0,
    "wlp2s0 TX": 0.0,
    "PDU power": 9.0
}