{
    "CPU temp": 64.0,
    "CPU load (/proc/stat)(1s)": 0.8285714285714286,
    "CPU power": 8.011698,
    "lo RX": 0.0,
    "lo TX": 0.0,
    "enp3s0 RX": 115932531.0,
    "enp3s0 TX": 102308.0,
    "wlp2s0 RX": 0.0,
    "wlp2s0 TX": 0.0,
    "PDU power": 11.0
}