{
    "CPU temp": 61.0,
    "CPU load (/proc/stat)(1s)": 0.42780748663101603,
    "CPU power": 5.523668,
    "lo RX": 0.0,
    "lo TX": 0.0,
    "enp3s0 RX": 122372509.0,
    "enp3s0 TX": 106806.0,
    "wlp2s0 RX": 0.0,
    "wlp2s0 TX": 0.0,
    "PDU power": 10.0
}