{
    "CPU temp": 61.0,
    "CPU load (/proc/stat)(1s)": 0.45066666666666666,
    "CPU power": 5.528794,
    "lo RX": 0.0,
    "lo TX": 0.0,
    "enp3s0 RX": 122350213.0,
    "enp3s0 TX": 106878.0,
    "wlp2s0 RX": 0.0,
    "wlp2s0 TX": 0.0,
    "PDU power": 9.0
}