{
    "CPU temp": 61.0,
    "CPU load (/proc/stat)(1s)": 0.43315508021390375,
    "CPU power": 5.423815,
    "lo RX": 0.0,
    "lo TX": 0.0,
    "enp3s0 RX": 122453878.0,
    "enp3s0 TX": 106752.0,
    "wlp2s0 RX": 0.0,
    "wlp2s0 TX": 0.0,
    "PDU power": 10.0
}