{
    "CPU temp": 61.0,
    "CPU load (/proc/stat)(1s)": 0.46236559139784944,
    "CPU power": 5.619248,
    "lo RX": 0.0,
    "lo TX": 0.0,
    "enp3s0 RX": 93537798.0,
    "enp3s0 TX": 29464240.0,
    "wlp2s0 RX": 0.0,
    "wlp2s0 TX": 0.0,
    "PDU power": 10.0
}