{
    "CPU temp": 61.0,
    "CPU load (/proc/stat)(1s)": 0.4563953488372093,
    "CPU power": 5.998886,
    "lo RX": 0.0,
    "lo TX": 0.0,
    "enp3s0 RX": 1925682.0,
    "enp3s0 TX": 122233106.0,
    "wlp2s0 RX": 0.0,
    "wlp2s0 TX": 0.0,
    "PDU power": 10.0
}