{
    "CPU temp": 61.0,
    "CPU load (/proc/stat)(1s)": 0.40406976744186046,
    "CPU power": 5.530869,
    "lo RX": 0.0,
    "lo TX": 0.0,
    "enp3s0 RX": 1985165.0,
    "enp3s0 TX": 122694860.0,
    "wlp2s0 RX": 0.0,
    "wlp2s0 TX": 0.0,
    "PDU power": 10.0
}