{
    "CPU temp": 61.0,
    "CPU load (/proc/stat)(1s)": 0.40233236151603496,
    "CPU power": 5.577805,
    "lo RX": 0.0,
    "lo TX": 0.0,
    "enp3s0 RX": 2002955.0,
    "enp3s0 TX": 121165630.0,
    "wlp2s0 RX": 0.0,
    "wlp2s0 TX": 0.0,
    "PDU power": 9.0
}