{
    "CPU temp": 61.0,
    "CPU load (/proc/stat)(1s)": 0.4331395348837209,
    "CPU power": 5.793504,
    "lo RX": 0.0,
    "lo TX": 0.0,
    "enp3s0 RX": 2032809.0,
    "enp3s0 TX": 121414300.0,
    "wlp2s0 RX": 0.0,
    "wlp2s0 TX": 0.0,
    "PDU power": 11.0
}