{
    "CPU temp": 64.0,
    "CPU load (/proc/stat)(1s)": 0.8227513227513228,
    "CPU power": 7.95811,
    "lo RX": 0.0,
    "lo TX": 0.0,
    "enp3s0 RX": 117681358.0,
    "enp3s0 TX": 103242.0,
    "wlp2s0 RX": 0.0,
    "wlp2s0 TX": 0.0,
    "PDU power": 12.0
}