{
    "CPU temp": 61.0,
    "CPU load (/proc/stat)(1s)": 0.3861111111111111,
    "CPU power": 5.106066,
    "lo RX": 0.0,
    "lo TX": 0.0,
    "enp3s0 RX": 1494618.0,
    "enp3s0 TX": 88566263.0,
    "wlp2s0 RX": 0.0,
    "wlp2s0 TX": 0.0,
    "PDU power": 9.0
}