{
    "CPU temp": 61.0,
    "CPU load (/proc/stat)(1s)": 0.5287958115183246,
    "CPU power": 5.933151,
    "lo RX": 0.0,
    "lo TX": 0.0,
    "enp3s0 RX": 84287540.0,
    "enp3s0 TX": 95072.0,
    "wlp2s0 RX": 0.0,
    "wlp2s0 TX": 0.0,
    "PDU power": 10.0
}