{
    "CPU temp": 62.0,
    "CPU load (/proc/stat)(1s)": 0.6223404255319149,
    "CPU power": 6.622969,
    "lo RX": 0.0,
    "lo TX": 0.0,
    "enp3s0 RX": 122399821.0,
    "enp3s0 TX": 107984.0,
    "wlp2s0 RX": 0.0,
    "wlp2s0 TX": 0.0,
    "PDU power": 10.0
}