{
    "CPU temp": 63.0,
    "CPU load (/proc/stat)(1s)": 0.6180371352785146,
    "CPU power": 6.675031,
    "lo RX": 0.0,
    "lo TX": 0.0,
    "enp3s0 RX": 122383168.0,
    "enp3s0 TX": 109936.0,
    "wlp2s0 RX": 0.0,
    "wlp2s0 TX": 0.0,
    "PDU power": 11.0
}