{
    "CPU temp": 63.0,
    "CPU load (/proc/stat)(1s)": 0.6510989010989011,
    "CPU power": 7.018475,
    "lo RX": 0.0,
    "lo TX": 0.0,
    "enp3s0 RX": 67971996.0,
    "enp3s0 TX": 55595762.0,
    "wlp2s0 RX": 0.0,
    "wlp2s0 TX": 0.0,
    "PDU power": 11.0
}