{
    "CPU temp": 64.0,
    "CPU load (/proc/stat)(1s)": 0.6058823529411764,
    "CPU power": 6.909773,
    "lo RX": 0.0,
    "lo TX": 0.0,
    "enp3s0 RX": 2221977.0,
    "enp3s0 TX": 121874642.0,
    "wlp2s0 RX": 0.0,
    "wlp2s0 TX": 0.0,
    "PDU power": 12.0
}