{
    "CPU temp": 64.0,
    "CPU load (/proc/stat)(1s)": 0.8311688311688312,
    "CPU power": 8.037943,
    "lo RX": 0.0,
    "lo TX": 0.0,
    "enp3s0 RX": 122342469.0,
    "enp3s0 TX": 105778.0,
    "wlp2s0 RX": 0.0,
    "wlp2s0 TX": 0.0,
    "PDU power": 12.0
}