{
    "CPU temp": 58.0,
    "CPU load (/proc/stat)(1s)": 0.5026041666666666,
    "CPU power": 5.57805,
    "lo RX": 0.0,
    "lo TX": 0.0,
    "enp3s0 RX": 83438221.0,
    "enp3s0 TX": 82658.0,
    "wlp2s0 RX": 0.0,
    "wlp2s0 TX": 0.0,
    "PDU power": 10.0
}