{
    "CPU temp": 64.0,
    "CPU load (/proc/stat)(1s)": 0.6371428571428571,
    "CPU power": 6.958295,
    "lo RX": 0.0,
    "lo TX": 0.0,
    "enp3s0 RX": 1957001.0,
    "enp3s0 TX": 121883426.0,
    "wlp2s0 RX": 0.0,
    "wlp2s0 TX": 0.0,
    "PDU power": 11.0
}