{
    "CPU temp": 64.0,
    "CPU load (/proc/stat)(1s)": 0.4945054945054945,
    "CPU power": 5.887864,
    "lo RX": 0.0,
    "lo TX": 0.0,
    "enp3s0 RX": 2126146.0,
    "enp3s0 TX": 74444269.0,
    "wlp2s0 RX": 0.0,
    "wlp2s0 TX": 0.0,
    "PDU power": 11.0
}