{
    "CPU temp": 67.0,
    "CPU load (/proc/stat)(1s)": 0.8267716535433071,
    "CPU power": 7.982768,
    "lo RX": 0.0,
    "lo TX": 0.0,
    "enp3s0 RX": 122221438.0,
    "enp3s0 TX": 108908.0,
    "wlp2s0 RX": 0.0,
    "wlp2s0 TX": 0.0,
    "PDU power": 11.0
}