{
    "CPU temp": 64.0,
    "CPU load (/proc/stat)(1s)": 0.9246753246753247,
    "CPU power": 8.598062,
    "lo RX": 0.0,
    "lo TX": 0.0,
    "enp3s0 RX": 111454044.0,
    "enp3s0 TX": 98598.0,
    "wlp2s0 RX": 0.0,
    "wlp2s0 TX": 0.0,
    "PDU power": 10.0
}