{
    "CPU temp": 67.0,
    "CPU load (/proc/stat)(1s)": 0.8165680473372781,
    "CPU power": 8.098429,
    "lo RX": 0.0,
    "lo TX": 0.0,
    "enp3s0 RX": 2185662.0,
    "enp3s0 TX": 123132648.0,
    "wlp2s0 RX": 0.0,
    "wlp2s0 TX": 0.0,
    "PDU power": 11.0
}