{
    "CPU temp": 67.0,
    "CPU load (/proc/stat)(1s)": 0.8211143695014663,
    "CPU power": 8.07786,
    "lo RX": 0.0,
    "lo TX": 0.0,
    "enp3s0 RX": 2069947.0,
    "enp3s0 TX": 121311206.0,
    "wlp2s0 RX": 0.0,
    "wlp2s0 TX": 0.0,
    "PDU power": 12.0
}