{
    "CPU temp": 67.0,
    "CPU load (/proc/stat)(1s)": 0.8216374269005848,
    "CPU power": 8.146891,
    "lo RX": 0.0,
    "lo TX": 0.0,
    "enp3s0 RX": 2155722.0,
    "enp3s0 TX": 122799326.0,
    "wlp2s0 RX": 0.0,
    "wlp2s0 TX": 0.0,
    "PDU power": 11.0
}