{
    "CPU temp": 66.0,
    "CPU load (/proc/stat)(1s)": 0.8299120234604106,
    "CPU power": 8.140788,
    "lo RX": 0.0,
    "lo TX": 0.0,
    "enp3s0 RX": 2116692.0,
    "enp3s0 TX": 121166076.0,
    "wlp2s0 RX": 0.0,
    "wlp2s0 TX": 0.0,
    "PDU power": 9.0
}