{
    "CPU temp": 65.0,
    "CPU load (/proc/stat)(1s)": 0.9246753246753247,
    "CPU power": 8.558206,
    "lo RX": 0.0,
    "lo TX": 0.0,
    "enp3s0 RX": 117479137.0,
    "enp3s0 TX": 103872.0,
    "wlp2s0 RX": 0.0,
    "wlp2s0 TX": 0.0,
    "PDU power": 12.0
}