{
    "CPU temp": 68.0,
    "CPU load (/proc/stat)(1s)": 0.9291338582677166,
    "CPU power": 8.65635,
    "lo RX": 0.0,
    "lo TX": 0.0,
    "enp3s0 RX": 122410779.0,
    "enp3s0 TX": 107292.0,
    "wlp2s0 RX": 0.0,
    "wlp2s0 TX": 0.0,
    "PDU power": 11.0
}