{
    "CPU temp": 68.0,
    "CPU load (/proc/stat)(1s)": 0.9300291545189504,
    "CPU power": 8.725991,
    "lo RX": 0.0,
    "lo TX": 0.0,
    "enp3s0 RX": 2164986.0,
    "enp3s0 TX": 123153870.0,
    "wlp2s0 RX": 0.0,
    "wlp2s0 TX": 0.0,
    "PDU power": 11.0
}