{
    "CPU temp": 68.0,
    "CPU load (/proc/stat)(1s)": 0.9219653179190751,
    "CPU power": 8.70408,
    "lo RX": 0.0,
    "lo TX": 0.0,
    "enp3s0 RX": 1956144.0,
    "enp3s0 TX": 122450288.0,
    "wlp2s0 RX": 0.0,
    "wlp2s0 TX": 0.0,
    "PDU power": 12.0
}