{
    "CPU temp": 68.0,
    "CPU load (/proc/stat)(1s)": 0.9230769230769231,
    "CPU power": 8.678811,
    "lo RX": 0.0,
    "lo TX": 0.0,
    "enp3s0 RX": 1934922.0,
    "enp3s0 TX": 122233122.0,
    "wlp2s0 RX": 0.0,
    "wlp2s0 TX": 0.0,
    "PDU power": 13.0
}