{
    "CPU temp": 67.0,
    "CPU load (/proc/stat)(1s)": 0.7402234636871509,
    "CPU power": 7.375469,
    "lo RX": 0.0,
    "lo TX": 0.0,
    "enp3s0 RX": 1515691.0,
    "enp3s0 TX": 86956303.0,
    "wlp2s0 RX": 0.0,
    "wlp2s0 TX": 0.0,
    "PDU power": 9.0
}