{
    "CPU temp": 65.0,
    "CPU load (/proc/stat)(1s)": 0.2785515320334262,
    "CPU power": 4.505298,
    "lo RX": 0.0,
    "lo TX": 0.0,
    "enp3s0 RX": 20589459.0,
    "enp3s0 TX": 78153102.0,
    "wlp2s0 RX": 0.0,
    "wlp2s0 TX": 0.0,
    "PDU power": 9.0
}