{
    "CPU temp": 60.0,
    "CPU load (/proc/stat)(1s)": 0.6361256544502618,
    "CPU power": 6.571822,
    "lo RX": 0.0,
    "lo TX": 0.0,
    "enp3s0 RX": 122408786.0,
    "enp3s0 TX": 108238.0,
    "wlp2s0 RX": 0.0,
    "wlp2s0 TX": 0.0,
    "PDU power": 11.0
}