{
    "CPU temp": 65.0,
    "CPU load (/proc/stat)(1s)": 0.921875,
    "CPU power": 8.553689,
    "lo RX": 0.0,
    "lo TX": 0.0,
    "enp3s0 RX": 110827373.0,
    "enp3s0 TX": 97680.0,
    "wlp2s0 RX": 0.0,
    "wlp2s0 TX": 0.0,
    "PDU power": 10.0
}