{
    "CPU temp": 61.0,
    "CPU load (/proc/stat)(1s)": 0.2737752161383285,
    "CPU power": 4.73595,
    "lo RX": 0.0,
    "lo TX": 0.0,
    "enp3s0 RX": 26409207.0,
    "enp3s0 TX": 121390396.0,
    "wlp2s0 RX": 0.0,
    "wlp2s0 TX": 0.0,
    "PDU power": 10.0
}