{
    "CPU temp": 61.0,
    "CPU load (/proc/stat)(1s)": 0.31215469613259667,
    "CPU power": 4.581348,
    "lo RX": 0.0,
    "lo TX": 0.0,
    "enp3s0 RX": 12752775.0,
    "enp3s0 TX": 74888829.0,
    "wlp2s0 RX": 0.0,
    "wlp2s0 TX": 0.0,
    "PDU power": 9.0
}