{
    "CPU temp": 61.0,
    "CPU load (/proc/stat)(1s)": 0.43352601156069365,
    "CPU power": 5.849106,
    "lo RX": 0.0,
    "lo TX": 0.0,
    "enp3s0 RX": 12368673.0,
    "enp3s0 TX": 122719772.0,
    "wlp2s0 RX": 0.0,
    "wlp2s0 TX": 0.0,
    "PDU power": 11.0
}