{
    "CPU temp": 62.0,
    "CPU load (/proc/stat)(1s)": 0.44571428571428573,
    "CPU power": 5.763901,
    "lo RX": 0.0,
    "lo TX": 0.0,
    "enp3s0 RX": 21515257.0,
    "enp3s0 TX": 121169684.0,
    "wlp2s0 RX": 0.0,
    "wlp2s0 TX": 0.0,
    "PDU power": 10.0
}