{
    "CPU temp": 59.0,
    "CPU load (/proc/stat)(1s)": 0.6147757255936676,
    "CPU power": 6.578047,
    "lo RX": 0.0,
    "lo TX": 0.0,
    "enp3s0 RX": 120344488.0,
    "enp3s0 TX": 106210.0,
    "wlp2s0 RX": 0.0,
    "wlp2s0 TX": 0.0,
    "PDU power": 11.0
}