{
    "CPU temp": 62.0,
    "CPU load (/proc/stat)(1s)": 0.3994413407821229,
    "CPU power": 5.247484,
    "lo RX": 0.0,
    "lo TX": 0.0,
    "enp3s0 RX": 19913805.0,
    "enp3s0 TX": 88096017.0,
    "wlp2s0 RX": 0.0,
    "wlp2s0 TX": 0.0,
    "PDU power": 10.0
}