{
    "CPU temp": 63.0,
    "CPU load (/proc/stat)(1s)": 0.6492753623188405,
    "CPU power": 7.143963,
    "lo RX": 0.0,
    "lo TX": 0.0,
    "enp3s0 RX": 32559391.0,
    "enp3s0 TX": 122514936.0,
    "wlp2s0 RX": 0.0,
    "wlp2s0 TX": 0.0,
    "PDU power": 10.0
}