{
    "CPU temp": 64.0,
    "CPU load (/proc/stat)(1s)": 0.6345029239766082,
    "CPU power": 7.012372,
    "lo RX": 0.0,
    "lo TX": 0.0,
    "enp3s0 RX": 28168752.0,
    "enp3s0 TX": 121189616.0,
    "wlp2s0 RX": 0.0,
    "wlp2s0 TX": 0.0,
    "PDU power": 12.0
}