{
    "CPU temp": 64.0,
    "CPU load (/proc/stat)(1s)": 0.6340057636887608,
    "CPU power": 6.974774,
    "lo RX": 0.0,
    "lo TX": 0.0,
    "enp3s0 RX": 28625599.0,
    "enp3s0 TX": 121849608.0,
    "wlp2s0 RX": 0.0,
    "wlp2s0 TX": 0.0,
    "PDU power": 12.0
}