{
    "CPU temp": 65.0,
    "CPU load (/proc/stat)(1s)": 0.8433048433048433,
    "CPU power": 8.191019,
    "lo RX": 0.0,
    "lo TX": 0.0,
    "enp3s0 RX": 28690132.0,
    "enp3s0 TX": 121332814.0,
    "wlp2s0 RX": 0.0,
    "wlp2s0 TX": 0.0,
    "PDU power": 12.0
}