{
    "CPU temp": 65.0,
    "CPU load (/proc/stat)(1s)": 0.8314285714285714,
    "CPU power": 8.163432,
    "lo RX": 0.0,
    "lo TX": 0.0,
    "enp3s0 RX": 19012023.0,
    "enp3s0 TX": 122350144.0,
    "wlp2s0 RX": 0.0,
    "wlp2s0 TX": 0.0,
    "PDU power": 11.0
}