{
    "CPU temp": 66.0,
    "CPU load (/proc/stat)(1s)": 0.8498583569405099,
    "CPU power": 8.267313,
    "lo RX": 0.0,
    "lo TX": 0.0,
    "enp3s0 RX": 36024170.0,
    "enp3s0 TX": 120718504.0,
    "wlp2s0 RX": 0.0,
    "wlp2s0 TX": 0.0,
    "PDU power": 12.0
}