{
    "CPU temp": 67.0,
    "CPU load (/proc/stat)(1s)": 0.8497109826589595,
    "CPU power": 8.333536,
    "lo RX": 0.0,
    "lo TX": 0.0,
    "enp3s0 RX": 44550388.0,
    "enp3s0 TX": 120884380.0,
    "wlp2s0 RX": 0.0,
    "wlp2s0 TX": 0.0,
    "PDU power": 12.0
}