{
    "CPU temp": 67.0,
    "CPU load (/proc/stat)(1s)": 0.8530259365994236,
    "CPU power": 8.310892,
    "lo RX": 0.0,
    "lo TX": 0.0,
    "enp3s0 RX": 35006734.0,
    "enp3s0 TX": 122189270.0,
    "wlp2s0 RX": 0.0,
    "wlp2s0 TX": 0.0,
    "PDU power": 12.0
}