{
    "CPU temp": 67.0,
    "CPU load (/proc/stat)(1s)": 0.6081081081081081,
    "CPU power": 6.389815,
    "lo RX": 0.0,
    "lo TX": 0.0,
    "enp3s0 RX": 22547557.0,
    "enp3s0 TX": 68865409.0,
    "wlp2s0 RX": 0.0,
    "wlp2s0 TX": 0.0,
    "PDU power": 11.0
}