{
    "CPU temp": 67.0,
    "CPU load (/proc/stat)(1s)": 0.9269005847953217,
    "CPU power": 8.714395,
    "lo RX": 0.0,
    "lo TX": 0.0,
    "enp3s0 RX": 13983425.0,
    "enp3s0 TX": 121571090.0,
    "wlp2s0 RX": 0.0,
    "wlp2s0 TX": 0.0,
    "PDU power": 12.0
}