{
    "CPU temp": 67.0,
    "CPU load (/proc/stat)(1s)": 0.9346590909090909,
    "CPU power": 8.764503,
    "lo RX": 0.0,
    "lo TX": 0.0,
    "enp3s0 RX": 19545117.0,
    "enp3s0 TX": 121114010.0,
    "wlp2s0 RX": 0.0,
    "wlp2s0 TX": 0.0,
    "PDU power": 12.0
}