{
    "CPU temp": 68.0,
    "CPU load (/proc/stat)(1s)": 0.9318181818181818,
    "CPU power": 8.754677,
    "lo RX": 0.0,
    "lo TX": 0.0,
    "enp3s0 RX": 13720592.0,
    "enp3s0 TX": 121205722.0,
    "wlp2s0 RX": 0.0,
    "wlp2s0 TX": 0.0,
    "PDU power": 12.0
}