{
    "CPU temp": 68.0,
    "CPU load (/proc/stat)(1s)": 0.9314285714285714,
    "CPU power": 8.762978,
    "lo RX": 0.0,
    "lo TX": 0.0,
    "enp3s0 RX": 19813919.0,
    "enp3s0 TX": 121203658.0,
    "wlp2s0 RX": 0.0,
    "wlp2s0 TX": 0.0,
    "PDU power": 13.0
}