{
    "CPU temp": 67.0,
    "CPU load (/proc/stat)(1s)": 0.5872576177285319,
    "CPU power": 6.376448,
    "lo RX": 0.0,
    "lo TX": 0.0,
    "enp3s0 RX": 8422532.0,
    "enp3s0 TX": 72206715.0,
    "wlp2s0 RX": 0.0,
    "wlp2s0 TX": 0.0,
    "PDU power": 8.0
}