{
    "CPU temp": 66.0,
    "CPU load (/proc/stat)(1s)": 0.9212598425196851,
    "CPU power": 8.598916,
    "lo RX": 0.0,
    "lo TX": 0.0,
    "enp3s0 RX": 117125278.0,
    "enp3s0 TX": 102702.0,
    "wlp2s0 RX": 0.0,
    "wlp2s0 TX": 0.0,
    "PDU power": 13.0
}