{
    "CPU temp": 60.0,
    "CPU load (/proc/stat)(1s)": 0.6428571428571429,
    "CPU power": 6.853193,
    "lo RX": 0.0,
    "lo TX": 0.0,
    "enp3s0 RX": 119392714.0,
    "enp3s0 TX": 832900.0,
    "wlp2s0 RX": 0.0,
    "wlp2s0 TX": 0.0,
    "PDU power": 10.0
}