{
    "CPU temp": 65.0,
    "CPU load (/proc/stat)(1s)": 0.21301775147928995,
    "CPU power": 4.154286,
    "lo RX": 0.0,
    "lo TX": 0.0,
    "enp3s0 RX": 20179917.0,
    "enp3s0 TX": 122738372.0,
    "wlp2s0 RX": 0.0,
    "wlp2s0 TX": 0.0,
    "PDU power": 10.0
}