{
    "CPU temp": 63.0,
    "CPU load (/proc/stat)(1s)": 0.2514450867052023,
    "CPU power": 4.57323,
    "lo RX": 0.0,
    "lo TX": 0.0,
    "enp3s0 RX": 26586639.0,
    "enp3s0 TX": 120286596.0,
    "wlp2s0 RX": 0.0,
    "wlp2s0 TX": 0.0,
    "PDU power": 10.0
}