{
    "CPU temp": 63.0,
    "CPU load (/proc/stat)(1s)": 0.27380952380952384,
    "CPU power": 4.932666,
    "lo RX": 0.0,
    "lo TX": 0.0,
    "enp3s0 RX": 47041519.0,
    "enp3s0 TX": 121662752.0,
    "wlp2s0 RX": 0.0,
    "wlp2s0 TX": 0.0,
    "PDU power": 9.0
}