{
    "CPU temp": 62.0,
    "CPU load (/proc/stat)(1s)": 0.30383480825958703,
    "CPU power": 4.655628,
    "lo RX": 0.0,
    "lo TX": 0.0,
    "enp3s0 RX": 35220603.0,
    "enp3s0 TX": 121858124.0,
    "wlp2s0 RX": 0.0,
    "wlp2s0 TX": 0.0,
    "PDU power": 9.0
}