{
    "CPU temp": 62.0,
    "CPU load (/proc/stat)(1s)": 0.2789317507418398,
    "CPU power": 4.55315,
    "lo RX": 0.0,
    "lo TX": 0.0,
    "enp3s0 RX": 40934614.0,
    "enp3s0 TX": 120209502.0,
    "wlp2s0 RX": 0.0,
    "wlp2s0 TX": 0.0,
    "PDU power": 9.0
}