{
    "CPU temp": 60.0,
    "CPU load (/proc/stat)(1s)": 0.3448275862068966,
    "CPU power": 4.682728,
    "lo RX": 0.0,
    "lo TX": 0.0,
    "enp3s0 RX": 6898461.0,
    "enp3s0 TX": 54900636.0,
    "wlp2s0 RX": 0.0,
    "wlp2s0 TX": 0.0,
    "PDU power": 10.0
}