{
    "CPU temp": 61.0,
    "CPU load (/proc/stat)(1s)": 0.45507246376811594,
    "CPU power": 6.040329,
    "lo RX": 0.0,
    "lo TX": 0.0,
    "enp3s0 RX": 29534455.0,
    "enp3s0 TX": 120855384.0,
    "wlp2s0 RX": 0.0,
    "wlp2s0 TX": 0.0,
    "PDU power": 9.0
}