{
    "CPU temp": 62.0,
    "CPU load (/proc/stat)(1s)": 0.5131964809384164,
    "CPU power": 6.505233,
    "lo RX": 0.0,
    "lo TX": 0.0,
    "enp3s0 RX": 50228768.0,
    "enp3s0 TX": 122606874.0,
    "wlp2s0 RX": 0.0,
    "wlp2s0 TX": 0.0,
    "PDU power": 10.0
}