{
    "CPU temp": 62.0,
    "CPU load (/proc/stat)(1s)": 0.5103244837758112,
    "CPU power": 6.429366,
    "lo RX": 0.0,
    "lo TX": 0.0,
    "enp3s0 RX": 46355196.0,
    "enp3s0 TX": 122250806.0,
    "wlp2s0 RX": 0.0,
    "wlp2s0 TX": 0.0,
    "PDU power": 10.0
}