{
    "CPU temp": 61.0,
    "CPU load (/proc/stat)(1s)": 0.6311239193083573,
    "CPU power": 7.007001,
    "lo RX": 0.0,
    "lo TX": 0.0,
    "enp3s0 RX": 2177862.0,
    "enp3s0 TX": 122977994.0,
    "wlp2s0 RX": 0.0,
    "wlp2s0 TX": 0.0,
    "PDU power": 11.0
}