{
    "CPU temp": 63.0,
    "CPU load (/proc/stat)(1s)": 0.3462603878116344,
    "CPU power": 4.897082,
    "lo RX": 0.0,
    "lo TX": 0.0,
    "enp3s0 RX": 20863887.0,
    "enp3s0 TX": 76605597.0,
    "wlp2s0 RX": 0.0,
    "wlp2s0 TX": 0.0,
    "PDU power": 11.0
}