{
    "CPU temp": 63.0,
    "CPU load (/proc/stat)(1s)": 0.652046783625731,
    "CPU power": 7.242535,
    "lo RX": 0.0,
    "lo TX": 0.0,
    "enp3s0 RX": 41955504.0,
    "enp3s0 TX": 122224838.0,
    "wlp2s0 RX": 0.0,
    "wlp2s0 TX": 0.0,
    "PDU power": 11.0
}