{
    "CPU temp": 64.0,
    "CPU load (/proc/stat)(1s)": 0.6647058823529411,
    "CPU power": 7.210308,
    "lo RX": 0.0,
    "lo TX": 0.0,
    "enp3s0 RX": 18984499.0,
    "enp3s0 TX": 122366164.0,
    "wlp2s0 RX": 0.0,
    "wlp2s0 TX": 0.0,
    "PDU power": 12.0
}