{
    "CPU temp": 65.0,
    "CPU load (/proc/stat)(1s)": 0.6579710144927536,
    "CPU power": 7.130475,
    "lo RX": 0.0,
    "lo TX": 0.0,
    "enp3s0 RX": 45293003.0,
    "enp3s0 TX": 121141268.0,
    "wlp2s0 RX": 0.0,
    "wlp2s0 TX": 0.0,
    "PDU power": 10.0
}