{
    "CPU temp": 65.0,
    "CPU load (/proc/stat)(1s)": 0.6512968299711815,
    "CPU power": 7.200299,
    "lo RX": 0.0,
    "lo TX": 0.0,
    "enp3s0 RX": 34559276.0,
    "enp3s0 TX": 122512030.0,
    "wlp2s0 RX": 0.0,
    "wlp2s0 TX": 0.0,
    "PDU power": 11.0
}