{
    "CPU temp": 65.0,
    "CPU load (/proc/stat)(1s)": 0.6406685236768802,
    "CPU power": 6.754927,
    "lo RX": 0.0,
    "lo TX": 0.0,
    "enp3s0 RX": 24822475.0,
    "enp3s0 TX": 85776414.0,
    "wlp2s0 RX": 0.0,
    "wlp2s0 TX": 0.0,
    "PDU power": 12.0
}