{
    "CPU temp": 61.0,
    "CPU load (/proc/stat)(1s)": 0.02666666666666667,
    "CPU power": 2.656731,
    "lo RX": 0.0,
    "lo TX": 0.0,
    "enp3s0 RX": 122425052.0,
    "enp3s0 TX": 113986.0,
    "wlp2s0 RX": 0.0,
    "wlp2s0 TX": 0.0,
    "PDU power": 8.0
}