{
    "CPU temp": 66.0,
    "CPU load (/proc/stat)(1s)": 0.8439306358381503,
    "CPU power": 8.271341,
    "lo RX": 0.0,
    "lo TX": 0.0,
    "enp3s0 RX": 27776490.0,
    "enp3s0 TX": 121627702.0,
    "wlp2s0 RX": 0.0,
    "wlp2s0 TX": 0.0,
    "PDU power": 11.0
}