{
    "CPU temp": 67.0,
    "CPU load (/proc/stat)(1s)": 0.8352601156069365,
    "CPU power": 8.189493,
    "lo RX": 0.0,
    "lo TX": 0.0,
    "enp3s0 RX": 24776054.0,
    "enp3s0 TX": 121325014.0,
    "wlp2s0 RX": 0.0,
    "wlp2s0 TX": 0.0,
    "PDU power": 10.0
}