{
    "CPU temp": 67.0,
    "CPU load (/proc/stat)(1s)": 0.9475218658892128,
    "CPU power": 8.864846,
    "lo RX": 0.0,
    "lo TX": 0.0,
    "enp3s0 RX": 39440124.0,
    "enp3s0 TX": 121012528.0,
    "wlp2s0 RX": 0.0,
    "wlp2s0 TX": 0.0,
    "PDU power": 11.0
}