{
    "CPU temp": 68.0,
    "CPU load (/proc/stat)(1s)": 0.9455587392550143,
    "CPU power": 8.866555,
    "lo RX": 0.0,
    "lo TX": 0.0,
    "enp3s0 RX": 34228760.0,
    "enp3s0 TX": 118931140.0,
    "wlp2s0 RX": 0.0,
    "wlp2s0 TX": 0.0,
    "PDU power": 13.0
}