{
    "CPU temp": 68.0,
    "CPU load (/proc/stat)(1s)": 0.9478260869565217,
    "CPU power": 8.908363,
    "lo RX": 0.0,
    "lo TX": 0.0,
    "enp3s0 RX": 42842008.0,
    "enp3s0 TX": 121886098.0,
    "wlp2s0 RX": 0.0,
    "wlp2s0 TX": 0.0,
    "PDU power": 13.0
}