{
    "CPU temp": 68.0,
    "CPU load (/proc/stat)(1s)": 0.9457142857142857,
    "CPU power": 8.847268,
    "lo RX": 0.0,
    "lo TX": 0.0,
    "enp3s0 RX": 26403713.0,
    "enp3s0 TX": 121863842.0,
    "wlp2s0 RX": 0.0,
    "wlp2s0 TX": 0.0,
    "PDU power": 12.0
}