{
    "CPU temp": 65.0,
    "CPU load (/proc/stat)(1s)": 0.22713864306784662,
    "CPU power": 4.539784,
    "lo RX": 0.0,
    "lo TX": 0.0,
    "enp3s0 RX": 29583628.0,
    "enp3s0 TX": 121146512.0,
    "wlp2s0 RX": 0.0,
    "wlp2s0 TX": 0.0,
    "PDU power": 9.0
}