{
    "CPU temp": 64.0,
    "CPU load (/proc/stat)(1s)": 0.24188790560471976,
    "CPU power": 4.717395,
    "lo RX": 0.0,
    "lo TX": 0.0,
    "enp3s0 RX": 32143191.0,
    "enp3s0 TX": 121774894.0,
    "wlp2s0 RX": 0.0,
    "wlp2s0 TX": 0.0,
    "PDU power": 8.0
}