{
    "CPU temp": 63.0,
    "CPU load (/proc/stat)(1s)": 0.24024024024024024,
    "CPU power": 4.576709,
    "lo RX": 0.0,
    "lo TX": 0.0,
    "enp3s0 RX": 33644705.0,
    "enp3s0 TX": 121715748.0,
    "wlp2s0 RX": 0.0,
    "wlp2s0 TX": 0.0,
    "PDU power": 9.0
}