{
    "CPU temp": 62.0,
    "CPU load (/proc/stat)(1s)": 0.28106508875739644,
    "CPU power": 5.072924,
    "lo RX": 0.0,
    "lo TX": 0.0,
    "enp3s0 RX": 34349659.0,
    "enp3s0 TX": 120724832.0,
    "wlp2s0 RX": 0.0,
    "wlp2s0 TX": 0.0,
    "PDU power": 9.0
}