{
    "CPU temp": 61.0,
    "CPU load (/proc/stat)(1s)": 0.2237960339943343,
    "CPU power": 4.351002,
    "lo RX": 0.0,
    "lo TX": 0.0,
    "enp3s0 RX": 21545227.0,
    "enp3s0 TX": 97944209.0,
    "wlp2s0 RX": 0.0,
    "wlp2s0 TX": 0.0,
    "PDU power": 9.0
}