{
    "CPU temp": 62.0,
    "CPU load (/proc/stat)(1s)": 0.5350877192982456,
    "CPU power": 6.599837,
    "lo RX": 0.0,
    "lo TX": 0.0,
    "enp3s0 RX": 46558338.0,
    "enp3s0 TX": 122474690.0,
    "wlp2s0 RX": 0.0,
    "wlp2s0 TX": 0.0,
    "PDU power": 10.0
}