{
    "CPU temp": 63.0,
    "CPU load (/proc/stat)(1s)": 0.471976401179941,
    "CPU power": 6.139754,
    "lo RX": 0.0,
    "lo TX": 0.0,
    "enp3s0 RX": 27473829.0,
    "enp3s0 TX": 122074520.0,
    "wlp2s0 RX": 0.0,
    "wlp2s0 TX": 0.0,
    "PDU power": 10.0
}