{
    "CPU temp": 63.0,
    "CPU load (/proc/stat)(1s)": 0.49258160237388726,
    "CPU power": 6.34764,
    "lo RX": 0.0,
    "lo TX": 0.0,
    "enp3s0 RX": 41992794.0,
    "enp3s0 TX": 122842874.0,
    "wlp2s0 RX": 0.0,
    "wlp2s0 TX": 0.0,
    "PDU power": 9.0
}