{
    "CPU temp": 63.0,
    "CPU load (/proc/stat)(1s)": 0.47774480712166173,
    "CPU power": 6.237472,
    "lo RX": 0.0,
    "lo TX": 0.0,
    "enp3s0 RX": 33702152.0,
    "enp3s0 TX": 120812890.0,
    "wlp2s0 RX": 0.0,
    "wlp2s0 TX": 0.0,
    "PDU power": 10.0
}