{
    "CPU temp": 63.0,
    "CPU load (/proc/stat)(1s)": 0.4970588235294118,
    "CPU power": 6.374434,
    "lo RX": 0.0,
    "lo TX": 0.0,
    "enp3s0 RX": 35367064.0,
    "enp3s0 TX": 121680560.0,
    "wlp2s0 RX": 0.0,
    "wlp2s0 TX": 0.0,
    "PDU power": 10.0
}