{
    "CPU temp": 62.0,
    "CPU load (/proc/stat)(1s)": 0.3182957393483709,
    "CPU power": 4.146168,
    "lo RX": 0.0,
    "lo TX": 0.0,
    "enp3s0 RX": 3977.0,
    "enp3s0 TX": 3071.0,
    "wlp2s0 RX": 0.0,
    "wlp2s0 TX": 0.0,
    "PDU power": 7.0
}