{
    "CPU temp": 63.0,
    "CPU load (/proc/stat)(1s)": 0.6498516320474778,
    "CPU power": 7.200482,
    "lo RX": 0.0,
    "lo TX": 0.0,
    "enp3s0 RX": 39029383.0,
    "enp3s0 TX": 120898700.0,
    "wlp2s0 RX": 0.0,
    "wlp2s0 TX": 0.0,
    "PDU power": 12.0
}