{
    "CPU temp": 64.0,
    "CPU load (/proc/stat)(1s)": 0.6934523809523809,
    "CPU power": 7.52293,
    "lo RX": 0.0,
    "lo TX": 0.0,
    "enp3s0 RX": 45439162.0,
    "enp3s0 TX": 121169074.0,
    "wlp2s0 RX": 0.0,
    "wlp2s0 TX": 0.0,
    "PDU power": 11.0
}