{
    "CPU temp": 65.0,
    "CPU load (/proc/stat)(1s)": 0.6432748538011696,
    "CPU power": 7.159955,
    "lo RX": 0.0,
    "lo TX": 0.0,
    "enp3s0 RX": 34163026.0,
    "enp3s0 TX": 120448456.0,
    "wlp2s0 RX": 0.0,
    "wlp2s0 TX": 0.0,
    "PDU power": 11.0
}