{
    "CPU temp": 65.0,
    "CPU load (/proc/stat)(1s)": 0.6384839650145773,
    "CPU power": 7.191266,
    "lo RX": 0.0,
    "lo TX": 0.0,
    "enp3s0 RX": 35578173.0,
    "enp3s0 TX": 121971216.0,
    "wlp2s0 RX": 0.0,
    "wlp2s0 TX": 0.0,
    "PDU power": 9.0
}