{
    "CPU temp": 61.0,
    "CPU load (/proc/stat)(1s)": 0.6495726495726496,
    "CPU power": 7.13139,
    "lo RX": 0.0,
    "lo TX": 0.0,
    "enp3s0 RX": 2067978.0,
    "enp3s0 TX": 121881912.0,
    "wlp2s0 RX": 0.0,
    "wlp2s0 TX": 0.0,
    "PDU power": 11.0
}