{
    "CPU temp": 65.0,
    "CPU load (/proc/stat)(1s)": 0.8625730994152047,
    "CPU power": 8.353495,
    "lo RX": 0.0,
    "lo TX": 0.0,
    "enp3s0 RX": 29139648.0,
    "enp3s0 TX": 123065164.0,
    "wlp2s0 RX": 0.0,
    "wlp2s0 TX": 0.0,
    "PDU power": 11.0
}