{
    "CPU temp": 66.0,
    "CPU load (/proc/stat)(1s)": 0.8362573099415205,
    "CPU power": 8.27128,
    "lo RX": 0.0,
    "lo TX": 0.0,
    "enp3s0 RX": 29955652.0,
    "enp3s0 TX": 120400858.0,
    "wlp2s0 RX": 0.0,
    "wlp2s0 TX": 0.0,
    "PDU power": 11.0
}