{
    "CPU temp": 67.0,
    "CPU load (/proc/stat)(1s)": 0.8387096774193549,
    "CPU power": 8.312296,
    "lo RX": 0.0,
    "lo TX": 0.0,
    "enp3s0 RX": 40452121.0,
    "enp3s0 TX": 122263642.0,
    "wlp2s0 RX": 0.0,
    "wlp2s0 TX": 0.0,
    "PDU power": 12.0
}