{
    "CPU temp": 68.0,
    "CPU load (/proc/stat)(1s)": 0.9444444444444444,
    "CPU power": 8.88218,
    "lo RX": 0.0,
    "lo TX": 0.0,
    "enp3s0 RX": 36138661.0,
    "enp3s0 TX": 121268948.0,
    "wlp2s0 RX": 0.0,
    "wlp2s0 TX": 0.0,
    "PDU power": 12.0
}