{
    "CPU temp": 68.0,
    "CPU load (/proc/stat)(1s)": 0.9420289855072463,
    "CPU power": 8.860329,
    "lo RX": 0.0,
    "lo TX": 0.0,
    "enp3s0 RX": 30666433.0,
    "enp3s0 TX": 121518300.0,
    "wlp2s0 RX": 0.0,
    "wlp2s0 TX": 0.0,
    "PDU power": 13.0
}