{
    "CPU temp": 56.0,
    "CPU load (/proc/stat)(1s)": 0.015915119363395226,
    "CPU power": 2.446588,
    "lo RX": 0.0,
    "lo TX": 0.0,
    "enp3s0 RX": 122248750.0,
    "enp3s0 TX": 108318.0,
    "wlp2s0 RX": 0.0,
    "wlp2s0 TX": 0.0,
    "PDU power": 7.0
}