{
    "CPU temp": 56.0,
    "CPU load (/proc/stat)(1s)": 0.023809523809523808,
    "CPU power": 2.52868,
    "lo RX": 0.0,
    "lo TX": 0.0,
    "enp3s0 RX": 122390649.0,
    "enp3s0 TX": 107992.0,
    "wlp2s0 RX": 0.0,
    "wlp2s0 TX": 0.0,
    "PDU power": 7.0
}