{
    "CPU temp": 68.0,
    "CPU load (/proc/stat)(1s)": 0.9473684210526315,
    "CPU power": 8.898781,
    "lo RX": 0.0,
    "lo TX": 0.0,
    "enp3s0 RX": 34865799.0,
    "enp3s0 TX": 122162088.0,
    "wlp2s0 RX": 0.0,
    "wlp2s0 TX": 0.0,
    "PDU power": 13.0
}