{
    "CPU temp": 66.0,
    "CPU load (/proc/stat)(1s)": 0.26956521739130435,
    "CPU power": 4.682666,
    "lo RX": 0.0,
    "lo TX": 0.0,
    "enp3s0 RX": 35938930.0,
    "enp3s0 TX": 107773496.0,
    "wlp2s0 RX": 0.0,
    "wlp2s0 TX": 0.0,
    "PDU power": 10.0
}