{
    "CPU temp": 65.0,
    "CPU load (/proc/stat)(1s)": 0.254601226993865,
    "CPU power": 4.119008,
    "lo RX": 0.0,
    "lo TX": 0.0,
    "enp3s0 RX": 31742228.0,
    "enp3s0 TX": 121562288.0,
    "wlp2s0 RX": 0.0,
    "wlp2s0 TX": 0.0,
    "PDU power": 10.0
}