{
    "CPU temp": 64.0,
    "CPU load (/proc/stat)(1s)": 0.2619047619047619,
    "CPU power": 4.771045,
    "lo RX": 0.0,
    "lo TX": 0.0,
    "enp3s0 RX": 37817431.0,
    "enp3s0 TX": 121310222.0,
    "wlp2s0 RX": 0.0,
    "wlp2s0 TX": 0.0,
    "PDU power": 10.0
}