{
    "CPU temp": 63.0,
    "CPU load (/proc/stat)(1s)": 0.31845238095238093,
    "CPU power": 5.178393,
    "lo RX": 0.0,
    "lo TX": 0.0,
    "enp3s0 RX": 41444766.0,
    "enp3s0 TX": 122006430.0,
    "wlp2s0 RX": 0.0,
    "wlp2s0 TX": 0.0,
    "PDU power": 9.0
}