{
    "CPU temp": 62.0,
    "CPU load (/proc/stat)(1s)": 0.25513196480938416,
    "CPU power": 4.640674,
    "lo RX": 0.0,
    "lo TX": 0.0,
    "enp3s0 RX": 27193694.0,
    "enp3s0 TX": 122492766.0,
    "wlp2s0 RX": 0.0,
    "wlp2s0 TX": 0.0,
    "PDU power": 9.0
}