{
    "CPU temp": 62.0,
    "CPU load (/proc/stat)(1s)": 0.3770491803278688,
    "CPU power": 4.928637,
    "lo RX": 0.0,
    "lo TX": 0.0,
    "enp3s0 RX": 26326464.0,
    "enp3s0 TX": 67662871.0,
    "wlp2s0 RX": 0.0,
    "wlp2s0 TX": 0.0,
    "PDU power": 11.0
}