{
    "CPU temp": 55.0,
    "CPU load (/proc/stat)(1s)": 0.1409921671018277,
    "CPU power": 3.179862,
    "lo RX": 0.0,
    "lo TX": 0.0,
    "enp3s0 RX": 102599705.0,
    "enp3s0 TX": 94052.0,
    "wlp2s0 RX": 0.0,
    "wlp2s0 TX": 0.0,
    "PDU power": 9.0
}