{
    "CPU temp": 55.0,
    "CPU load (/proc/stat)(1s)": 0.032171581769437,
    "CPU power": 2.700188,
    "lo RX": 0.0,
    "lo TX": 0.0,
    "enp3s0 RX": 110715347.0,
    "enp3s0 TX": 11737764.0,
    "wlp2s0 RX": 0.0,
    "wlp2s0 TX": 0.0,
    "PDU power": 8.0
}