{
    "CPU temp": 60.0,
    "CPU load (/proc/stat)(1s)": 0.255050505050505,
    "CPU power": 3.69634,
    "lo RX": 0.0,
    "lo TX": 0.0,
    "enp3s0 RX": 3359288.0,
    "enp3s0 TX": 9028.0,
    "wlp2s0 RX": 0.0,
    "wlp2s0 TX": 0.0,
    "PDU power": 9.0
}