{
    "CPU temp": 63.0,
    "CPU load (/proc/stat)(1s)": 0.47761194029850745,
    "CPU power": 6.284102,
    "lo RX": 0.0,
    "lo TX": 0.0,
    "enp3s0 RX": 44935831.0,
    "enp3s0 TX": 120006340.0,
    "wlp2s0 RX": 0.0,
    "wlp2s0 TX": 0.0,
    "PDU power": 11.0
}