{
    "CPU temp": 63.0,
    "CPU load (/proc/stat)(1s)": 0.48823529411764705,
    "CPU power": 6.366317,
    "lo RX": 0.0,
    "lo TX": 0.0,
    "enp3s0 RX": 42058687.0,
    "enp3s0 TX": 122120928.0,
    "wlp2s0 RX": 0.0,
    "wlp2s0 TX": 0.0,
    "PDU power": 10.0
}