{
    "CPU temp": 63.0,
    "CPU load (/proc/stat)(1s)": 0.5120481927710844,
    "CPU power": 6.537703,
    "lo RX": 0.0,
    "lo TX": 0.0,
    "enp3s0 RX": 38461553.0,
    "enp3s0 TX": 122095178.0,
    "wlp2s0 RX": 0.0,
    "wlp2s0 TX": 0.0,
    "PDU power": 10.0
}