{
    "CPU temp": 63.0,
    "CPU load (/proc/stat)(1s)": 0.5162241887905604,
    "CPU power": 6.459944,
    "lo RX": 0.0,
    "lo TX": 0.0,
    "enp3s0 RX": 39532338.0,
    "enp3s0 TX": 116903874.0,
    "wlp2s0 RX": 0.0,
    "wlp2s0 TX": 0.0,
    "PDU power": 11.0
}