{
    "CPU temp": 64.0,
    "CPU load (/proc/stat)(1s)": 0.6607669616519174,
    "CPU power": 7.234539,
    "lo RX": 0.0,
    "lo TX": 0.0,
    "enp3s0 RX": 32800923.0,
    "enp3s0 TX": 121124684.0,
    "wlp2s0 RX": 0.0,
    "wlp2s0 TX": 0.0,
    "PDU power": 11.0
}