{
    "CPU temp": 64.0,
    "CPU load (/proc/stat)(1s)": 0.7105263157894737,
    "CPU power": 7.681804,
    "lo RX": 0.0,
    "lo TX": 0.0,
    "enp3s0 RX": 40355607.0,
    "enp3s0 TX": 122655246.0,
    "wlp2s0 RX": 0.0,
    "wlp2s0 TX": 0.0,
    "PDU power": 11.0
}