{
    "CPU temp": 65.0,
    "CPU load (/proc/stat)(1s)": 0.658753709198813,
    "CPU power": 7.274151,
    "lo RX": 0.0,
    "lo TX": 0.0,
    "enp3s0 RX": 36034329.0,
    "enp3s0 TX": 122580448.0,
    "wlp2s0 RX": 0.0,
    "wlp2s0 TX": 0.0,
    "PDU power": 11.0
}