{
    "CPU temp": 65.0,
    "CPU load (/proc/stat)(1s)": 0.6488095238095238,
    "CPU power": 7.188031,
    "lo RX": 0.0,
    "lo TX": 0.0,
    "enp3s0 RX": 39691809.0,
    "enp3s0 TX": 122108154.0,
    "wlp2s0 RX": 0.0,
    "wlp2s0 TX": 0.0,
    "PDU power": 11.0
}