{
    "CPU temp": 65.0,
    "CPU load (/proc/stat)(1s)": 0.6646884272997032,
    "CPU power": 7.395428,
    "lo RX": 0.0,
    "lo TX": 0.0,
    "enp3s0 RX": 38311299.0,
    "enp3s0 TX": 122841184.0,
    "wlp2s0 RX": 0.0,
    "wlp2s0 TX": 0.0,
    "PDU power": 11.0
}