{
    "CPU temp": 60.0,
    "CPU load (/proc/stat)(1s)": 0.6174142480211082,
    "CPU power": 6.653669,
    "lo RX": 0.0,
    "lo TX": 0.0,
    "enp3s0 RX": 119707926.0,
    "enp3s0 TX": 105618.0,
    "wlp2s0 RX": 0.0,
    "wlp2s0 TX": 0.0,
    "PDU power": 11.0
}