{
    "CPU temp": 61.0,
    "CPU load (/proc/stat)(1s)": 0.8328912466843501,
    "CPU power": 7.996866,
    "lo RX": 0.0,
    "lo TX": 0.0,
    "enp3s0 RX": 122367967.0,
    "enp3s0 TX": 107104.0,
    "wlp2s0 RX": 0.0,
    "wlp2s0 TX": 0.0,
    "PDU power": 12.0
}