{
    "CPU temp": 55.0,
    "CPU load (/proc/stat)(1s)": 0.01744186046511628,
    "CPU power": 3.101066,
    "lo RX": 0.0,
    "lo TX": 0.0,
    "enp3s0 RX": 2222868.0,
    "enp3s0 TX": 122358990.0,
    "wlp2s0 RX": 0.0,
    "wlp2s0 TX": 0.0,
    "PDU power": 8.0
}