{
    "CPU temp": 65.0,
    "CPU load (/proc/stat)(1s)": 0.6538461538461539,
    "CPU power": 7.316693,
    "lo RX": 0.0,
    "lo TX": 0.0,
    "enp3s0 RX": 40878636.0,
    "enp3s0 TX": 121219526.0,
    "wlp2s0 RX": 0.0,
    "wlp2s0 TX": 0.0,
    "PDU power": 10.0
}