{
    "CPU temp": 64.0,
    "CPU load (/proc/stat)(1s)": 0.35658914728682173,
    "CPU power": 4.729542,
    "lo RX": 0.0,
    "lo TX": 0.0,
    "enp3s0 RX": 8650020.0,
    "enp3s0 TX": 23336920.0,
    "wlp2s0 RX": 0.0,
    "wlp2s0 TX": 0.0,
    "PDU power": 10.0
}