{
    "CPU temp": 65.0,
    "CPU load (/proc/stat)(1s)": 0.8497109826589595,
    "CPU power": 8.31077,
    "lo RX": 0.0,
    "lo TX": 0.0,
    "enp3s0 RX": 29174507.0,
    "enp3s0 TX": 122440498.0,
    "wlp2s0 RX": 0.0,
    "wlp2s0 TX": 0.0,
    "PDU power": 12.0
}