{
    "CPU temp": 66.0,
    "CPU load (/proc/stat)(1s)": 0.8504398826979472,
    "CPU power": 8.339945,
    "lo RX": 0.0,
    "lo TX": 0.0,
    "enp3s0 RX": 33830133.0,
    "enp3s0 TX": 121273414.0,
    "wlp2s0 RX": 0.0,
    "wlp2s0 TX": 0.0,
    "PDU power": 12.0
}