{
    "CPU temp": 67.0,
    "CPU load (/proc/stat)(1s)": 0.8571428571428571,
    "CPU power": 8.399453,
    "lo RX": 0.0,
    "lo TX": 0.0,
    "enp3s0 RX": 37649417.0,
    "enp3s0 TX": 122331010.0,
    "wlp2s0 RX": 0.0,
    "wlp2s0 TX": 0.0,
    "PDU power": 12.0
}