{
    "CPU temp": 67.0,
    "CPU load (/proc/stat)(1s)": 0.8672566371681416,
    "CPU power": 8.449686,
    "lo RX": 0.0,
    "lo TX": 0.0,
    "enp3s0 RX": 41472073.0,
    "enp3s0 TX": 122192192.0,
    "wlp2s0 RX": 0.0,
    "wlp2s0 TX": 0.0,
    "PDU power": 12.0
}