{
    "CPU temp": 67.0,
    "CPU load (/proc/stat)(1s)": 0.849112426035503,
    "CPU power": 8.344889,
    "lo RX": 0.0,
    "lo TX": 0.0,
    "enp3s0 RX": 35189828.0,
    "enp3s0 TX": 122288296.0,
    "wlp2s0 RX": 0.0,
    "wlp2s0 TX": 0.0,
    "PDU power": 11.0
}