{
    "CPU temp": 67.0,
    "CPU load (/proc/stat)(1s)": 0.9501466275659824,
    "CPU power": 8.913369,
    "lo RX": 0.0,
    "lo TX": 0.0,
    "enp3s0 RX": 40018785.0,
    "enp3s0 TX": 121573302.0,
    "wlp2s0 RX": 0.0,
    "wlp2s0 TX": 0.0,
    "PDU power": 12.0
}