{
    "CPU temp": 68.0,
    "CPU load (/proc/stat)(1s)": 0.9624277456647399,
    "CPU power": 9.015052,
    "lo RX": 0.0,
    "lo TX": 0.0,
    "enp3s0 RX": 53097650.0,
    "enp3s0 TX": 121764758.0,
    "wlp2s0 RX": 0.0,
    "wlp2s0 TX": 0.0,
    "PDU power": 12.0
}