{
    "CPU temp": 68.0,
    "CPU load (/proc/stat)(1s)": 0.9558823529411765,
    "CPU power": 8.972145,
    "lo RX": 0.0,
    "lo TX": 0.0,
    "enp3s0 RX": 37998947.0,
    "enp3s0 TX": 123074972.0,
    "wlp2s0 RX": 0.0,
    "wlp2s0 TX": 0.0,
    "PDU power": 11.0
}