{
    "CPU temp": 55.0,
    "CPU load (/proc/stat)(1s)": 0.1099476439790576,
    "CPU power": 3.00811,
    "lo RX": 0.0,
    "lo TX": 0.0,
    "enp3s0 RX": 121890707.0,
    "enp3s0 TX": 107670.0,
    "wlp2s0 RX": 0.0,
    "wlp2s0 TX": 0.0,
    "PDU power": 7.0
}