{
    "CPU temp": 68.0,
    "CPU load (/proc/stat)(1s)": 0.9528023598820059,
    "CPU power": 8.957191,
    "lo RX": 0.0,
    "lo TX": 0.0,
    "enp3s0 RX": 39561956.0,
    "enp3s0 TX": 121609562.0,
    "wlp2s0 RX": 0.0,
    "wlp2s0 TX": 0.0,
    "PDU power": 11.0
}