{
    "CPU temp": 68.0,
    "CPU load (/proc/stat)(1s)": 0.9470588235294117,
    "CPU power": 8.93766,
    "lo RX": 0.0,
    "lo TX": 0.0,
    "enp3s0 RX": 34345840.0,
    "enp3s0 TX": 121141262.0,
    "wlp2s0 RX": 0.0,
    "wlp2s0 TX": 0.0,
    "PDU power": 13.0
}