{
    "CPU temp": 69.0,
    "CPU load (/proc/stat)(1s)": 0.9536231884057971,
    "CPU power": 8.906044,
    "lo RX": 0.0,
    "lo TX": 0.0,
    "enp3s0 RX": 33578877.0,
    "enp3s0 TX": 121496708.0,
    "wlp2s0 RX": 0.0,
    "wlp2s0 TX": 0.0,
    "PDU power": 13.0
}