{
    "CPU temp": 67.0,
    "CPU load (/proc/stat)(1s)": 0.6256830601092896,
    "CPU power": 6.535018,
    "lo RX": 0.0,
    "lo TX": 0.0,
    "enp3s0 RX": 1343137.0,
    "enp3s0 TX": 72190625.0,
    "wlp2s0 RX": 0.0,
    "wlp2s0 TX": 0.0,
    "PDU power": 10.0
}