{
    "CPU temp": 66.0,
    "CPU load (/proc/stat)(1s)": 0.2964071856287425,
    "CPU power": 4.906787,
    "lo RX": 0.0,
    "lo TX": 0.0,
    "enp3s0 RX": 37661425.0,
    "enp3s0 TX": 122810370.0,
    "wlp2s0 RX": 0.0,
    "wlp2s0 TX": 0.0,
    "PDU power": 9.0
}