{
    "CPU temp": 65.0,
    "CPU load (/proc/stat)(1s)": 0.24397590361445784,
    "CPU power": 4.850695,
    "lo RX": 0.0,
    "lo TX": 0.0,
    "enp3s0 RX": 36429450.0,
    "enp3s0 TX": 121832914.0,
    "wlp2s0 RX": 0.0,
    "wlp2s0 TX": 0.0,
    "PDU power": 10.0
}