{
    "CPU temp": 64.0,
    "CPU load (/proc/stat)(1s)": 0.30513595166163143,
    "CPU power": 4.899157,
    "lo RX": 0.0,
    "lo TX": 0.0,
    "enp3s0 RX": 37662600.0,
    "enp3s0 TX": 122734038.0,
    "wlp2s0 RX": 0.0,
    "wlp2s0 TX": 0.0,
    "PDU power": 10.0
}