{
    "CPU temp": 62.0,
    "CPU load (/proc/stat)(1s)": 0.2865671641791045,
    "CPU power": 5.074633,
    "lo RX": 0.0,
    "lo TX": 0.0,
    "enp3s0 RX": 37297985.0,
    "enp3s0 TX": 121882892.0,
    "wlp2s0 RX": 0.0,
    "wlp2s0 TX": 0.0,
    "PDU power": 10.0
}