{
    "CPU temp": 62.0,
    "CPU load (/proc/stat)(1s)": 0.29393939393939394,
    "CPU power": 5.244371,
    "lo RX": 0.0,
    "lo TX": 0.0,
    "enp3s0 RX": 42643096.0,
    "enp3s0 TX": 120326224.0,
    "wlp2s0 RX": 0.0,
    "wlp2s0 TX": 0.0,
    "PDU power": 10.0
}