{
    "CPU temp": 63.0,
    "CPU load (/proc/stat)(1s)": 0.8337730870712401,
    "CPU power": 8.093669,
    "lo RX": 0.0,
    "lo TX": 0.0,
    "enp3s0 RX": 117489227.0,
    "enp3s0 TX": 142932.0,
    "wlp2s0 RX": 0.0,
    "wlp2s0 TX": 0.0,
    "PDU power": 11.0
}