{
    "CPU temp": 62.0,
    "CPU load (/proc/stat)(1s)": 0.4868035190615836,
    "CPU power": 6.247116,
    "lo RX": 0.0,
    "lo TX": 0.0,
    "enp3s0 RX": 27343003.0,
    "enp3s0 TX": 121935356.0,
    "wlp2s0 RX": 0.0,
    "wlp2s0 TX": 0.0,
    "PDU power": 11.0
}