{
    "CPU temp": 63.0,
    "CPU load (/proc/stat)(1s)": 0.48348348348348347,
    "CPU power": 6.354232,
    "lo RX": 0.0,
    "lo TX": 0.0,
    "enp3s0 RX": 40334681.0,
    "enp3s0 TX": 122067922.0,
    "wlp2s0 RX": 0.0,
    "wlp2s0 TX": 0.0,
    "PDU power": 10.0
}