{
    "CPU temp": 65.0,
    "CPU load (/proc/stat)(1s)": 0.7108433734939759,
    "CPU power": 7.677837,
    "lo RX": 0.0,
    "lo TX": 0.0,
    "enp3s0 RX": 53051970.0,
    "enp3s0 TX": 122473090.0,
    "wlp2s0 RX": 0.0,
    "wlp2s0 TX": 0.0,
    "PDU power": 12.0
}