{
    "CPU temp": 66.0,
    "CPU load (/proc/stat)(1s)": 0.6666666666666666,
    "CPU power": 7.317364,
    "lo RX": 0.0,
    "lo TX": 0.0,
    "enp3s0 RX": 38538824.0,
    "enp3s0 TX": 121430010.0,
    "wlp2s0 RX": 0.0,
    "wlp2s0 TX": 0.0,
    "PDU power": 12.0
}