{
    "CPU temp": 66.0,
    "CPU load (/proc/stat)(1s)": 0.6656891495601173,
    "CPU power": 7.304364,
    "lo RX": 0.0,
    "lo TX": 0.0,
    "enp3s0 RX": 39790905.0,
    "enp3s0 TX": 120729390.0,
    "wlp2s0 RX": 0.0,
    "wlp2s0 TX": 0.0,
    "PDU power": 10.0
}