{
    "CPU temp": 65.0,
    "CPU load (/proc/stat)(1s)": 0.4796954314720812,
    "CPU power": 5.331102,
    "lo RX": 0.0,
    "lo TX": 0.0,
    "enp3s0 RX": 5705654.0,
    "enp3s0 TX": 5554379.0,
    "wlp2s0 RX": 0.0,
    "wlp2s0 TX": 0.0,
    "PDU power": 12.0
}