{
    "CPU temp": 66.0,
    "CPU load (/proc/stat)(1s)": 0.8475073313782991,
    "CPU power": 8.306803,
    "lo RX": 0.0,
    "lo TX": 0.0,
    "enp3s0 RX": 23318738.0,
    "enp3s0 TX": 123053760.0,
    "wlp2s0 RX": 0.0,
    "wlp2s0 TX": 0.0,
    "PDU power": 11.0
}