{
    "CPU temp": 66.0,
    "CPU load (/proc/stat)(1s)": 0.8520710059171598,
    "CPU power": 8.308084,
    "lo RX": 0.0,
    "lo TX": 0.0,
    "enp3s0 RX": 20313959.0,
    "enp3s0 TX": 121618842.0,
    "wlp2s0 RX": 0.0,
    "wlp2s0 TX": 0.0,
    "PDU power": 12.0
}