{
    "CPU temp": 67.0,
    "CPU load (/proc/stat)(1s)": 0.8516320474777448,
    "CPU power": 8.376993,
    "lo RX": 0.0,
    "lo TX": 0.0,
    "enp3s0 RX": 33248573.0,
    "enp3s0 TX": 122337356.0,
    "wlp2s0 RX": 0.0,
    "wlp2s0 TX": 0.0,
    "PDU power": 11.0
}