{
    "CPU temp": 67.0,
    "CPU load (/proc/stat)(1s)": 0.8579881656804734,
    "CPU power": 8.433938,
    "lo RX": 0.0,
    "lo TX": 0.0,
    "enp3s0 RX": 42040798.0,
    "enp3s0 TX": 122229968.0,
    "wlp2s0 RX": 0.0,
    "wlp2s0 TX": 0.0,
    "PDU power": 11.0
}