{
    "CPU temp": 67.0,
    "CPU load (/proc/stat)(1s)": 0.8545994065281899,
    "CPU power": 8.399515,
    "lo RX": 0.0,
    "lo TX": 0.0,
    "enp3s0 RX": 37056066.0,
    "enp3s0 TX": 122453986.0,
    "wlp2s0 RX": 0.0,
    "wlp2s0 TX": 0.0,
    "PDU power": 11.0
}