{
    "CPU temp": 66.0,
    "CPU load (/proc/stat)(1s)": 0.44472361809045224,
    "CPU power": 5.049121,
    "lo RX": 0.0,
    "lo TX": 0.0,
    "enp3s0 RX": 3978.0,
    "enp3s0 TX": 3017.0,
    "wlp2s0 RX": 0.0,
    "wlp2s0 TX": 0.0,
    "PDU power": 9.0
}