{
    "CPU temp": 55.0,
    "CPU load (/proc/stat)(1s)": 0.23138297872340424,
    "CPU power": 4.079275,
    "lo RX": 0.0,
    "lo TX": 0.0,
    "enp3s0 RX": 116926542.0,
    "enp3s0 TX": 297041.0,
    "wlp2s0 RX": 0.0,
    "wlp2s0 TX": 0.0,
    "PDU power": 7.0
}