{
    "CPU temp": 54.0,
    "CPU load (/proc/stat)(1s)": 0.011594202898550725,
    "CPU power": 3.055595,
    "lo RX": 0.0,
    "lo TX": 0.0,
    "enp3s0 RX": 1974401.0,
    "enp3s0 TX": 122392286.0,
    "wlp2s0 RX": 0.0,
    "wlp2s0 TX": 0.0,
    "PDU power": 8.0
}