{
    "CPU temp": 68.0,
    "CPU load (/proc/stat)(1s)": 0.9615384615384616,
    "CPU power": 8.979225,
    "lo RX": 0.0,
    "lo TX": 0.0,
    "enp3s0 RX": 48641795.0,
    "enp3s0 TX": 117088574.0,
    "wlp2s0 RX": 0.0,
    "wlp2s0 TX": 0.0,
    "PDU power": 13.0
}