{
    "CPU temp": 68.0,
    "CPU load (/proc/stat)(1s)": 0.9585798816568047,
    "CPU power": 8.968849,
    "lo RX": 0.0,
    "lo TX": 0.0,
    "enp3s0 RX": 53438406.0,
    "enp3s0 TX": 121243394.0,
    "wlp2s0 RX": 0.0,
    "wlp2s0 TX": 0.0,
    "PDU power": 12.0
}