{
    "CPU temp": 68.0,
    "CPU load (/proc/stat)(1s)": 0.9588235294117647,
    "CPU power": 8.988563,
    "lo RX": 0.0,
    "lo TX": 0.0,
    "enp3s0 RX": 43950402.0,
    "enp3s0 TX": 122803186.0,
    "wlp2s0 RX": 0.0,
    "wlp2s0 TX": 0.0,
    "PDU power": 13.0
}