{
    "CPU temp": 68.0,
    "CPU load (/proc/stat)(1s)": 0.9548192771084337,
    "CPU power": 8.938332,
    "lo RX": 0.0,
    "lo TX": 0.0,
    "enp3s0 RX": 36658464.0,
    "enp3s0 TX": 121922080.0,
    "wlp2s0 RX": 0.0,
    "wlp2s0 TX": 0.0,
    "PDU power": 12.0
}