{
    "CPU temp": 65.0,
    "CPU load (/proc/stat)(1s)": 0.31736526946107785,
    "CPU power": 5.104906,
    "lo RX": 0.0,
    "lo TX": 0.0,
    "enp3s0 RX": 38860651.0,
    "enp3s0 TX": 122327958.0,
    "wlp2s0 RX": 0.0,
    "wlp2s0 TX": 0.0,
    "PDU power": 10.0
}