{
    "CPU temp": 63.0,
    "CPU load (/proc/stat)(1s)": 0.2719033232628399,
    "CPU power": 4.692249,
    "lo RX": 0.0,
    "lo TX": 0.0,
    "enp3s0 RX": 50205414.0,
    "enp3s0 TX": 120475264.0,
    "wlp2s0 RX": 0.0,
    "wlp2s0 TX": 0.0,
    "PDU power": 9.0
}