{
    "CPU temp": 56.0,
    "CPU load (/proc/stat)(1s)": 0.2125984251968504,
    "CPU power": 3.721365,
    "lo RX": 0.0,
    "lo TX": 0.0,
    "enp3s0 RX": 113826236.0,
    "enp3s0 TX": 103067.0,
    "wlp2s0 RX": 0.0,
    "wlp2s0 TX": 0.0,
    "PDU power": 10.0
}