{
    "CPU temp": 63.0,
    "CPU load (/proc/stat)(1s)": 0.3302180685358255,
    "CPU power": 5.396165,
    "lo RX": 0.0,
    "lo TX": 0.0,
    "enp3s0 RX": 51642453.0,
    "enp3s0 TX": 122717404.0,
    "wlp2s0 RX": 0.0,
    "wlp2s0 TX": 0.0,
    "PDU power": 9.0
}