{
    "CPU temp": 63.0,
    "CPU load (/proc/stat)(1s)": 0.4577259475218659,
    "CPU power": 5.795761,
    "lo RX": 0.0,
    "lo TX": 0.0,
    "enp3s0 RX": 31739532.0,
    "enp3s0 TX": 103537714.0,
    "wlp2s0 RX": 0.0,
    "wlp2s0 TX": 0.0,
    "PDU power": 11.0
}