{
    "CPU temp": 63.0,
    "CPU load (/proc/stat)(1s)": 0.5495495495495496,
    "CPU power": 6.813398,
    "lo RX": 0.0,
    "lo TX": 0.0,
    "enp3s0 RX": 52652734.0,
    "enp3s0 TX": 121305276.0,
    "wlp2s0 RX": 0.0,
    "wlp2s0 TX": 0.0,
    "PDU power": 9.0
}