{
    "CPU temp": 63.0,
    "CPU load (/proc/stat)(1s)": 0.4819277108433735,
    "CPU power": 6.452254,
    "lo RX": 0.0,
    "lo TX": 0.0,
    "enp3s0 RX": 38854019.0,
    "enp3s0 TX": 122659584.0,
    "wlp2s0 RX": 0.0,
    "wlp2s0 TX": 0.0,
    "PDU power": 11.0
}