{
    "CPU temp": 64.0,
    "CPU load (/proc/stat)(1s)": 0.5421686746987951,
    "CPU power": 6.762922,
    "lo RX": 0.0,
    "lo TX": 0.0,
    "enp3s0 RX": 46987874.0,
    "enp3s0 TX": 120428402.0,
    "wlp2s0 RX": 0.0,
    "wlp2s0 TX": 0.0,
    "PDU power": 10.0
}