{
    "CPU temp": 65.0,
    "CPU load (/proc/stat)(1s)": 0.711764705882353,
    "CPU power": 7.608073,
    "lo RX": 0.0,
    "lo TX": 0.0,
    "enp3s0 RX": 47115412.0,
    "enp3s0 TX": 122105998.0,
    "wlp2s0 RX": 0.0,
    "wlp2s0 TX": 0.0,
    "PDU power": 12.0
}