{
    "CPU temp": 54.0,
    "CPU load (/proc/stat)(1s)": 0.25839793281653745,
    "CPU power": 4.061757,
    "lo RX": 0.0,
    "lo TX": 0.0,
    "enp3s0 RX": 45346040.0,
    "enp3s0 TX": 61968.0,
    "wlp2s0 RX": 0.0,
    "wlp2s0 TX": 0.0,
    "PDU power": 8.0
}