{
    "CPU temp": 56.0,
    "CPU load (/proc/stat)(1s)": 0.2519893899204244,
    "CPU power": 4.128407,
    "lo RX": 0.0,
    "lo TX": 0.0,
    "enp3s0 RX": 121366782.0,
    "enp3s0 TX": 107452.0,
    "wlp2s0 RX": 0.0,
    "wlp2s0 TX": 0.0,
    "PDU power": 9.0
}