{
    "CPU temp": 64.0,
    "CPU load (/proc/stat)(1s)": 0.8242074927953891,
    "CPU power": 8.115519,
    "lo RX": 0.0,
    "lo TX": 0.0,
    "enp3s0 RX": 2186321.0,
    "enp3s0 TX": 122819736.0,
    "wlp2s0 RX": 0.0,
    "wlp2s0 TX": 0.0,
    "PDU power": 12.0
}