{
    "CPU temp": 66.0,
    "CPU load (/proc/stat)(1s)": 0.6796407185628742,
    "CPU power": 7.433025,
    "lo RX": 0.0,
    "lo TX": 0.0,
    "enp3s0 RX": 45637494.0,
    "enp3s0 TX": 121505236.0,
    "wlp2s0 RX": 0.0,
    "wlp2s0 TX": 0.0,
    "PDU power": 10.0
}