{
    "CPU temp": 66.0,
    "CPU load (/proc/stat)(1s)": 0.7042682926829268,
    "CPU power": 7.656474,
    "lo RX": 0.0,
    "lo TX": 0.0,
    "enp3s0 RX": 46011330.0,
    "enp3s0 TX": 122258448.0,
    "wlp2s0 RX": 0.0,
    "wlp2s0 TX": 0.0,
    "PDU power": 11.0
}