{
    "CPU temp": 65.0,
    "CPU load (/proc/stat)(1s)": 0.6128205128205129,
    "CPU power": 6.392745,
    "lo RX": 0.0,
    "lo TX": 0.0,
    "enp3s0 RX": 5117099.0,
    "enp3s0 TX": 27649450.0,
    "wlp2s0 RX": 0.0,
    "wlp2s0 TX": 0.0,
    "PDU power": 10.0
}