{
    "CPU temp": 66.0,
    "CPU load (/proc/stat)(1s)": 0.8452380952380952,
    "CPU power": 8.259928,
    "lo RX": 0.0,
    "lo TX": 0.0,
    "enp3s0 RX": 33386269.0,
    "enp3s0 TX": 122878320.0,
    "wlp2s0 RX": 0.0,
    "wlp2s0 TX": 0.0,
    "PDU power": 13.0
}