{
    "CPU temp": 67.0,
    "CPU load (/proc/stat)(1s)": 0.8630952380952381,
    "CPU power": 8.490029,
    "lo RX": 0.0,
    "lo TX": 0.0,
    "enp3s0 RX": 41159975.0,
    "enp3s0 TX": 122021954.0,
    "wlp2s0 RX": 0.0,
    "wlp2s0 TX": 0.0,
    "PDU power": 12.0
}