{
    "CPU temp": 67.0,
    "CPU load (/proc/stat)(1s)": 0.8618618618618619,
    "CPU power": 8.459451,
    "lo RX": 0.0,
    "lo TX": 0.0,
    "enp3s0 RX": 43199959.0,
    "enp3s0 TX": 121722724.0,
    "wlp2s0 RX": 0.0,
    "wlp2s0 TX": 0.0,
    "PDU power": 10.0
}