{
    "CPU temp": 67.0,
    "CPU load (/proc/stat)(1s)": 0.8545454545454545,
    "CPU power": 8.416299,
    "lo RX": 0.0,
    "lo TX": 0.0,
    "enp3s0 RX": 41830115.0,
    "enp3s0 TX": 121507396.0,
    "wlp2s0 RX": 0.0,
    "wlp2s0 TX": 0.0,
    "PDU power": 12.0
}