{
    "CPU temp": 64.0,
    "CPU load (/proc/stat)(1s)": 0.829971181556196,
    "CPU power": 8.195231,
    "lo RX": 0.0,
    "lo TX": 0.0,
    "enp3s0 RX": 2160701.0,
    "enp3s0 TX": 122236446.0,
    "wlp2s0 RX": 0.0,
    "wlp2s0 TX": 0.0,
    "PDU power": 11.0
}