{
    "CPU temp": 56.0,
    "CPU load (/proc/stat)(1s)": 0.21578947368421053,
    "CPU power": 3.790579,
    "lo RX": 0.0,
    "lo TX": 0.0,
    "enp3s0 RX": 120934462.0,
    "enp3s0 TX": 107646.0,
    "wlp2s0 RX": 0.0,
    "wlp2s0 TX": 0.0,
    "PDU power": 9.0
}