{
    "CPU temp": 68.0,
    "CPU load (/proc/stat)(1s)": 0.9469026548672567,
    "CPU power": 8.871987,
    "lo RX": 0.0,
    "lo TX": 0.0,
    "enp3s0 RX": 35391348.0,
    "enp3s0 TX": 121422244.0,
    "wlp2s0 RX": 0.0,
    "wlp2s0 TX": 0.0,
    "PDU power": 12.0
}