{
    "CPU temp": 68.0,
    "CPU load (/proc/stat)(1s)": 0.9580838323353293,
    "CPU power": 8.935952,
    "lo RX": 0.0,
    "lo TX": 0.0,
    "enp3s0 RX": 33346950.0,
    "enp3s0 TX": 122016332.0,
    "wlp2s0 RX": 0.0,
    "wlp2s0 TX": 0.0,
    "PDU power": 12.0
}