{
    "CPU temp": 68.0,
    "CPU load (/proc/stat)(1s)": 0.956140350877193,
    "CPU power": 8.955604,
    "lo RX": 0.0,
    "lo TX": 0.0,
    "enp3s0 RX": 40832333.0,
    "enp3s0 TX": 121148026.0,
    "wlp2s0 RX": 0.0,
    "wlp2s0 TX": 0.0,
    "PDU power": 11.0
}