{
    "CPU temp": 69.0,
    "CPU load (/proc/stat)(1s)": 0.9583333333333334,
    "CPU power": 8.97715,
    "lo RX": 0.0,
    "lo TX": 0.0,
    "enp3s0 RX": 46137685.0,
    "enp3s0 TX": 122071196.0,
    "wlp2s0 RX": 0.0,
    "wlp2s0 TX": 0.0,
    "PDU power": 10.0
}