{
    "CPU temp": 69.0,
    "CPU load (/proc/stat)(1s)": 0.9560117302052786,
    "CPU power": 8.959511,
    "lo RX": 0.0,
    "lo TX": 0.0,
    "enp3s0 RX": 42187119.0,
    "enp3s0 TX": 122546792.0,
    "wlp2s0 RX": 0.0,
    "wlp2s0 TX": 0.0,
    "PDU power": 12.0
}