{
    "CPU temp": 69.0,
    "CPU load (/proc/stat)(1s)": 0.948948948948949,
    "CPU power": 8.917824,
    "lo RX": 0.0,
    "lo TX": 0.0,
    "enp3s0 RX": 40110211.0,
    "enp3s0 TX": 121489840.0,
    "wlp2s0 RX": 0.0,
    "wlp2s0 TX": 0.0,
    "PDU power": 12.0
}