{
    "CPU temp": 65.0,
    "CPU load (/proc/stat)(1s)": 0.19414893617021275,
    "CPU power": 3.701223,
    "lo RX": 0.0,
    "lo TX": 0.0,
    "enp3s0 RX": 122398160.0,
    "enp3s0 TX": 108184.0,
    "wlp2s0 RX": 0.0,
    "wlp2s0 TX": 0.0,
    "PDU power": 9.0
}