{
    "CPU temp": 64.0,
    "CPU load (/proc/stat)(1s)": 0.8333333333333334,
    "CPU power": 8.132853,
    "lo RX": 0.0,
    "lo TX": 0.0,
    "enp3s0 RX": 2128464.0,
    "enp3s0 TX": 120663930.0,
    "wlp2s0 RX": 0.0,
    "wlp2s0 TX": 0.0,
    "PDU power": 12.0
}