{
    "CPU temp": 62.0,
    "CPU load (/proc/stat)(1s)": 0.2222222222222222,
    "CPU power": 3.770925,
    "lo RX": 0.0,
    "lo TX": 0.0,
    "enp3s0 RX": 121934493.0,
    "enp3s0 TX": 108078.0,
    "wlp2s0 RX": 0.0,
    "wlp2s0 TX": 0.0,
    "PDU power": 9.0
}