{
    "CPU temp": 61.0,
    "CPU load (/proc/stat)(1s)": 0.2198952879581152,
    "CPU power": 3.848562,
    "lo RX": 0.0,
    "lo TX": 0.0,
    "enp3s0 RX": 122416448.0,
    "enp3s0 TX": 110640.0,
    "wlp2s0 RX": 0.0,
    "wlp2s0 TX": 0.0,
    "PDU power": 8.0
}