{
    "CPU temp": 60.0,
    "CPU load (/proc/stat)(1s)": 0.26285714285714284,
    "CPU power": 4.584766,
    "lo RX": 0.0,
    "lo TX": 0.0,
    "enp3s0 RX": 2195742.0,
    "enp3s0 TX": 123323240.0,
    "wlp2s0 RX": 0.0,
    "wlp2s0 TX": 0.0,
    "PDU power": 9.0
}