{
    "CPU temp": 60.0,
    "CPU load (/proc/stat)(1s)": 0.2514124293785311,
    "CPU power": 4.460805,
    "lo RX": 0.0,
    "lo TX": 0.0,
    "enp3s0 RX": 2163102.0,
    "enp3s0 TX": 121471458.0,
    "wlp2s0 RX": 0.0,
    "wlp2s0 TX": 0.0,
    "PDU power": 8.0
}