{
    "CPU temp": 60.0,
    "CPU load (/proc/stat)(1s)": 0.24147727272727273,
    "CPU power": 4.457814,
    "lo RX": 0.0,
    "lo TX": 0.0,
    "enp3s0 RX": 2137469.0,
    "enp3s0 TX": 120555664.0,
    "wlp2s0 RX": 0.0,
    "wlp2s0 TX": 0.0,
    "PDU power": 8.0
}