{
    "CPU temp": 60.0,
    "CPU load (/proc/stat)(1s)": 0.2215909090909091,
    "CPU power": 4.361561,
    "lo RX": 0.0,
    "lo TX": 0.0,
    "enp3s0 RX": 2128469.0,
    "enp3s0 TX": 121282547.0,
    "wlp2s0 RX": 0.0,
    "wlp2s0 TX": 0.0,
    "PDU power": 9.0
}