{
    "CPU temp": 60.0,
    "CPU load (/proc/stat)(1s)": 0.2056338028169014,
    "CPU power": 4.122487,
    "lo RX": 0.0,
    "lo TX": 0.0,
    "enp3s0 RX": 2114879.0,
    "enp3s0 TX": 121358030.0,
    "wlp2s0 RX": 0.0,
    "wlp2s0 TX": 0.0,
    "PDU power": 8.0
}