{
    "CPU temp": 56.0,
    "CPU load (/proc/stat)(1s)": 0.20689655172413793,
    "CPU power": 3.839528,
    "lo RX": 0.0,
    "lo TX": 0.0,
    "enp3s0 RX": 121512279.0,
    "enp3s0 TX": 108180.0,
    "wlp2s0 RX": 0.0,
    "wlp2s0 TX": 0.0,
    "PDU power": 7.0
}