{
    "CPU temp": 60.0,
    "CPU load (/proc/stat)(1s)": 0.42063492063492064,
    "CPU power": 5.380418,
    "lo RX": 0.0,
    "lo TX": 0.0,
    "enp3s0 RX": 121346680.0,
    "enp3s0 TX": 108138.0,
    "wlp2s0 RX": 0.0,
    "wlp2s0 TX": 0.0,
    "PDU power": 11.0
}