{
    "CPU temp": 61.0,
    "CPU load (/proc/stat)(1s)": 0.3914209115281501,
    "CPU power": 5.289721,
    "lo RX": 0.0,
    "lo TX": 0.0,
    "enp3s0 RX": 122171896.0,
    "enp3s0 TX": 108332.0,
    "wlp2s0 RX": 0.0,
    "wlp2s0 TX": 0.0,
    "PDU power": 9.0
}