{
    "CPU temp": 62.0,
    "CPU load (/proc/stat)(1s)": 0.43915343915343913,
    "CPU power": 5.523789,
    "lo RX": 0.0,
    "lo TX": 0.0,
    "enp3s0 RX": 121456079.0,
    "enp3s0 TX": 109986.0,
    "wlp2s0 RX": 0.0,
    "wlp2s0 TX": 0.0,
    "PDU power": 10.0
}