{
    "CPU temp": 62.0,
    "CPU load (/proc/stat)(1s)": 0.4431818181818182,
    "CPU power": 5.740403,
    "lo RX": 0.0,
    "lo TX": 0.0,
    "enp3s0 RX": 2140122.0,
    "enp3s0 TX": 123317200.0,
    "wlp2s0 RX": 0.0,
    "wlp2s0 TX": 0.0,
    "PDU power": 10.0
}