{
    "CPU temp": 55.0,
    "CPU load (/proc/stat)(1s)": 0.2236842105263158,
    "CPU power": 4.012074,
    "lo RX": 0.0,
    "lo TX": 0.0,
    "enp3s0 RX": 122283484.0,
    "enp3s0 TX": 109668.0,
    "wlp2s0 RX": 0.0,
    "wlp2s0 TX": 0.0,
    "PDU power": 7.0
}