{
    "CPU temp": 60.0,
    "CPU load (/proc/stat)(1s)": 0.6190476190476191,
    "CPU power": 6.642927,
    "lo RX": 0.0,
    "lo TX": 0.0,
    "enp3s0 RX": 119167345.0,
    "enp3s0 TX": 105322.0,
    "wlp2s0 RX": 0.0,
    "wlp2s0 TX": 0.0,
    "PDU power": 11.0
}