{
    "CPU temp": 55.0,
    "CPU load (/proc/stat)(1s)": 0.2154255319148936,
    "CPU power": 3.887564,
    "lo RX": 0.0,
    "lo TX": 0.0,
    "enp3s0 RX": 116825095.0,
    "enp3s0 TX": 150436.0,
    "wlp2s0 RX": 0.0,
    "wlp2s0 TX": 0.0,
    "PDU power": 8.0
}