{
    "CPU temp": 56.0,
    "CPU load (/proc/stat)(1s)": 0.19736842105263158,
    "CPU power": 3.693411,
    "lo RX": 0.0,
    "lo TX": 0.0,
    "enp3s0 RX": 114659689.0,
    "enp3s0 TX": 101724.0,
    "wlp2s0 RX": 0.0,
    "wlp2s0 TX": 0.0,
    "PDU power": 8.0
}