{
    "CPU temp": 64.0,
    "CPU load (/proc/stat)(1s)": 0.8262108262108262,
    "CPU power": 8.105204,
    "lo RX": 0.0,
    "lo TX": 0.0,
    "enp3s0 RX": 2113920.0,
    "enp3s0 TX": 121238408.0,
    "wlp2s0 RX": 0.0,
    "wlp2s0 TX": 0.0,
    "PDU power": 11.0
}