{
    "CPU temp": 62.0,
    "CPU load (/proc/stat)(1s)": 0.39215686274509803,
    "CPU power": 5.379442,
    "lo RX": 0.0,
    "lo TX": 0.0,
    "enp3s0 RX": 1947667.0,
    "enp3s0 TX": 107245359.0,
    "wlp2s0 RX": 0.0,
    "wlp2s0 TX": 0.0,
    "PDU power": 9.0
}