{
    "CPU temp": 63.0,
    "CPU load (/proc/stat)(1s)": 0.6402116402116402,
    "CPU power": 6.779035,
    "lo RX": 0.0,
    "lo TX": 0.0,
    "enp3s0 RX": 122104859.0,
    "enp3s0 TX": 107954.0,
    "wlp2s0 RX": 0.0,
    "wlp2s0 TX": 0.0,
    "PDU power": 10.0
}