{
    "CPU temp": 63.0,
    "CPU load (/proc/stat)(1s)": 0.6310160427807486,
    "CPU power": 6.842939,
    "lo RX": 0.0,
    "lo TX": 0.0,
    "enp3s0 RX": 122405817.0,
    "enp3s0 TX": 107722.0,
    "wlp2s0 RX": 0.0,
    "wlp2s0 TX": 0.0,
    "PDU power": 10.0
}