{
    "CPU temp": 64.0,
    "CPU load (/proc/stat)(1s)": 0.6311688311688312,
    "CPU power": 6.738813,
    "lo RX": 0.0,
    "lo TX": 0.0,
    "enp3s0 RX": 119820294.0,
    "enp3s0 TX": 117168.0,
    "wlp2s0 RX": 0.0,
    "wlp2s0 TX": 0.0,
    "PDU power": 10.0
}