{
    "CPU temp": 64.0,
    "CPU load (/proc/stat)(1s)": 0.6807387862796834,
    "CPU power": 7.044172,
    "lo RX": 0.0,
    "lo TX": 0.0,
    "enp3s0 RX": 121504463.0,
    "enp3s0 TX": 113617.0,
    "wlp2s0 RX": 0.0,
    "wlp2s0 TX": 0.0,
    "PDU power": 11.0
}