{
    "CPU temp": 65.0,
    "CPU load (/proc/stat)(1s)": 0.6217765042979942,
    "CPU power": 6.929975,
    "lo RX": 0.0,
    "lo TX": 0.0,
    "enp3s0 RX": 2115575.0,
    "enp3s0 TX": 120887266.0,
    "wlp2s0 RX": 0.0,
    "wlp2s0 TX": 0.0,
    "PDU power": 11.0
}