{
    "CPU temp": 65.0,
    "CPU load (/proc/stat)(1s)": 0.632183908045977,
    "CPU power": 6.968366,
    "lo RX": 0.0,
    "lo TX": 0.0,
    "enp3s0 RX": 2166281.0,
    "enp3s0 TX": 122360802.0,
    "wlp2s0 RX": 0.0,
    "wlp2s0 TX": 0.0,
    "PDU power": 11.0
}