{
    "CPU temp": 56.0,
    "CPU load (/proc/stat)(1s)": 0.3213367609254499,
    "CPU power": 4.406727,
    "lo RX": 0.0,
    "lo TX": 0.0,
    "enp3s0 RX": 46079245.0,
    "enp3s0 TX": 43710.0,
    "wlp2s0 RX": 0.0,
    "wlp2s0 TX": 0.0,
    "PDU power": 9.0
}