{
    "CPU temp": 63.0,
    "CPU load (/proc/stat)(1s)": 0.6974789915966386,
    "CPU power": 7.269146,
    "lo RX": 0.0,
    "lo TX": 0.0,
    "enp3s0 RX": 22968208.0,
    "enp3s0 TX": 95452260.0,
    "wlp2s0 RX": 0.0,
    "wlp2s0 TX": 0.0,
    "PDU power": 9.0
}