{
    "CPU temp": 65.0,
    "CPU load (/proc/stat)(1s)": 0.6125356125356125,
    "CPU power": 6.827681,
    "lo RX": 0.0,
    "lo TX": 0.0,
    "enp3s0 RX": 2139882.0,
    "enp3s0 TX": 121168870.0,
    "wlp2s0 RX": 0.0,
    "wlp2s0 TX": 0.0,
    "PDU power": 12.0
}