{
    "CPU temp": 64.0,
    "CPU load (/proc/stat)(1s)": 0.6332378223495702,
    "CPU power": 6.97746,
    "lo RX": 0.0,
    "lo TX": 0.0,
    "enp3s0 RX": 2140121.0,
    "enp3s0 TX": 121543302.0,
    "wlp2s0 RX": 0.0,
    "wlp2s0 TX": 0.0,
    "PDU power": 10.0
}