{
    "CPU temp": 64.0,
    "CPU load (/proc/stat)(1s)": 0.44191919191919193,
    "CPU power": 5.217699,
    "lo RX": 0.0,
    "lo TX": 0.0,
    "enp3s0 RX": 40601507.0,
    "enp3s0 TX": 48490.0,
    "wlp2s0 RX": 0.0,
    "wlp2s0 TX": 0.0,
    "PDU power": 10.0
}