{
    "CPU temp": 66.0,
    "CPU load (/proc/stat)(1s)": 0.8342105263157895,
    "CPU power": 8.065165,
    "lo RX": 0.0,
    "lo TX": 0.0,
    "enp3s0 RX": 122715204.0,
    "enp3s0 TX": 108064.0,
    "wlp2s0 RX": 0.0,
    "wlp2s0 TX": 0.0,
    "PDU power": 10.0
}