{
    "CPU temp": 66.0,
    "CPU load (/proc/stat)(1s)": 0.8264248704663213,
    "CPU power": 7.974284,
    "lo RX": 0.0,
    "lo TX": 0.0,
    "enp3s0 RX": 121469165.0,
    "enp3s0 TX": 108642.0,
    "wlp2s0 RX": 0.0,
    "wlp2s0 TX": 0.0,
    "PDU power": 10.0
}