{
    "CPU temp": 67.0,
    "CPU load (/proc/stat)(1s)": 0.8222811671087533,
    "CPU power": 7.989725,
    "lo RX": 0.0,
    "lo TX": 0.0,
    "enp3s0 RX": 114816035.0,
    "enp3s0 TX": 6542588.0,
    "wlp2s0 RX": 0.0,
    "wlp2s0 TX": 0.0,
    "PDU power": 12.0
}