{
    "CPU temp": 67.0,
    "CPU load (/proc/stat)(1s)": 0.8176638176638177,
    "CPU power": 8.133463,
    "lo RX": 0.0,
    "lo TX": 0.0,
    "enp3s0 RX": 2119061.0,
    "enp3s0 TX": 122610108.0,
    "wlp2s0 RX": 0.0,
    "wlp2s0 TX": 0.0,
    "PDU power": 12.0
}