{
    "CPU temp": 67.0,
    "CPU load (/proc/stat)(1s)": 0.8205128205128205,
    "CPU power": 8.045572,
    "lo RX": 0.0,
    "lo TX": 0.0,
    "enp3s0 RX": 2162622.0,
    "enp3s0 TX": 121716848.0,
    "wlp2s0 RX": 0.0,
    "wlp2s0 TX": 0.0,
    "PDU power": 11.0
}