{
    "CPU temp": 67.0,
    "CPU load (/proc/stat)(1s)": 0.8215297450424929,
    "CPU power": 8.105937,
    "lo RX": 0.0,
    "lo TX": 0.0,
    "enp3s0 RX": 2137721.0,
    "enp3s0 TX": 121438452.0,
    "wlp2s0 RX": 0.0,
    "wlp2s0 TX": 0.0,
    "PDU power": 11.0
}