{
    "CPU temp": 56.0,
    "CPU load (/proc/stat)(1s)": 0.26512968299711814,
    "CPU power": 4.76549,
    "lo RX": 0.0,
    "lo TX": 0.0,
    "enp3s0 RX": 2019007.0,
    "enp3s0 TX": 122127126.0,
    "wlp2s0 RX": 0.0,
    "wlp2s0 TX": 0.0,
    "PDU power": 9.0
}