{
    "CPU temp": 68.0,
    "CPU load (/proc/stat)(1s)": 0.9240837696335078,
    "CPU power": 8.632669,
    "lo RX": 0.0,
    "lo TX": 0.0,
    "enp3s0 RX": 121959789.0,
    "enp3s0 TX": 106698.0,
    "wlp2s0 RX": 0.0,
    "wlp2s0 TX": 0.0,
    "PDU power": 11.0
}