{
    "CPU temp": 68.0,
    "CPU load (/proc/stat)(1s)": 0.9243697478991597,
    "CPU power": 8.67704,
    "lo RX": 0.0,
    "lo TX": 0.0,
    "enp3s0 RX": 2148582.0,
    "enp3s0 TX": 121367204.0,
    "wlp2s0 RX": 0.0,
    "wlp2s0 TX": 0.0,
    "PDU power": 11.0
}