{
    "CPU temp": 69.0,
    "CPU load (/proc/stat)(1s)": 0.9221902017291066,
    "CPU power": 8.669411,
    "lo RX": 0.0,
    "lo TX": 0.0,
    "enp3s0 RX": 2129718.0,
    "enp3s0 TX": 120860046.0,
    "wlp2s0 RX": 0.0,
    "wlp2s0 TX": 0.0,
    "PDU power": 12.0
}