{
    "CPU temp": 65.0,
    "CPU load (/proc/stat)(1s)": 0.1968503937007874,
    "CPU power": 3.60491,
    "lo RX": 0.0,
    "lo TX": 0.0,
    "enp3s0 RX": 122405817.0,
    "enp3s0 TX": 108694.0,
    "wlp2s0 RX": 0.0,
    "wlp2s0 TX": 0.0,
    "PDU power": 8.0
}