{
    "CPU temp": 57.0,
    "CPU load (/proc/stat)(1s)": 0.32114882506527415,
    "CPU power": 4.659595,
    "lo RX": 0.0,
    "lo TX": 0.0,
    "enp3s0 RX": 119933303.0,
    "enp3s0 TX": 105700.0,
    "wlp2s0 RX": 0.0,
    "wlp2s0 TX": 0.0,
    "PDU power": 10.0
}