{
    "CPU temp": 56.0,
    "CPU load (/proc/stat)(1s)": 0.2471264367816092,
    "CPU power": 4.659656,
    "lo RX": 0.0,
    "lo TX": 0.0,
    "enp3s0 RX": 2007941.0,
    "enp3s0 TX": 122495028.0,
    "wlp2s0 RX": 0.0,
    "wlp2s0 TX": 0.0,
    "PDU power": 11.0
}