{
    "CPU temp": 61.0,
    "CPU load (/proc/stat)(1s)": 0.1830238726790451,
    "CPU power": 3.526114,
    "lo RX": 0.0,
    "lo TX": 0.0,
    "enp3s0 RX": 122243874.0,
    "enp3s0 TX": 108870.0,
    "wlp2s0 RX": 0.0,
    "wlp2s0 TX": 0.0,
    "PDU power": 10.0
}