{
    "CPU temp": 60.0,
    "CPU load (/proc/stat)(1s)": 0.24338624338624337,
    "CPU power": 3.930349,
    "lo RX": 0.0,
    "lo TX": 0.0,
    "enp3s0 RX": 122387322.0,
    "enp3s0 TX": 108750.0,
    "wlp2s0 RX": 0.0,
    "wlp2s0 TX": 0.0,
    "PDU power": 8.0
}