{
    "CPU temp": 60.0,
    "CPU load (/proc/stat)(1s)": 0.2132564841498559,
    "CPU power": 4.232044,
    "lo RX": 0.0,
    "lo TX": 0.0,
    "enp3s0 RX": 2153501.0,
    "enp3s0 TX": 123141522.0,
    "wlp2s0 RX": 0.0,
    "wlp2s0 TX": 0.0,
    "PDU power": 8.0
}