{
    "CPU temp": 60.0,
    "CPU load (/proc/stat)(1s)": 0.2521246458923513,
    "CPU power": 4.466846,
    "lo RX": 0.0,
    "lo TX": 0.0,
    "enp3s0 RX": 2160969.0,
    "enp3s0 TX": 121077978.0,
    "wlp2s0 RX": 0.0,
    "wlp2s0 TX": 0.0,
    "PDU power": 8.0
}