{
    "CPU temp": 60.0,
    "CPU load (/proc/stat)(1s)": 0.24571428571428572,
    "CPU power": 4.497303,
    "lo RX": 0.0,
    "lo TX": 0.0,
    "enp3s0 RX": 2084382.0,
    "enp3s0 TX": 122729592.0,
    "wlp2s0 RX": 0.0,
    "wlp2s0 TX": 0.0,
    "PDU power": 8.0
}