{
    "CPU temp": 60.0,
    "CPU load (/proc/stat)(1s)": 0.2336182336182336,
    "CPU power": 4.390858,
    "lo RX": 0.0,
    "lo TX": 0.0,
    "enp3s0 RX": 2105884.0,
    "enp3s0 TX": 121088470.0,
    "wlp2s0 RX": 0.0,
    "wlp2s0 TX": 0.0,
    "PDU power": 9.0
}