{
    "CPU temp": 56.0,
    "CPU load (/proc/stat)(1s)": 0.018617021276595744,
    "CPU power": 2.494256,
    "lo RX": 0.0,
    "lo TX": 0.0,
    "enp3s0 RX": 122389435.0,
    "enp3s0 TX": 109288.0,
    "wlp2s0 RX": 0.0,
    "wlp2s0 TX": 0.0,
    "PDU power": 7.0
}