{
    "CPU temp": 60.0,
    "CPU load (/proc/stat)(1s)": 0.39276485788113696,
    "CPU power": 4.91936,
    "lo RX": 0.0,
    "lo TX": 0.0,
    "enp3s0 RX": 67144782.0,
    "enp3s0 TX": 65892.0,
    "wlp2s0 RX": 0.0,
    "wlp2s0 TX": 0.0,
    "PDU power": 9.0
}