{
    "CPU temp": 61.0,
    "CPU load (/proc/stat)(1s)": 0.43271767810026385,
    "CPU power": 5.215929,
    "lo RX": 0.0,
    "lo TX": 0.0,
    "enp3s0 RX": 122399433.0,
    "enp3s0 TX": 107886.0,
    "wlp2s0 RX": 0.0,
    "wlp2s0 TX": 0.0,
    "PDU power": 9.0
}