{
    "CPU temp": 61.0,
    "CPU load (/proc/stat)(1s)": 0.4255874673629243,
    "CPU power": 5.310472,
    "lo RX": 0.0,
    "lo TX": 0.0,
    "enp3s0 RX": 122424197.0,
    "enp3s0 TX": 108750.0,
    "wlp2s0 RX": 0.0,
    "wlp2s0 TX": 0.0,
    "PDU power": 9.0
}