{
    "CPU temp": 61.0,
    "CPU load (/proc/stat)(1s)": 0.43007915567282323,
    "CPU power": 5.382249,
    "lo RX": 0.0,
    "lo TX": 0.0,
    "enp3s0 RX": 122438678.0,
    "enp3s0 TX": 110854.0,
    "wlp2s0 RX": 0.0,
    "wlp2s0 TX": 0.0,
    "PDU power": 9.0
}