{
    "CPU temp": 57.0,
    "CPU load (/proc/stat)(1s)": 0.3156498673740053,
    "CPU power": 4.709094,
    "lo RX": 0.0,
    "lo TX": 0.0,
    "enp3s0 RX": 120473225.0,
    "enp3s0 TX": 119740.0,
    "wlp2s0 RX": 0.0,
    "wlp2s0 TX": 0.0,
    "PDU power": 8.0
}