{
    "CPU temp": 62.0,
    "CPU load (/proc/stat)(1s)": 0.4519774011299435,
    "CPU power": 5.776169,
    "lo RX": 0.0,
    "lo TX": 0.0,
    "enp3s0 RX": 2060417.0,
    "enp3s0 TX": 121311324.0,
    "wlp2s0 RX": 0.0,
    "wlp2s0 TX": 0.0,
    "PDU power": 10.0
}