{
    "CPU temp": 62.0,
    "CPU load (/proc/stat)(1s)": 0.40114613180515757,
    "CPU power": 5.512254,
    "lo RX": 0.0,
    "lo TX": 0.0,
    "enp3s0 RX": 2089722.0,
    "enp3s0 TX": 122374068.0,
    "wlp2s0 RX": 0.0,
    "wlp2s0 TX": 0.0,
    "PDU power": 11.0
}