{
    "CPU temp": 62.0,
    "CPU load (/proc/stat)(1s)": 0.4112903225806452,
    "CPU power": 5.197313,
    "lo RX": 0.0,
    "lo TX": 0.0,
    "enp3s0 RX": 1224522.0,
    "enp3s0 TX": 68353930.0,
    "wlp2s0 RX": 0.0,
    "wlp2s0 TX": 0.0,
    "PDU power": 9.0
}