{
    "CPU temp": 62.0,
    "CPU load (/proc/stat)(1s)": 0.5117493472584856,
    "CPU power": 5.682358,
    "lo RX": 0.0,
    "lo TX": 0.0,
    "enp3s0 RX": 92329545.0,
    "enp3s0 TX": 87710.0,
    "wlp2s0 RX": 0.0,
    "wlp2s0 TX": 0.0,
    "PDU power": 11.0
}