{
    "CPU temp": 62.0,
    "CPU load (/proc/stat)(1s)": 0.6411609498680739,
    "CPU power": 6.684187,
    "lo RX": 0.0,
    "lo TX": 0.0,
    "enp3s0 RX": 122420957.0,
    "enp3s0 TX": 107886.0,
    "wlp2s0 RX": 0.0,
    "wlp2s0 TX": 0.0,
    "PDU power": 11.0
}