{
    "CPU temp": 63.0,
    "CPU load (/proc/stat)(1s)": 0.6402116402116402,
    "CPU power": 6.784528,
    "lo RX": 0.0,
    "lo TX": 0.0,
    "enp3s0 RX": 121674562.0,
    "enp3s0 TX": 108872.0,
    "wlp2s0 RX": 0.0,
    "wlp2s0 TX": 0.0,
    "PDU power": 11.0
}