{
    "CPU temp": 64.0,
    "CPU load (/proc/stat)(1s)": 0.623342175066313,
    "CPU power": 6.68144,
    "lo RX": 0.0,
    "lo TX": 0.0,
    "enp3s0 RX": 122438784.0,
    "enp3s0 TX": 107360.0,
    "wlp2s0 RX": 0.0,
    "wlp2s0 TX": 0.0,
    "PDU power": 11.0
}