{
    "CPU temp": 55.0,
    "CPU load (/proc/stat)(1s)": 0.02185792349726776,
    "CPU power": 2.740044,
    "lo RX": 0.0,
    "lo TX": 0.0,
    "enp3s0 RX": 80819922.0,
    "enp3s0 TX": 42462972.0,
    "wlp2s0 RX": 0.0,
    "wlp2s0 TX": 0.0,
    "PDU power": 7.0
}