{
    "CPU temp": 64.0,
    "CPU load (/proc/stat)(1s)": 0.6246575342465753,
    "CPU power": 6.844221,
    "lo RX": 0.0,
    "lo TX": 0.0,
    "enp3s0 RX": 60370627.0,
    "enp3s0 TX": 63413998.0,
    "wlp2s0 RX": 0.0,
    "wlp2s0 TX": 0.0,
    "PDU power": 11.0
}