{
    "CPU temp": 64.0,
    "CPU load (/proc/stat)(1s)": 0.6308139534883721,
    "CPU power": 7.035504,
    "lo RX": 0.0,
    "lo TX": 0.0,
    "enp3s0 RX": 2147015.0,
    "enp3s0 TX": 121540582.0,
    "wlp2s0 RX": 0.0,
    "wlp2s0 TX": 0.0,
    "PDU power": 11.0
}