{
    "CPU temp": 65.0,
    "CPU load (/proc/stat)(1s)": 0.6120689655172413,
    "CPU power": 6.928633,
    "lo RX": 0.0,
    "lo TX": 0.0,
    "enp3s0 RX": 2053841.0,
    "enp3s0 TX": 122754838.0,
    "wlp2s0 RX": 0.0,
    "wlp2s0 TX": 0.0,
    "PDU power": 10.0
}