{
    "CPU temp": 65.0,
    "CPU load (/proc/stat)(1s)": 0.6235632183908046,
    "CPU power": 6.917645,
    "lo RX": 0.0,
    "lo TX": 0.0,
    "enp3s0 RX": 2075982.0,
    "enp3s0 TX": 121727536.0,
    "wlp2s0 RX": 0.0,
    "wlp2s0 TX": 0.0,
    "PDU power": 10.0
}