{
    "CPU temp": 55.0,
    "CPU load (/proc/stat)(1s)": 0.02564102564102564,
    "CPU power": 3.039237,
    "lo RX": 0.0,
    "lo TX": 0.0,
    "enp3s0 RX": 2250192.0,
    "enp3s0 TX": 122098678.0,
    "wlp2s0 RX": 0.0,
    "wlp2s0 TX": 0.0,
    "PDU power": 9.0
}