{
    "CPU temp": 67.0,
    "CPU load (/proc/stat)(1s)": 0.836676217765043,
    "CPU power": 8.21995,
    "lo RX": 0.0,
    "lo TX": 0.0,
    "enp3s0 RX": 15688404.0,
    "enp3s0 TX": 107789710.0,
    "wlp2s0 RX": 0.0,
    "wlp2s0 TX": 0.0,
    "PDU power": 12.0
}