{
    "CPU temp": 67.0,
    "CPU load (/proc/stat)(1s)": 0.829971181556196,
    "CPU power": 8.16276,
    "lo RX": 0.0,
    "lo TX": 0.0,
    "enp3s0 RX": 2102262.0,
    "enp3s0 TX": 121553768.0,
    "wlp2s0 RX": 0.0,
    "wlp2s0 TX": 0.0,
    "PDU power": 11.0
}