{
    "CPU temp": 67.0,
    "CPU load (/proc/stat)(1s)": 0.8265895953757225,
    "CPU power": 8.135233,
    "lo RX": 0.0,
    "lo TX": 0.0,
    "enp3s0 RX": 2040041.0,
    "enp3s0 TX": 121892776.0,
    "wlp2s0 RX": 0.0,
    "wlp2s0 TX": 0.0,
    "PDU power": 12.0
}