{
    "CPU temp": 67.0,
    "CPU load (/proc/stat)(1s)": 0.8213256484149856,
    "CPU power": 8.124674,
    "lo RX": 0.0,
    "lo TX": 0.0,
    "enp3s0 RX": 2039159.0,
    "enp3s0 TX": 122205546.0,
    "wlp2s0 RX": 0.0,
    "wlp2s0 TX": 0.0,
    "PDU power": 10.0
}