{
    "CPU temp": 67.0,
    "CPU load (/proc/stat)(1s)": 0.8304093567251462,
    "CPU power": 8.163797,
    "lo RX": 0.0,
    "lo TX": 0.0,
    "enp3s0 RX": 2192561.0,
    "enp3s0 TX": 122731008.0,
    "wlp2s0 RX": 0.0,
    "wlp2s0 TX": 0.0,
    "PDU power": 11.0
}