{
    "CPU temp": 66.0,
    "CPU load (/proc/stat)(1s)": 0.678391959798995,
    "CPU power": 6.602949,
    "lo RX": 0.0,
    "lo TX": 0.0,
    "enp3s0 RX": 3858.0,
    "enp3s0 TX": 3139.0,
    "wlp2s0 RX": 0.0,
    "wlp2s0 TX": 0.0,
    "PDU power": 8.0
}