{
    "CPU temp": 66.0,
    "CPU load (/proc/stat)(1s)": 0.7090909090909091,
    "CPU power": 7.136578,
    "lo RX": 0.0,
    "lo TX": 0.0,
    "enp3s0 RX": 83655796.0,
    "enp3s0 TX": 78512.0,
    "wlp2s0 RX": 0.0,
    "wlp2s0 TX": 0.0,
    "PDU power": 11.0
}