{
    "CPU temp": 57.0,
    "CPU load (/proc/stat)(1s)": 0.43386243386243384,
    "CPU power": 5.609727,
    "lo RX": 0.0,
    "lo TX": 0.0,
    "enp3s0 RX": 122410091.0,
    "enp3s0 TX": 108586.0,
    "wlp2s0 RX": 0.0,
    "wlp2s0 TX": 0.0,
    "PDU power": 9.0
}