{
    "CPU temp": 58.0,
    "CPU load (/proc/stat)(1s)": 0.40897097625329815,
    "CPU power": 5.184313,
    "lo RX": 0.0,
    "lo TX": 0.0,
    "enp3s0 RX": 117260024.0,
    "enp3s0 TX": 103836.0,
    "wlp2s0 RX": 0.0,
    "wlp2s0 TX": 0.0,
    "PDU power": 10.0
}