{
    "CPU temp": 67.0,
    "CPU load (/proc/stat)(1s)": 0.9272727272727272,
    "CPU power": 8.64573,
    "lo RX": 0.0,
    "lo TX": 0.0,
    "enp3s0 RX": 120926891.0,
    "enp3s0 TX": 113394.0,
    "wlp2s0 RX": 0.0,
    "wlp2s0 TX": 0.0,
    "PDU power": 12.0
}