{
    "CPU temp": 68.0,
    "CPU load (/proc/stat)(1s)": 0.9305555555555556,
    "CPU power": 8.731911,
    "lo RX": 0.0,
    "lo TX": 0.0,
    "enp3s0 RX": 34984000.0,
    "enp3s0 TX": 89065602.0,
    "wlp2s0 RX": 0.0,
    "wlp2s0 TX": 0.0,
    "PDU power": 12.0
}