{
    "CPU temp": 68.0,
    "CPU load (/proc/stat)(1s)": 0.9226361031518625,
    "CPU power": 8.699501,
    "lo RX": 0.0,
    "lo TX": 0.0,
    "enp3s0 RX": 2076881.0,
    "enp3s0 TX": 122214832.0,
    "wlp2s0 RX": 0.0,
    "wlp2s0 TX": 0.0,
    "PDU power": 12.0
}