{
    "CPU temp": 57.0,
    "CPU load (/proc/stat)(1s)": 0.4656084656084656,
    "CPU power": 5.70366,
    "lo RX": 0.0,
    "lo TX": 0.0,
    "enp3s0 RX": 122400947.0,
    "enp3s0 TX": 108856.0,
    "wlp2s0 RX": 0.0,
    "wlp2s0 TX": 0.0,
    "PDU power": 10.0
}