{
    "CPU temp": 54.0,
    "CPU load (/proc/stat)(1s)": 0.02556818181818182,
    "CPU power": 2.995964,
    "lo RX": 0.0,
    "lo TX": 0.0,
    "enp3s0 RX": 2025611.0,
    "enp3s0 TX": 122535906.0,
    "wlp2s0 RX": 0.0,
    "wlp2s0 TX": 0.0,
    "PDU power": 8.0
}