{
    "CPU temp": 68.0,
    "CPU load (/proc/stat)(1s)": 0.9257142857142857,
    "CPU power": 8.689737,
    "lo RX": 0.0,
    "lo TX": 0.0,
    "enp3s0 RX": 2093801.0,
    "enp3s0 TX": 122049896.0,
    "wlp2s0 RX": 0.0,
    "wlp2s0 TX": 0.0,
    "PDU power": 11.0
}