{
    "CPU temp": 67.0,
    "CPU load (/proc/stat)(1s)": 0.5764075067024129,
    "CPU power": 6.143539,
    "lo RX": 0.0,
    "lo TX": 0.0,
    "enp3s0 RX": 23264004.0,
    "enp3s0 TX": 48589387.0,
    "wlp2s0 RX": 0.0,
    "wlp2s0 TX": 0.0,
    "PDU power": 8.0
}