{
    "CPU temp": 65.0,
    "CPU load (/proc/stat)(1s)": 0.20526315789473684,
    "CPU power": 3.680715,
    "lo RX": 0.0,
    "lo TX": 0.0,
    "enp3s0 RX": 122369542.0,
    "enp3s0 TX": 108048.0,
    "wlp2s0 RX": 0.0,
    "wlp2s0 TX": 0.0,
    "PDU power": 9.0
}