{
    "CPU temp": 62.0,
    "CPU load (/proc/stat)(1s)": 0.2178477690288714,
    "CPU power": 3.812552,
    "lo RX": 0.0,
    "lo TX": 0.0,
    "enp3s0 RX": 122558403.0,
    "enp3s0 TX": 108386.0,
    "wlp2s0 RX": 0.0,
    "wlp2s0 TX": 0.0,
    "PDU power": 9.0
}