{
    "CPU temp": 61.0,
    "CPU load (/proc/stat)(1s)": 0.21220159151193635,
    "CPU power": 3.920766,
    "lo RX": 0.0,
    "lo TX": 0.0,
    "enp3s0 RX": 122580965.0,
    "enp3s0 TX": 108858.0,
    "wlp2s0 RX": 0.0,
    "wlp2s0 TX": 0.0,
    "PDU power": 7.0
}