{
    "CPU temp": 60.0,
    "CPU load (/proc/stat)(1s)": 0.25268817204301075,
    "CPU power": 4.336415,
    "lo RX": 0.0,
    "lo TX": 0.0,
    "enp3s0 RX": 104622214.0,
    "enp3s0 TX": 16215158.0,
    "wlp2s0 RX": 0.0,
    "wlp2s0 TX": 0.0,
    "PDU power": 10.0
}