{
    "CPU temp": 60.0,
    "CPU load (/proc/stat)(1s)": 0.2571428571428571,
    "CPU power": 4.725512,
    "lo RX": 0.0,
    "lo TX": 0.0,
    "enp3s0 RX": 2010221.0,
    "enp3s0 TX": 121775772.0,
    "wlp2s0 RX": 0.0,
    "wlp2s0 TX": 0.0,
    "PDU power": 10.0
}