{
    "CPU temp": 54.0,
    "CPU load (/proc/stat)(1s)": 0.011527377521613832,
    "CPU power": 2.99511,
    "lo RX": 0.0,
    "lo TX": 0.0,
    "enp3s0 RX": 2005361.0,
    "enp3s0 TX": 122588896.0,
    "wlp2s0 RX": 0.0,
    "wlp2s0 TX": 0.0,
    "PDU power": 8.0
}