{
    "CPU temp": 60.0,
    "CPU load (/proc/stat)(1s)": 0.22701149425287356,
    "CPU power": 4.475636,
    "lo RX": 0.0,
    "lo TX": 0.0,
    "enp3s0 RX": 2066441.0,
    "enp3s0 TX": 122463304.0,
    "wlp2s0 RX": 0.0,
    "wlp2s0 TX": 0.0,
    "PDU power": 9.0
}