{
    "CPU temp": 60.0,
    "CPU load (/proc/stat)(1s)": 0.40691489361702127,
    "CPU power": 5.082506,
    "lo RX": 0.0,
    "lo TX": 0.0,
    "enp3s0 RX": 112270845.0,
    "enp3s0 TX": 108278.0,
    "wlp2s0 RX": 0.0,
    "wlp2s0 TX": 0.0,
    "PDU power": 11.0
}