{
    "CPU temp": 62.0,
    "CPU load (/proc/stat)(1s)": 0.4498567335243553,
    "CPU power": 5.959275,
    "lo RX": 0.0,
    "lo TX": 0.0,
    "enp3s0 RX": 2165082.0,
    "enp3s0 TX": 123084080.0,
    "wlp2s0 RX": 0.0,
    "wlp2s0 TX": 0.0,
    "PDU power": 10.0
}