{
    "CPU temp": 62.0,
    "CPU load (/proc/stat)(1s)": 0.4755043227665706,
    "CPU power": 6.049179,
    "lo RX": 0.0,
    "lo TX": 0.0,
    "enp3s0 RX": 2068518.0,
    "enp3s0 TX": 120819190.0,
    "wlp2s0 RX": 0.0,
    "wlp2s0 TX": 0.0,
    "PDU power": 10.0
}