{
    "CPU temp": 62.0,
    "CPU load (/proc/stat)(1s)": 0.4610951008645533,
    "CPU power": 5.931199,
    "lo RX": 0.0,
    "lo TX": 0.0,
    "enp3s0 RX": 2131842.0,
    "enp3s0 TX": 121901556.0,
    "wlp2s0 RX": 0.0,
    "wlp2s0 TX": 0.0,
    "PDU power": 11.0
}