{
    "CPU temp": 62.0,
    "CPU load (/proc/stat)(1s)": 0.43874643874643876,
    "CPU power": 5.822739,
    "lo RX": 0.0,
    "lo TX": 0.0,
    "enp3s0 RX": 2073041.0,
    "enp3s0 TX": 121236910.0,
    "wlp2s0 RX": 0.0,
    "wlp2s0 TX": 0.0,
    "PDU power": 10.0
}