{
    "CPU temp": 62.0,
    "CPU load (/proc/stat)(1s)": 0.3518005540166205,
    "CPU power": 4.980517,
    "lo RX": 0.0,
    "lo TX": 0.0,
    "enp3s0 RX": 1524935.0,
    "enp3s0 TX": 88546469.0,
    "wlp2s0 RX": 0.0,
    "wlp2s0 TX": 0.0,
    "PDU power": 8.0
}