{
    "CPU temp": 62.0,
    "CPU load (/proc/stat)(1s)": 0.5261780104712042,
    "CPU power": 5.869126,
    "lo RX": 0.0,
    "lo TX": 0.0,
    "enp3s0 RX": 87666679.0,
    "enp3s0 TX": 91916.0,
    "wlp2s0 RX": 0.0,
    "wlp2s0 TX": 0.0,
    "PDU power": 9.0
}