{
    "CPU temp": 63.0,
    "CPU load (/proc/stat)(1s)": 0.6342105263157894,
    "CPU power": 6.778059,
    "lo RX": 0.0,
    "lo TX": 0.0,
    "enp3s0 RX": 122416956.0,
    "enp3s0 TX": 107400.0,
    "wlp2s0 RX": 0.0,
    "wlp2s0 TX": 0.0,
    "PDU power": 10.0
}