{
    "CPU temp": 53.0,
    "CPU load (/proc/stat)(1s)": 0.00819672131147541,
    "CPU power": 2.470392,
    "lo RX": 0.0,
    "lo TX": 0.0,
    "enp3s0 RX": 1341990.0,
    "enp3s0 TX": 78079470.0,
    "wlp2s0 RX": 0.0,
    "wlp2s0 TX": 0.0,
    "PDU power": 7.0
}