{
    "CPU temp": 64.0,
    "CPU load (/proc/stat)(1s)": 0.6507042253521127,
    "CPU power": 7.029035,
    "lo RX": 0.0,
    "lo TX": 0.0,
    "enp3s0 RX": 32737235.0,
    "enp3s0 TX": 91657206.0,
    "wlp2s0 RX": 0.0,
    "wlp2s0 TX": 0.0,
    "PDU power": 11.0
}