{
    "CPU temp": 64.0,
    "CPU load (/proc/stat)(1s)": 0.6028985507246377,
    "CPU power": 6.870405,
    "lo RX": 0.0,
    "lo TX": 0.0,
    "enp3s0 RX": 2090814.0,
    "enp3s0 TX": 122862674.0,
    "wlp2s0 RX": 0.0,
    "wlp2s0 TX": 0.0,
    "PDU power": 9.0
}