{
    "CPU temp": 64.0,
    "CPU load (/proc/stat)(1s)": 0.6167146974063401,
    "CPU power": 6.933698,
    "lo RX": 0.0,
    "lo TX": 0.0,
    "enp3s0 RX": 2051832.0,
    "enp3s0 TX": 120694898.0,
    "wlp2s0 RX": 0.0,
    "wlp2s0 TX": 0.0,
    "PDU power": 9.0
}