{
    "CPU temp": 64.0,
    "CPU load (/proc/stat)(1s)": 0.6318840579710145,
    "CPU power": 7.055646,
    "lo RX": 0.0,
    "lo TX": 0.0,
    "enp3s0 RX": 2083938.0,
    "enp3s0 TX": 121297614.0,
    "wlp2s0 RX": 0.0,
    "wlp2s0 TX": 0.0,
    "PDU power": 11.0
}