{
    "CPU temp": 65.0,
    "CPU load (/proc/stat)(1s)": 0.6355685131195336,
    "CPU power": 7.068952,
    "lo RX": 0.0,
    "lo TX": 0.0,
    "enp3s0 RX": 2052029.0,
    "enp3s0 TX": 120890204.0,
    "wlp2s0 RX": 0.0,
    "wlp2s0 TX": 0.0,
    "PDU power": 11.0
}