{
    "CPU temp": 65.0,
    "CPU load (/proc/stat)(1s)": 0.6754385964912281,
    "CPU power": 7.302837,
    "lo RX": 0.0,
    "lo TX": 0.0,
    "enp3s0 RX": 2039411.0,
    "enp3s0 TX": 121509430.0,
    "wlp2s0 RX": 0.0,
    "wlp2s0 TX": 0.0,
    "PDU power": 12.0
}