{
    "CPU temp": 54.0,
    "CPU load (/proc/stat)(1s)": 0.2526041666666667,
    "CPU power": 3.785269,
    "lo RX": 0.0,
    "lo TX": 0.0,
    "enp3s0 RX": 75300566.0,
    "enp3s0 TX": 87421.0,
    "wlp2s0 RX": 0.0,
    "wlp2s0 TX": 0.0,
    "PDU power": 8.0
}