{
    "CPU temp": 58.0,
    "CPU load (/proc/stat)(1s)": 0.4805194805194805,
    "CPU power": 5.472215,
    "lo RX": 0.0,
    "lo TX": 0.0,
    "enp3s0 RX": 92453840.0,
    "enp3s0 TX": 85798.0,
    "wlp2s0 RX": 0.0,
    "wlp2s0 TX": 0.0,
    "PDU power": 10.0
}