{
    "CPU temp": 67.0,
    "CPU load (/proc/stat)(1s)": 0.8310626702997275,
    "CPU power": 8.102884,
    "lo RX": 0.0,
    "lo TX": 0.0,
    "enp3s0 RX": 88700821.0,
    "enp3s0 TX": 32805100.0,
    "wlp2s0 RX": 0.0,
    "wlp2s0 TX": 0.0,
    "PDU power": 11.0
}