{
    "CPU temp": 67.0,
    "CPU load (/proc/stat)(1s)": 0.8386167146974063,
    "CPU power": 8.22532,
    "lo RX": 0.0,
    "lo TX": 0.0,
    "enp3s0 RX": 2137895.0,
    "enp3s0 TX": 121713926.0,
    "wlp2s0 RX": 0.0,
    "wlp2s0 TX": 0.0,
    "PDU power": 11.0
}