{
    "CPU temp": 67.0,
    "CPU load (/proc/stat)(1s)": 0.8171091445427728,
    "CPU power": 8.105387,
    "lo RX": 0.0,
    "lo TX": 0.0,
    "enp3s0 RX": 2129454.0,
    "enp3s0 TX": 121203766.0,
    "wlp2s0 RX": 0.0,
    "wlp2s0 TX": 0.0,
    "PDU power": 12.0
}