{
    "CPU temp": 59.0,
    "CPU load (/proc/stat)(1s)": 0.518324607329843,
    "CPU power": 5.902878,
    "lo RX": 0.0,
    "lo TX": 0.0,
    "enp3s0 RX": 120374468.0,
    "enp3s0 TX": 108008.0,
    "wlp2s0 RX": 0.0,
    "wlp2s0 TX": 0.0,
    "PDU power": 11.0
}