{
    "CPU temp": 67.0,
    "CPU load (/proc/stat)(1s)": 0.6415584415584416,
    "CPU power": 6.552229,
    "lo RX": 0.0,
    "lo TX": 0.0,
    "enp3s0 RX": 48922571.0,
    "enp3s0 TX": 20663205.0,
    "wlp2s0 RX": 0.0,
    "wlp2s0 TX": 0.0,
    "PDU power": 11.0
}