{
    "CPU temp": 68.0,
    "CPU load (/proc/stat)(1s)": 0.9263157894736842,
    "CPU power": 8.635598,
    "lo RX": 0.0,
    "lo TX": 0.0,
    "enp3s0 RX": 122450909.0,
    "enp3s0 TX": 107562.0,
    "wlp2s0 RX": 0.0,
    "wlp2s0 TX": 0.0,
    "PDU power": 11.0
}