{
    "CPU temp": 68.0,
    "CPU load (/proc/stat)(1s)": 0.9340659340659341,
    "CPU power": 8.733803,
    "lo RX": 0.0,
    "lo TX": 0.0,
    "enp3s0 RX": 47794434.0,
    "enp3s0 TX": 73522900.0,
    "wlp2s0 RX": 0.0,
    "wlp2s0 TX": 0.0,
    "PDU power": 12.0
}