{
    "CPU temp": 68.0,
    "CPU load (/proc/stat)(1s)": 0.9250720461095101,
    "CPU power": 8.756447,
    "lo RX": 0.0,
    "lo TX": 0.0,
    "enp3s0 RX": 2007042.0,
    "enp3s0 TX": 122161842.0,
    "wlp2s0 RX": 0.0,
    "wlp2s0 TX": 0.0,
    "PDU power": 12.0
}