{
    "CPU temp": 58.0,
    "CPU load (/proc/stat)(1s)": 0.4595375722543353,
    "CPU power": 5.975815,
    "lo RX": 0.0,
    "lo TX": 0.0,
    "enp3s0 RX": 1978061.0,
    "enp3s0 TX": 122829622.0,
    "wlp2s0 RX": 0.0,
    "wlp2s0 TX": 0.0,
    "PDU power": 10.0
}