{
    "CPU temp": 68.0,
    "CPU load (/proc/stat)(1s)": 0.9210526315789473,
    "CPU power": 8.67997,
    "lo RX": 0.0,
    "lo TX": 0.0,
    "enp3s0 RX": 2118281.0,
    "enp3s0 TX": 122758624.0,
    "wlp2s0 RX": 0.0,
    "wlp2s0 TX": 0.0,
    "PDU power": 12.0
}