{
    "CPU temp": 66.0,
    "CPU load (/proc/stat)(1s)": 0.30710659898477155,
    "CPU power": 4.298512,
    "lo RX": 0.0,
    "lo TX": 0.0,
    "enp3s0 RX": 16285960.0,
    "enp3s0 TX": 25698.0,
    "wlp2s0 RX": 0.0,
    "wlp2s0 TX": 0.0,
    "PDU power": 8.0
}