{
    "CPU temp": 64.0,
    "CPU load (/proc/stat)(1s)": 0.17989417989417988,
    "CPU power": 3.528556,
    "lo RX": 0.0,
    "lo TX": 0.0,
    "enp3s0 RX": 122396946.0,
    "enp3s0 TX": 108478.0,
    "wlp2s0 RX": 0.0,
    "wlp2s0 TX": 0.0,
    "PDU power": 8.0
}