{
    "CPU temp": 62.0,
    "CPU load (/proc/stat)(1s)": 0.2099737532808399,
    "CPU power": 3.648672,
    "lo RX": 0.0,
    "lo TX": 0.0,
    "enp3s0 RX": 122452304.0,
    "enp3s0 TX": 108210.0,
    "wlp2s0 RX": 0.0,
    "wlp2s0 TX": 0.0,
    "PDU power": 7.0
}