{
    "CPU temp": 62.0,
    "CPU load (/proc/stat)(1s)": 0.2650918635170604,
    "CPU power": 4.05016,
    "lo RX": 0.0,
    "lo TX": 0.0,
    "enp3s0 RX": 122452304.0,
    "enp3s0 TX": 108748.0,
    "wlp2s0 RX": 0.0,
    "wlp2s0 TX": 0.0,
    "PDU power": 9.0
}