{
    "CPU temp": 60.0,
    "CPU load (/proc/stat)(1s)": 0.26869806094182824,
    "CPU power": 4.630603,
    "lo RX": 0.0,
    "lo TX": 0.0,
    "enp3s0 RX": 48087147.0,
    "enp3s0 TX": 74873070.0,
    "wlp2s0 RX": 0.0,
    "wlp2s0 TX": 0.0,
    "PDU power": 10.0
}