{
    "CPU temp": 59.0,
    "CPU load (/proc/stat)(1s)": 0.5132978723404256,
    "CPU power": 6.016831,
    "lo RX": 0.0,
    "lo TX": 0.0,
    "enp3s0 RX": 120151563.0,
    "enp3s0 TX": 106506.0,
    "wlp2s0 RX": 0.0,
    "wlp2s0 TX": 0.0,
    "PDU power": 11.0
}