{
    "CPU temp": 60.0,
    "CPU load (/proc/stat)(1s)": 0.22922636103151864,
    "CPU power": 4.499317,
    "lo RX": 0.0,
    "lo TX": 0.0,
    "enp3s0 RX": 2033742.0,
    "enp3s0 TX": 122001626.0,
    "wlp2s0 RX": 0.0,
    "wlp2s0 TX": 0.0,
    "PDU power": 9.0
}