{
    "CPU temp": 60.0,
    "CPU load (/proc/stat)(1s)": 0.2471264367816092,
    "CPU power": 4.621082,
    "lo RX": 0.0,
    "lo TX": 0.0,
    "enp3s0 RX": 2058602.0,
    "enp3s0 TX": 119966862.0,
    "wlp2s0 RX": 0.0,
    "wlp2s0 TX": 0.0,
    "PDU power": 10.0
}