{
    "CPU temp": 59.0,
    "CPU load (/proc/stat)(1s)": 0.22608695652173913,
    "CPU power": 4.466847,
    "lo RX": 0.0,
    "lo TX": 0.0,
    "enp3s0 RX": 2041422.0,
    "enp3s0 TX": 121507954.0,
    "wlp2s0 RX": 0.0,
    "wlp2s0 TX": 0.0,
    "PDU power": 9.0
}