{
    "CPU temp": 59.0,
    "CPU load (/proc/stat)(1s)": 0.2781065088757396,
    "CPU power": 4.550098,
    "lo RX": 0.0,
    "lo TX": 0.0,
    "enp3s0 RX": 2053962.0,
    "enp3s0 TX": 121542722.0,
    "wlp2s0 RX": 0.0,
    "wlp2s0 TX": 0.0,
    "PDU power": 7.0
}