{
    "CPU temp": 59.0,
    "CPU load (/proc/stat)(1s)": 0.32460732984293195,
    "CPU power": 4.363698,
    "lo RX": 0.0,
    "lo TX": 0.0,
    "enp3s0 RX": 57223115.0,
    "enp3s0 TX": 17831847.0,
    "wlp2s0 RX": 0.0,
    "wlp2s0 TX": 0.0,
    "PDU power": 6.0
}