{
    "CPU temp": 60.0,
    "CPU load (/proc/stat)(1s)": 0.4421052631578947,
    "CPU power": 5.34575,
    "lo RX": 0.0,
    "lo TX": 0.0,
    "enp3s0 RX": 122463801.0,
    "enp3s0 TX": 108386.0,
    "wlp2s0 RX": 0.0,
    "wlp2s0 TX": 0.0,
    "PDU power": 9.0
}