{
    "CPU temp": 60.0,
    "CPU load (/proc/stat)(1s)": 0.4403183023872679,
    "CPU power": 5.662644,
    "lo RX": 0.0,
    "lo TX": 0.0,
    "enp3s0 RX": 122225979.0,
    "enp3s0 TX": 109062.0,
    "wlp2s0 RX": 0.0,
    "wlp2s0 TX": 0.0,
    "PDU power": 9.0
}