{
    "CPU temp": 55.0,
    "CPU load (/proc/stat)(1s)": 0.23404255319148937,
    "CPU power": 4.156911,
    "lo RX": 0.0,
    "lo TX": 0.0,
    "enp3s0 RX": 122439447.0,
    "enp3s0 TX": 136776.0,
    "wlp2s0 RX": 0.0,
    "wlp2s0 TX": 0.0,
    "PDU power": 8.0
}