{
    "CPU temp": 60.0,
    "CPU load (/proc/stat)(1s)": 0.5406824146981627,
    "CPU power": 6.13591,
    "lo RX": 0.0,
    "lo TX": 0.0,
    "enp3s0 RX": 120282054.0,
    "enp3s0 TX": 105442.0,
    "wlp2s0 RX": 0.0,
    "wlp2s0 TX": 0.0,
    "PDU power": 11.0
}