{
    "CPU temp": 61.0,
    "CPU load (/proc/stat)(1s)": 0.43783783783783786,
    "CPU power": 5.712327,
    "lo RX": 0.0,
    "lo TX": 0.0,
    "enp3s0 RX": 93514601.0,
    "enp3s0 TX": 29451682.0,
    "wlp2s0 RX": 0.0,
    "wlp2s0 TX": 0.0,
    "PDU power": 9.0
}