{
    "CPU temp": 62.0,
    "CPU load (/proc/stat)(1s)": 0.4783861671469741,
    "CPU power": 6.185104,
    "lo RX": 0.0,
    "lo TX": 0.0,
    "enp3s0 RX": 2064042.0,
    "enp3s0 TX": 120484436.0,
    "wlp2s0 RX": 0.0,
    "wlp2s0 TX": 0.0,
    "PDU power": 10.0
}