{
    "CPU temp": 62.0,
    "CPU load (/proc/stat)(1s)": 0.42485549132947975,
    "CPU power": 5.728257,
    "lo RX": 0.0,
    "lo TX": 0.0,
    "enp3s0 RX": 2013618.0,
    "enp3s0 TX": 121270272.0,
    "wlp2s0 RX": 0.0,
    "wlp2s0 TX": 0.0,
    "PDU power": 11.0
}