{
    "CPU temp": 59.0,
    "CPU load (/proc/stat)(1s)": 0.45977011494252873,
    "CPU power": 5.972152,
    "lo RX": 0.0,
    "lo TX": 0.0,
    "enp3s0 RX": 2039406.0,
    "enp3s0 TX": 121306432.0,
    "wlp2s0 RX": 0.0,
    "wlp2s0 TX": 0.0,
    "PDU power": 10.0
}