{
    "CPU temp": 55.0,
    "CPU load (/proc/stat)(1s)": 0.23404255319148937,
    "CPU power": 4.067373,
    "lo RX": 0.0,
    "lo TX": 0.0,
    "enp3s0 RX": 122431167.0,
    "enp3s0 TX": 111156.0,
    "wlp2s0 RX": 0.0,
    "wlp2s0 TX": 0.0,
    "PDU power": 7.0
}