{
    "CPU temp": 64.0,
    "CPU load (/proc/stat)(1s)": 0.6308900523560209,
    "CPU power": 6.80937,
    "lo RX": 0.0,
    "lo TX": 0.0,
    "enp3s0 RX": 122422352.0,
    "enp3s0 TX": 113016.0,
    "wlp2s0 RX": 0.0,
    "wlp2s0 TX": 0.0,
    "PDU power": 10.0
}