{
    "CPU temp": 64.0,
    "CPU load (/proc/stat)(1s)": 0.6385224274406333,
    "CPU power": 6.868635,
    "lo RX": 0.0,
    "lo TX": 0.0,
    "enp3s0 RX": 122396733.0,
    "enp3s0 TX": 107468.0,
    "wlp2s0 RX": 0.0,
    "wlp2s0 TX": 0.0,
    "PDU power": 11.0
}