{
    "CPU temp": 64.0,
    "CPU load (/proc/stat)(1s)": 0.6461988304093568,
    "CPU power": 7.158734,
    "lo RX": 0.0,
    "lo TX": 0.0,
    "enp3s0 RX": 2164775.0,
    "enp3s0 TX": 123223368.0,
    "wlp2s0 RX": 0.0,
    "wlp2s0 TX": 0.0,
    "PDU power": 10.0
}