{
    "CPU temp": 64.0,
    "CPU load (/proc/stat)(1s)": 0.6457142857142857,
    "CPU power": 7.118817,
    "lo RX": 0.0,
    "lo TX": 0.0,
    "enp3s0 RX": 2031264.0,
    "enp3s0 TX": 120295188.0,
    "wlp2s0 RX": 0.0,
    "wlp2s0 TX": 0.0,
    "PDU power": 11.0
}