{
    "CPU temp": 65.0,
    "CPU load (/proc/stat)(1s)": 0.6239067055393586,
    "CPU power": 7.004682,
    "lo RX": 0.0,
    "lo TX": 0.0,
    "enp3s0 RX": 2070840.0,
    "enp3s0 TX": 120657102.0,
    "wlp2s0 RX": 0.0,
    "wlp2s0 TX": 0.0,
    "PDU power": 10.0
}