{
    "CPU temp": 65.0,
    "CPU load (/proc/stat)(1s)": 0.6169590643274854,
    "CPU power": 6.970624,
    "lo RX": 0.0,
    "lo TX": 0.0,
    "enp3s0 RX": 2052642.0,
    "enp3s0 TX": 121732042.0,
    "wlp2s0 RX": 0.0,
    "wlp2s0 TX": 0.0,
    "PDU power": 10.0
}