{
    "CPU temp": 64.0,
    "CPU load (/proc/stat)(1s)": 0.5424164524421594,
    "CPU power": 5.868698,
    "lo RX": 0.0,
    "lo TX": 0.0,
    "enp3s0 RX": 63289965.0,
    "enp3s0 TX": 67710.0,
    "wlp2s0 RX": 0.0,
    "wlp2s0 TX": 0.0,
    "PDU power": 12.0
}