{
    "CPU temp": 55.0,
    "CPU load (/proc/stat)(1s)": 0.23646723646723647,
    "CPU power": 4.487538,
    "lo RX": 0.0,
    "lo TX": 0.0,
    "enp3s0 RX": 21584188.0,
    "enp3s0 TX": 103045036.0,
    "wlp2s0 RX": 0.0,
    "wlp2s0 TX": 0.0,
    "PDU power": 9.0
}