{
    "CPU temp": 60.0,
    "CPU load (/proc/stat)(1s)": 0.4987012987012987,
    "CPU power": 5.568712,
    "lo RX": 0.0,
    "lo TX": 0.0,
    "enp3s0 RX": 73899138.0,
    "enp3s0 TX": 70437.0,
    "wlp2s0 RX": 0.0,
    "wlp2s0 TX": 0.0,
    "PDU power": 11.0
}