{
    "CPU temp": 59.0,
    "CPU load (/proc/stat)(1s)": 0.43157894736842106,
    "CPU power": 5.119494,
    "lo RX": 0.0,
    "lo TX": 0.0,
    "enp3s0 RX": 54938690.0,
    "enp3s0 TX": 13823721.0,
    "wlp2s0 RX": 0.0,
    "wlp2s0 TX": 0.0,
    "PDU power": 10.0
}