{
    "CPU temp": 65.0,
    "CPU load (/proc/stat)(1s)": 0.821522309711286,
    "CPU power": 7.904826,
    "lo RX": 0.0,
    "lo TX": 0.0,
    "enp3s0 RX": 122757655.0,
    "enp3s0 TX": 107130.0,
    "wlp2s0 RX": 0.0,
    "wlp2s0 TX": 0.0,
    "PDU power": 12.0
}