{
    "CPU temp": 66.0,
    "CPU load (/proc/stat)(1s)": 0.8341968911917098,
    "CPU power": 8.042765,
    "lo RX": 0.0,
    "lo TX": 0.0,
    "enp3s0 RX": 122387530.0,
    "enp3s0 TX": 107936.0,
    "wlp2s0 RX": 0.0,
    "wlp2s0 TX": 0.0,
    "PDU power": 11.0
}