{
    "CPU temp": 67.0,
    "CPU load (/proc/stat)(1s)": 0.8249336870026526,
    "CPU power": 7.991984,
    "lo RX": 0.0,
    "lo TX": 0.0,
    "enp3s0 RX": 122425712.0,
    "enp3s0 TX": 110154.0,
    "wlp2s0 RX": 0.0,
    "wlp2s0 TX": 0.0,
    "PDU power": 11.0
}