{
    "CPU temp": 67.0,
    "CPU load (/proc/stat)(1s)": 0.8275862068965517,
    "CPU power": 8.129984,
    "lo RX": 0.0,
    "lo TX": 0.0,
    "enp3s0 RX": 13233350.0,
    "enp3s0 TX": 110348068.0,
    "wlp2s0 RX": 0.0,
    "wlp2s0 TX": 0.0,
    "PDU power": 12.0
}