{
    "CPU temp": 67.0,
    "CPU load (/proc/stat)(1s)": 0.8304597701149425,
    "CPU power": 8.182657,
    "lo RX": 0.0,
    "lo TX": 0.0,
    "enp3s0 RX": 2207476.0,
    "enp3s0 TX": 121447480.0,
    "wlp2s0 RX": 0.0,
    "wlp2s0 TX": 0.0,
    "PDU power": 11.0
}