{
    "CPU temp": 67.0,
    "CPU load (/proc/stat)(1s)": 0.8304597701149425,
    "CPU power": 8.166177,
    "lo RX": 0.0,
    "lo TX": 0.0,
    "enp3s0 RX": 2015441.0,
    "enp3s0 TX": 122597716.0,
    "wlp2s0 RX": 0.0,
    "wlp2s0 TX": 0.0,
    "PDU power": 11.0
}