{
    "CPU temp": 56.0,
    "CPU load (/proc/stat)(1s)": 0.19714285714285715,
    "CPU power": 4.257191,
    "lo RX": 0.0,
    "lo TX": 0.0,
    "enp3s0 RX": 2080804.0,
    "enp3s0 TX": 121008754.0,
    "wlp2s0 RX": 0.0,
    "wlp2s0 TX": 0.0,
    "PDU power": 8.0
}