{
    "CPU temp": 67.0,
    "CPU load (/proc/stat)(1s)": 0.612565445026178,
    "CPU power": 6.331466,
    "lo RX": 0.0,
    "lo TX": 0.0,
    "enp3s0 RX": 44580820.0,
    "enp3s0 TX": 28933631.0,
    "wlp2s0 RX": 0.0,
    "wlp2s0 TX": 0.0,
    "PDU power": 11.0
}