{
    "CPU temp": 68.0,
    "CPU load (/proc/stat)(1s)": 0.9331550802139037,
    "CPU power": 8.726784,
    "lo RX": 0.0,
    "lo TX": 0.0,
    "enp3s0 RX": 94493908.0,
    "enp3s0 TX": 28087436.0,
    "wlp2s0 RX": 0.0,
    "wlp2s0 TX": 0.0,
    "PDU power": 13.0
}