{
    "CPU temp": 68.0,
    "CPU load (/proc/stat)(1s)": 0.9244186046511628,
    "CPU power": 8.723122,
    "lo RX": 0.0,
    "lo TX": 0.0,
    "enp3s0 RX": 2175401.0,
    "enp3s0 TX": 122751052.0,
    "wlp2s0 RX": 0.0,
    "wlp2s0 TX": 0.0,
    "PDU power": 11.0
}