{
    "CPU temp": 61.0,
    "CPU load (/proc/stat)(1s)": 0.639686684073107,
    "CPU power": 6.780439,
    "lo RX": 0.0,
    "lo TX": 0.0,
    "enp3s0 RX": 117862709.0,
    "enp3s0 TX": 105148.0,
    "wlp2s0 RX": 0.0,
    "wlp2s0 TX": 0.0,
    "PDU power": 11.0
}