{
    "CPU temp": 56.0,
    "CPU load (/proc/stat)(1s)": 0.25142857142857145,
    "CPU power": 4.568653,
    "lo RX": 0.0,
    "lo TX": 0.0,
    "enp3s0 RX": 2029602.0,
    "enp3s0 TX": 122728132.0,
    "wlp2s0 RX": 0.0,
    "wlp2s0 TX": 0.0,
    "PDU power": 10.0
}