{
    "CPU temp": 68.0,
    "CPU load (/proc/stat)(1s)": 0.9252873563218391,
    "CPU power": 8.692116,
    "lo RX": 0.0,
    "lo TX": 0.0,
    "enp3s0 RX": 2087921.0,
    "enp3s0 TX": 122199834.0,
    "wlp2s0 RX": 0.0,
    "wlp2s0 TX": 0.0,
    "PDU power": 12.0
}