{
    "CPU temp": 68.0,
    "CPU load (/proc/stat)(1s)": 0.9255014326647565,
    "CPU power": 8.716225,
    "lo RX": 0.0,
    "lo TX": 0.0,
    "enp3s0 RX": 2106146.0,
    "enp3s0 TX": 121238302.0,
    "wlp2s0 RX": 0.0,
    "wlp2s0 TX": 0.0,
    "PDU power": 13.0
}