{
    "CPU temp": 67.0,
    "CPU load (/proc/stat)(1s)": 0.6137566137566137,
    "CPU power": 6.360152,
    "lo RX": 0.0,
    "lo TX": 0.0,
    "enp3s0 RX": 18283540.0,
    "enp3s0 TX": 54104103.0,
    "wlp2s0 RX": 0.0,
    "wlp2s0 TX": 0.0,
    "PDU power": 10.0
}