{
    "CPU temp": 63.0,
    "CPU load (/proc/stat)(1s)": 0.19736842105263158,
    "CPU power": 3.59075,
    "lo RX": 0.0,
    "lo TX": 0.0,
    "enp3s0 RX": 122383347.0,
    "enp3s0 TX": 109074.0,
    "wlp2s0 RX": 0.0,
    "wlp2s0 TX": 0.0,
    "PDU power": 9.0
}