{
    "CPU temp": 62.0,
    "CPU load (/proc/stat)(1s)": 0.23076923076923078,
    "CPU power": 3.85375,
    "lo RX": 0.0,
    "lo TX": 0.0,
    "enp3s0 RX": 122460321.0,
    "enp3s0 TX": 108642.0,
    "wlp2s0 RX": 0.0,
    "wlp2s0 TX": 0.0,
    "PDU power": 8.0
}