{
    "CPU temp": 62.0,
    "CPU load (/proc/stat)(1s)": 0.22666666666666666,
    "CPU power": 3.800284,
    "lo RX": 0.0,
    "lo TX": 0.0,
    "enp3s0 RX": 122381593.0,
    "enp3s0 TX": 108912.0,
    "wlp2s0 RX": 0.0,
    "wlp2s0 TX": 0.0,
    "PDU power": 8.0
}