{
    "CPU temp": 60.0,
    "CPU load (/proc/stat)(1s)": 0.2047872340425532,
    "CPU power": 3.992483,
    "lo RX": 0.0,
    "lo TX": 0.0,
    "enp3s0 RX": 122390558.0,
    "enp3s0 TX": 113500.0,
    "wlp2s0 RX": 0.0,
    "wlp2s0 TX": 0.0,
    "PDU power": 10.0
}