{
    "CPU temp": 56.0,
    "CPU load (/proc/stat)(1s)": 0.23837209302325582,
    "CPU power": 4.293385,
    "lo RX": 0.0,
    "lo TX": 0.0,
    "enp3s0 RX": 2014122.0,
    "enp3s0 TX": 122569214.0,
    "wlp2s0 RX": 0.0,
    "wlp2s0 TX": 0.0,
    "PDU power": 8.0
}