{
    "CPU temp": 60.0,
    "CPU load (/proc/stat)(1s)": 0.2753623188405797,
    "CPU power": 4.561511,
    "lo RX": 0.0,
    "lo TX": 0.0,
    "enp3s0 RX": 2077026.0,
    "enp3s0 TX": 122578566.0,
    "wlp2s0 RX": 0.0,
    "wlp2s0 TX": 0.0,
    "PDU power": 9.0
}