{
    "CPU temp": 60.0,
    "CPU load (/proc/stat)(1s)": 0.2413793103448276,
    "CPU power": 4.542286,
    "lo RX": 0.0,
    "lo TX": 0.0,
    "enp3s0 RX": 2009531.0,
    "enp3s0 TX": 122130314.0,
    "wlp2s0 RX": 0.0,
    "wlp2s0 TX": 0.0,
    "PDU power": 11.0
}