{
    "CPU temp": 60.0,
    "CPU load (/proc/stat)(1s)": 0.2442528735632184,
    "CPU power": 4.579334,
    "lo RX": 0.0,
    "lo TX": 0.0,
    "enp3s0 RX": 1964703.0,
    "enp3s0 TX": 121912298.0,
    "wlp2s0 RX": 0.0,
    "wlp2s0 TX": 0.0,
    "PDU power": 10.0
}