{
    "CPU temp": 60.0,
    "CPU load (/proc/stat)(1s)": 0.27507163323782235,
    "CPU power": 4.713184,
    "lo RX": 0.0,
    "lo TX": 0.0,
    "enp3s0 RX": 1986449.0,
    "enp3s0 TX": 121535168.0,
    "wlp2s0 RX": 0.0,
    "wlp2s0 TX": 0.0,
    "PDU power": 9.0
}