{
    "CPU temp": 60.0,
    "CPU load (/proc/stat)(1s)": 0.24355300859598855,
    "CPU power": 4.550708,
    "lo RX": 0.0,
    "lo TX": 0.0,
    "enp3s0 RX": 1970921.0,
    "enp3s0 TX": 122673840.0,
    "wlp2s0 RX": 0.0,
    "wlp2s0 TX": 0.0,
    "PDU power": 9.0
}