{
    "CPU temp": 60.0,
    "CPU load (/proc/stat)(1s)": 0.22285714285714286,
    "CPU power": 4.345814,
    "lo RX": 0.0,
    "lo TX": 0.0,
    "enp3s0 RX": 1791524.0,
    "enp3s0 TX": 107804805.0,
    "wlp2s0 RX": 0.0,
    "wlp2s0 TX": 0.0,
    "PDU power": 9.0
}