{
    "CPU temp": 60.0,
    "CPU load (/proc/stat)(1s)": 0.38701298701298703,
    "CPU power": 4.960803,
    "lo RX": 0.0,
    "lo TX": 0.0,
    "enp3s0 RX": 78297170.0,
    "enp3s0 TX": 86082.0,
    "wlp2s0 RX": 0.0,
    "wlp2s0 TX": 0.0,
    "PDU power": 9.0
}