{
    "CPU temp": 61.0,
    "CPU load (/proc/stat)(1s)": 0.6455026455026455,
    "CPU power": 6.858503,
    "lo RX": 0.0,
    "lo TX": 0.0,
    "enp3s0 RX": 119829285.0,
    "enp3s0 TX": 105028.0,
    "wlp2s0 RX": 0.0,
    "wlp2s0 TX": 0.0,
    "PDU power": 10.0
}