{
    "CPU temp": 61.0,
    "CPU load (/proc/stat)(1s)": 0.4183381088825215,
    "CPU power": 5.686082,
    "lo RX": 0.0,
    "lo TX": 0.0,
    "enp3s0 RX": 2026032.0,
    "enp3s0 TX": 122618002.0,
    "wlp2s0 RX": 0.0,
    "wlp2s0 TX": 0.0,
    "PDU power": 10.0
}