{
    "CPU temp": 62.0,
    "CPU load (/proc/stat)(1s)": 0.46551724137931033,
    "CPU power": 6.069076,
    "lo RX": 0.0,
    "lo TX": 0.0,
    "enp3s0 RX": 2016234.0,
    "enp3s0 TX": 121085442.0,
    "wlp2s0 RX": 0.0,
    "wlp2s0 TX": 0.0,
    "PDU power": 10.0
}