{
    "CPU temp": 62.0,
    "CPU load (/proc/stat)(1s)": 0.40524781341107874,
    "CPU power": 5.738145,
    "lo RX": 0.0,
    "lo TX": 0.0,
    "enp3s0 RX": 2038408.0,
    "enp3s0 TX": 121777462.0,
    "wlp2s0 RX": 0.0,
    "wlp2s0 TX": 0.0,
    "PDU power": 9.0
}