{
    "CPU temp": 62.0,
    "CPU load (/proc/stat)(1s)": 0.4899135446685879,
    "CPU power": 6.204513,
    "lo RX": 0.0,
    "lo TX": 0.0,
    "enp3s0 RX": 2051321.0,
    "enp3s0 TX": 121957574.0,
    "wlp2s0 RX": 0.0,
    "wlp2s0 TX": 0.0,
    "PDU power": 10.0
}