{
    "CPU temp": 62.0,
    "CPU load (/proc/stat)(1s)": 0.6335078534031413,
    "CPU power": 6.80168,
    "lo RX": 0.0,
    "lo TX": 0.0,
    "enp3s0 RX": 117930272.0,
    "enp3s0 TX": 105026.0,
    "wlp2s0 RX": 0.0,
    "wlp2s0 TX": 0.0,
    "PDU power": 10.0
}