{
    "CPU temp": 64.0,
    "CPU load (/proc/stat)(1s)": 0.615606936416185,
    "CPU power": 6.905622,
    "lo RX": 0.0,
    "lo TX": 0.0,
    "enp3s0 RX": 2185553.0,
    "enp3s0 TX": 123098946.0,
    "wlp2s0 RX": 0.0,
    "wlp2s0 TX": 0.0,
    "PDU power": 11.0
}