{
    "CPU temp": 64.0,
    "CPU load (/proc/stat)(1s)": 0.6052631578947368,
    "CPU power": 6.863446,
    "lo RX": 0.0,
    "lo TX": 0.0,
    "enp3s0 RX": 2016327.0,
    "enp3s0 TX": 122257758.0,
    "wlp2s0 RX": 0.0,
    "wlp2s0 TX": 0.0,
    "PDU power": 12.0
}