{
    "CPU temp": 65.0,
    "CPU load (/proc/stat)(1s)": 0.6144927536231884,
    "CPU power": 6.931135,
    "lo RX": 0.0,
    "lo TX": 0.0,
    "enp3s0 RX": 1926131.0,
    "enp3s0 TX": 119541230.0,
    "wlp2s0 RX": 0.0,
    "wlp2s0 TX": 0.0,
    "PDU power": 11.0
}