{
    "CPU temp": 65.0,
    "CPU load (/proc/stat)(1s)": 0.6296296296296297,
    "CPU power": 6.996015,
    "lo RX": 0.0,
    "lo TX": 0.0,
    "enp3s0 RX": 2059482.0,
    "enp3s0 TX": 122558632.0,
    "wlp2s0 RX": 0.0,
    "wlp2s0 TX": 0.0,
    "PDU power": 10.0
}