{
    "CPU temp": 65.0,
    "CPU load (/proc/stat)(1s)": 0.6340057636887608,
    "CPU power": 7.065534,
    "lo RX": 0.0,
    "lo TX": 0.0,
    "enp3s0 RX": 2085688.0,
    "enp3s0 TX": 121279180.0,
    "wlp2s0 RX": 0.0,
    "wlp2s0 TX": 0.0,
    "PDU power": 9.0
}