{
    "CPU temp": 55.0,
    "CPU load (/proc/stat)(1s)": 0.21079691516709512,
    "CPU power": 3.483695,
    "lo RX": 0.0,
    "lo TX": 0.0,
    "enp3s0 RX": 467862.0,
    "enp3s0 TX": 25995910.0,
    "wlp2s0 RX": 0.0,
    "wlp2s0 TX": 0.0,
    "PDU power": 7.0
}