{
    "CPU temp": 65.0,
    "CPU load (/proc/stat)(1s)": 0.8253968253968254,
    "CPU power": 7.878581,
    "lo RX": 0.0,
    "lo TX": 0.0,
    "enp3s0 RX": 122396668.0,
    "enp3s0 TX": 117282.0,
    "wlp2s0 RX": 0.0,
    "wlp2s0 TX": 0.0,
    "PDU power": 10.0
}