{
    "CPU temp": 66.0,
    "CPU load (/proc/stat)(1s)": 0.8289473684210527,
    "CPU power": 7.879558,
    "lo RX": 0.0,
    "lo TX": 0.0,
    "enp3s0 RX": 122390797.0,
    "enp3s0 TX": 108640.0,
    "wlp2s0 RX": 0.0,
    "wlp2s0 TX": 0.0,
    "PDU power": 10.0
}