{
    "CPU temp": 66.0,
    "CPU load (/proc/stat)(1s)": 0.8275862068965517,
    "CPU power": 8.035623,
    "lo RX": 0.0,
    "lo TX": 0.0,
    "enp3s0 RX": 122212347.0,
    "enp3s0 TX": 117798.0,
    "wlp2s0 RX": 0.0,
    "wlp2s0 TX": 0.0,
    "PDU power": 10.0
}