{
    "CPU temp": 67.0,
    "CPU load (/proc/stat)(1s)": 0.835509138381201,
    "CPU power": 8.060404,
    "lo RX": 0.0,
    "lo TX": 0.0,
    "enp3s0 RX": 122819670.0,
    "enp3s0 TX": 106242.0,
    "wlp2s0 RX": 0.0,
    "wlp2s0 TX": 0.0,
    "PDU power": 12.0
}