{
    "CPU temp": 67.0,
    "CPU load (/proc/stat)(1s)": 0.8405797101449275,
    "CPU power": 8.19047,
    "lo RX": 0.0,
    "lo TX": 0.0,
    "enp3s0 RX": 10428614.0,
    "enp3s0 TX": 114009866.0,
    "wlp2s0 RX": 0.0,
    "wlp2s0 TX": 0.0,
    "PDU power": 13.0
}