{
    "CPU temp": 67.0,
    "CPU load (/proc/stat)(1s)": 0.8313953488372093,
    "CPU power": 8.196695,
    "lo RX": 0.0,
    "lo TX": 0.0,
    "enp3s0 RX": 2145941.0,
    "enp3s0 TX": 123316618.0,
    "wlp2s0 RX": 0.0,
    "wlp2s0 TX": 0.0,
    "PDU power": 11.0
}