{
    "CPU temp": 67.0,
    "CPU load (/proc/stat)(1s)": 0.8264705882352941,
    "CPU power": 8.144877,
    "lo RX": 0.0,
    "lo TX": 0.0,
    "enp3s0 RX": 2024160.0,
    "enp3s0 TX": 121075076.0,
    "wlp2s0 RX": 0.0,
    "wlp2s0 TX": 0.0,
    "PDU power": 12.0
}