{
    "CPU temp": 56.0,
    "CPU load (/proc/stat)(1s)": 0.3917525773195876,
    "CPU power": 4.899096,
    "lo RX": 0.0,
    "lo TX": 0.0,
    "enp3s0 RX": 68840006.0,
    "enp3s0 TX": 74930.0,
    "wlp2s0 RX": 0.0,
    "wlp2s0 TX": 0.0,
    "PDU power": 9.0
}