{
    "CPU temp": 62.0,
    "CPU load (/proc/stat)(1s)": 0.7301587301587301,
    "CPU power": 7.42271,
    "lo RX": 0.0,
    "lo TX": 0.0,
    "enp3s0 RX": 118596634.0,
    "enp3s0 TX": 103650.0,
    "wlp2s0 RX": 0.0,
    "wlp2s0 TX": 0.0,
    "PDU power": 11.0
}