{
    "CPU temp": 67.0,
    "CPU load (/proc/stat)(1s)": 0.8372781065088757,
    "CPU power": 8.225321,
    "lo RX": 0.0,
    "lo TX": 0.0,
    "enp3s0 RX": 2087802.0,
    "enp3s0 TX": 121989422.0,
    "wlp2s0 RX": 0.0,
    "wlp2s0 TX": 0.0,
    "PDU power": 11.0
}