{
    "CPU temp": 67.0,
    "CPU load (/proc/stat)(1s)": 0.7967914438502673,
    "CPU power": 7.720684,
    "lo RX": 0.0,
    "lo TX": 0.0,
    "enp3s0 RX": 960059.0,
    "enp3s0 TX": 54144032.0,
    "wlp2s0 RX": 0.0,
    "wlp2s0 TX": 0.0,
    "PDU power": 12.0
}