{
    "CPU temp": 56.0,
    "CPU load (/proc/stat)(1s)": 0.40992167101827676,
    "CPU power": 5.061083,
    "lo RX": 0.0,
    "lo TX": 0.0,
    "enp3s0 RX": 122419444.0,
    "enp3s0 TX": 107724.0,
    "wlp2s0 RX": 0.0,
    "wlp2s0 TX": 0.0,
    "PDU power": 10.0
}