{
    "CPU temp": 68.0,
    "CPU load (/proc/stat)(1s)": 0.9266862170087976,
    "CPU power": 8.739174,
    "lo RX": 0.0,
    "lo TX": 0.0,
    "enp3s0 RX": 2209168.0,
    "enp3s0 TX": 122169750.0,
    "wlp2s0 RX": 0.0,
    "wlp2s0 TX": 0.0,
    "PDU power": 11.0
}