{
    "CPU temp": 68.0,
    "CPU load (/proc/stat)(1s)": 0.9221902017291066,
    "CPU power": 8.715187,
    "lo RX": 0.0,
    "lo TX": 0.0,
    "enp3s0 RX": 2061342.0,
    "enp3s0 TX": 122954888.0,
    "wlp2s0 RX": 0.0,
    "wlp2s0 TX": 0.0,
    "PDU power": 12.0
}