{
    "CPU temp": 68.0,
    "CPU load (/proc/stat)(1s)": 0.9228571428571428,
    "CPU power": 8.707497,
    "lo RX": 0.0,
    "lo TX": 0.0,
    "enp3s0 RX": 2044986.0,
    "enp3s0 TX": 122676852.0,
    "wlp2s0 RX": 0.0,
    "wlp2s0 TX": 0.0,
    "PDU power": 12.0
}