{
    "CPU temp": 68.0,
    "CPU load (/proc/stat)(1s)": 0.9262536873156342,
    "CPU power": 8.693886,
    "lo RX": 0.0,
    "lo TX": 0.0,
    "enp3s0 RX": 1970862.0,
    "enp3s0 TX": 121276364.0,
    "wlp2s0 RX": 0.0,
    "wlp2s0 TX": 0.0,
    "PDU power": 12.0
}