{
    "CPU temp": 67.0,
    "CPU load (/proc/stat)(1s)": 0.6559139784946236,
    "CPU power": 6.690291,
    "lo RX": 0.0,
    "lo TX": 0.0,
    "enp3s0 RX": 9281248.0,
    "enp3s0 TX": 62716297.0,
    "wlp2s0 RX": 0.0,
    "wlp2s0 TX": 0.0,
    "PDU power": 10.0
}