{
    "CPU temp": 63.0,
    "CPU load (/proc/stat)(1s)": 0.2612137203166227,
    "CPU power": 4.07018,
    "lo RX": 0.0,
    "lo TX": 0.0,
    "enp3s0 RX": 122399613.0,
    "enp3s0 TX": 108750.0,
    "wlp2s0 RX": 0.0,
    "wlp2s0 TX": 0.0,
    "PDU power": 9.0
}