{
    "CPU temp": 61.0,
    "CPU load (/proc/stat)(1s)": 0.2328042328042328,
    "CPU power": 3.923574,
    "lo RX": 0.0,
    "lo TX": 0.0,
    "enp3s0 RX": 122461388.0,
    "enp3s0 TX": 113232.0,
    "wlp2s0 RX": 0.0,
    "wlp2s0 TX": 0.0,
    "PDU power": 9.0
}