{
    "CPU temp": 56.0,
    "CPU load (/proc/stat)(1s)": 0.43351063829787234,
    "CPU power": 5.489122,
    "lo RX": 0.0,
    "lo TX": 0.0,
    "enp3s0 RX": 122436009.0,
    "enp3s0 TX": 107830.0,
    "wlp2s0 RX": 0.0,
    "wlp2s0 TX": 0.0,
    "PDU power": 9.0
}