{
    "CPU temp": 63.0,
    "CPU load (/proc/stat)(1s)": 0.7329842931937173,
    "CPU power": 7.434612,
    "lo RX": 0.0,
    "lo TX": 0.0,
    "enp3s0 RX": 118360011.0,
    "enp3s0 TX": 103380.0,
    "wlp2s0 RX": 0.0,
    "wlp2s0 TX": 0.0,
    "PDU power": 11.0
}