{
    "CPU temp": 61.0,
    "CPU load (/proc/stat)(1s)": 0.22163588390501318,
    "CPU power": 4.016774,
    "lo RX": 0.0,
    "lo TX": 0.0,
    "enp3s0 RX": 122487306.0,
    "enp3s0 TX": 108264.0,
    "wlp2s0 RX": 0.0,
    "wlp2s0 TX": 0.0,
    "PDU power": 8.0
}