{
    "CPU temp": 60.0,
    "CPU load (/proc/stat)(1s)": 0.2371967654986523,
    "CPU power": 4.208302,
    "lo RX": 0.0,
    "lo TX": 0.0,
    "enp3s0 RX": 106208060.0,
    "enp3s0 TX": 16218288.0,
    "wlp2s0 RX": 0.0,
    "wlp2s0 TX": 0.0,
    "PDU power": 8.0
}