{
    "CPU temp": 59.0,
    "CPU load (/proc/stat)(1s)": 0.17579250720461095,
    "CPU power": 4.135121,
    "lo RX": 0.0,
    "lo TX": 0.0,
    "enp3s0 RX": 2016915.0,
    "enp3s0 TX": 121543372.0,
    "wlp2s0 RX": 0.0,
    "wlp2s0 TX": 0.0,
    "PDU power": 8.0
}