{
    "CPU temp": 59.0,
    "CPU load (/proc/stat)(1s)": 0.22832369942196531,
    "CPU power": 4.50365,
    "lo RX": 0.0,
    "lo TX": 0.0,
    "enp3s0 RX": 1997827.0,
    "enp3s0 TX": 121444472.0,
    "wlp2s0 RX": 0.0,
    "wlp2s0 TX": 0.0,
    "PDU power": 10.0
}