{
    "CPU temp": 59.0,
    "CPU load (/proc/stat)(1s)": 0.24566473988439305,
    "CPU power": 4.648914,
    "lo RX": 0.0,
    "lo TX": 0.0,
    "enp3s0 RX": 2014086.0,
    "enp3s0 TX": 120952156.0,
    "wlp2s0 RX": 0.0,
    "wlp2s0 TX": 0.0,
    "PDU power": 9.0
}