{
    "CPU temp": 59.0,
    "CPU load (/proc/stat)(1s)": 0.20110192837465565,
    "CPU power": 3.841604,
    "lo RX": 0.0,
    "lo TX": 0.0,
    "enp3s0 RX": 2601268.0,
    "enp3s0 TX": 69260175.0,
    "wlp2s0 RX": 0.0,
    "wlp2s0 TX": 0.0,
    "PDU power": 9.0
}