{
    "CPU temp": 61.0,
    "CPU load (/proc/stat)(1s)": 0.8258575197889182,
    "CPU power": 7.920451,
    "lo RX": 0.0,
    "lo TX": 0.0,
    "enp3s0 RX": 115906372.0,
    "enp3s0 TX": 102030.0,
    "wlp2s0 RX": 0.0,
    "wlp2s0 TX": 0.0,
    "PDU power": 11.0
}