{
    "CPU temp": 61.0,
    "CPU load (/proc/stat)(1s)": 0.40789473684210525,
    "CPU power": 5.168932,
    "lo RX": 0.0,
    "lo TX": 0.0,
    "enp3s0 RX": 122798594.0,
    "enp3s0 TX": 112744.0,
    "wlp2s0 RX": 0.0,
    "wlp2s0 TX": 0.0,
    "PDU power": 8.0
}