{
    "CPU temp": 61.0,
    "CPU load (/proc/stat)(1s)": 0.4306784660766962,
    "CPU power": 5.797165,
    "lo RX": 0.0,
    "lo TX": 0.0,
    "enp3s0 RX": 2064762.0,
    "enp3s0 TX": 122618252.0,
    "wlp2s0 RX": 0.0,
    "wlp2s0 TX": 0.0,
    "PDU power": 10.0
}