{
    "CPU temp": 61.0,
    "CPU load (/proc/stat)(1s)": 0.42028985507246375,
    "CPU power": 5.777756,
    "lo RX": 0.0,
    "lo TX": 0.0,
    "enp3s0 RX": 1958754.0,
    "enp3s0 TX": 122283874.0,
    "wlp2s0 RX": 0.0,
    "wlp2s0 TX": 0.0,
    "PDU power": 9.0
}