{
    "CPU temp": 62.0,
    "CPU load (/proc/stat)(1s)": 0.47398843930635837,
    "CPU power": 6.103011,
    "lo RX": 0.0,
    "lo TX": 0.0,
    "enp3s0 RX": 1992797.0,
    "enp3s0 TX": 121883428.0,
    "wlp2s0 RX": 0.0,
    "wlp2s0 TX": 0.0,
    "PDU power": 10.0
}