{
    "CPU temp": 61.0,
    "CPU load (/proc/stat)(1s)": 0.3673469387755102,
    "CPU power": 5.371934,
    "lo RX": 0.0,
    "lo TX": 0.0,
    "enp3s0 RX": 1997681.0,
    "enp3s0 TX": 122339102.0,
    "wlp2s0 RX": 0.0,
    "wlp2s0 TX": 0.0,
    "PDU power": 10.0
}