{
    "CPU temp": 61.0,
    "CPU load (/proc/stat)(1s)": 0.4256410256410256,
    "CPU power": 5.055834,
    "lo RX": 0.0,
    "lo TX": 0.0,
    "enp3s0 RX": 54440452.0,
    "enp3s0 TX": 67478.0,
    "wlp2s0 RX": 0.0,
    "wlp2s0 TX": 0.0,
    "PDU power": 10.0
}