{
    "CPU temp": 63.0,
    "CPU load (/proc/stat)(1s)": 0.6318537859007833,
    "CPU power": 6.755781,
    "lo RX": 0.0,
    "lo TX": 0.0,
    "enp3s0 RX": 122519099.0,
    "enp3s0 TX": 108366.0,
    "wlp2s0 RX": 0.0,
    "wlp2s0 TX": 0.0,
    "PDU power": 10.0
}