{
    "CPU temp": 64.0,
    "CPU load (/proc/stat)(1s)": 0.650137741046832,
    "CPU power": 7.06059,
    "lo RX": 0.0,
    "lo TX": 0.0,
    "enp3s0 RX": 76192378.0,
    "enp3s0 TX": 46782154.0,
    "wlp2s0 RX": 0.0,
    "wlp2s0 TX": 0.0,
    "PDU power": 11.0
}