{
    "CPU temp": 64.0,
    "CPU load (/proc/stat)(1s)": 0.6371681415929203,
    "CPU power": 7.046246,
    "lo RX": 0.0,
    "lo TX": 0.0,
    "enp3s0 RX": 2092596.0,
    "enp3s0 TX": 121990936.0,
    "wlp2s0 RX": 0.0,
    "wlp2s0 TX": 0.0,
    "PDU power": 11.0
}