{
    "CPU temp": 64.0,
    "CPU load (/proc/stat)(1s)": 0.6264705882352941,
    "CPU power": 7.050336,
    "lo RX": 0.0,
    "lo TX": 0.0,
    "enp3s0 RX": 2199641.0,
    "enp3s0 TX": 121320306.0,
    "wlp2s0 RX": 0.0,
    "wlp2s0 TX": 0.0,
    "PDU power": 10.0
}