{
    "CPU temp": 64.0,
    "CPU load (/proc/stat)(1s)": 0.632183908045977,
    "CPU power": 6.993024,
    "lo RX": 0.0,
    "lo TX": 0.0,
    "enp3s0 RX": 2040042.0,
    "enp3s0 TX": 122782830.0,
    "wlp2s0 RX": 0.0,
    "wlp2s0 TX": 0.0,
    "PDU power": 10.0
}