{
    "CPU temp": 65.0,
    "CPU load (/proc/stat)(1s)": 0.6901041666666666,
    "CPU power": 6.87486,
    "lo RX": 0.0,
    "lo TX": 0.0,
    "enp3s0 RX": 93675586.0,
    "enp3s0 TX": 103714.0,
    "wlp2s0 RX": 0.0,
    "wlp2s0 TX": 0.0,
    "PDU power": 11.0
}