{
    "CPU temp": 66.0,
    "CPU load (/proc/stat)(1s)": 0.8201058201058201,
    "CPU power": 7.92277,
    "lo RX": 0.0,
    "lo TX": 0.0,
    "enp3s0 RX": 122450969.0,
    "enp3s0 TX": 107506.0,
    "wlp2s0 RX": 0.0,
    "wlp2s0 TX": 0.0,
    "PDU power": 12.0
}