{
    "CPU temp": 67.0,
    "CPU load (/proc/stat)(1s)": 0.8284960422163589,
    "CPU power": 8.014628,
    "lo RX": 0.0,
    "lo TX": 0.0,
    "enp3s0 RX": 122298323.0,
    "enp3s0 TX": 109802.0,
    "wlp2s0 RX": 0.0,
    "wlp2s0 TX": 0.0,
    "PDU power": 10.0
}