{
    "CPU temp": 67.0,
    "CPU load (/proc/stat)(1s)": 0.8338192419825073,
    "CPU power": 8.192789,
    "lo RX": 0.0,
    "lo TX": 0.0,
    "enp3s0 RX": 2188103.0,
    "enp3s0 TX": 122109654.0,
    "wlp2s0 RX": 0.0,
    "wlp2s0 TX": 0.0,
    "PDU power": 12.0
}