{
    "CPU temp": 67.0,
    "CPU load (/proc/stat)(1s)": 0.8223495702005731,
    "CPU power": 8.146281,
    "lo RX": 0.0,
    "lo TX": 0.0,
    "enp3s0 RX": 1953360.0,
    "enp3s0 TX": 120210296.0,
    "wlp2s0 RX": 0.0,
    "wlp2s0 TX": 0.0,
    "PDU power": 11.0
}