{
    "CPU temp": 67.0,
    "CPU load (/proc/stat)(1s)": 0.8245614035087719,
    "CPU power": 8.150675,
    "lo RX": 0.0,
    "lo TX": 0.0,
    "enp3s0 RX": 2087538.0,
    "enp3s0 TX": 120243816.0,
    "wlp2s0 RX": 0.0,
    "wlp2s0 TX": 0.0,
    "PDU power": 11.0
}