{
    "CPU temp": 67.0,
    "CPU load (/proc/stat)(1s)": 0.8338278931750742,
    "CPU power": 8.239908,
    "lo RX": 0.0,
    "lo TX": 0.0,
    "enp3s0 RX": 2063322.0,
    "enp3s0 TX": 122399860.0,
    "wlp2s0 RX": 0.0,
    "wlp2s0 TX": 0.0,
    "PDU power": 13.0
}