{
    "CPU temp": 67.0,
    "CPU load (/proc/stat)(1s)": 0.7742857142857142,
    "CPU power": 7.788798,
    "lo RX": 0.0,
    "lo TX": 0.0,
    "enp3s0 RX": 1751571.0,
    "enp3s0 TX": 104866907.0,
    "wlp2s0 RX": 0.0,
    "wlp2s0 TX": 0.0,
    "PDU power": 9.0
}