{
    "CPU temp": 68.0,
    "CPU load (/proc/stat)(1s)": 0.9281914893617021,
    "CPU power": 8.646951,
    "lo RX": 0.0,
    "lo TX": 0.0,
    "enp3s0 RX": 122444734.0,
    "enp3s0 TX": 107792.0,
    "wlp2s0 RX": 0.0,
    "wlp2s0 TX": 0.0,
    "PDU power": 12.0
}