{
    "CPU temp": 68.0,
    "CPU load (/proc/stat)(1s)": 0.9253333333333333,
    "CPU power": 8.637429,
    "lo RX": 0.0,
    "lo TX": 0.0,
    "enp3s0 RX": 122369421.0,
    "enp3s0 TX": 108780.0,
    "wlp2s0 RX": 0.0,
    "wlp2s0 TX": 0.0,
    "PDU power": 11.0
}