{
    "CPU temp": 64.0,
    "CPU load (/proc/stat)(1s)": 0.8169761273209549,
    "CPU power": 7.970256,
    "lo RX": 0.0,
    "lo TX": 0.0,
    "enp3s0 RX": 118238352.0,
    "enp3s0 TX": 104322.0,
    "wlp2s0 RX": 0.0,
    "wlp2s0 TX": 0.0,
    "PDU power": 12.0
}