{
    "CPU temp": 58.0,
    "CPU load (/proc/stat)(1s)": 0.4367816091954023,
    "CPU power": 5.756699,
    "lo RX": 0.0,
    "lo TX": 0.0,
    "enp3s0 RX": 2189802.0,
    "enp3s0 TX": 123062830.0,
    "wlp2s0 RX": 0.0,
    "wlp2s0 TX": 0.0,
    "PDU power": 10.0
}