{
    "CPU temp": 68.0,
    "CPU load (/proc/stat)(1s)": 0.9296875,
    "CPU power": 8.653664,
    "lo RX": 0.0,
    "lo TX": 0.0,
    "enp3s0 RX": 122519339.0,
    "enp3s0 TX": 111288.0,
    "wlp2s0 RX": 0.0,
    "wlp2s0 TX": 0.0,
    "PDU power": 11.0
}