{
    "CPU temp": 68.0,
    "CPU load (/proc/stat)(1s)": 0.9226361031518625,
    "CPU power": 8.691567,
    "lo RX": 0.0,
    "lo TX": 0.0,
    "enp3s0 RX": 2169941.0,
    "enp3s0 TX": 122257272.0,
    "wlp2s0 RX": 0.0,
    "wlp2s0 TX": 0.0,
    "PDU power": 11.0
}