{
    "CPU temp": 68.0,
    "CPU load (/proc/stat)(1s)": 0.9217391304347826,
    "CPU power": 8.685037,
    "lo RX": 0.0,
    "lo TX": 0.0,
    "enp3s0 RX": 2048656.0,
    "enp3s0 TX": 121256646.0,
    "wlp2s0 RX": 0.0,
    "wlp2s0 TX": 0.0,
    "PDU power": 11.0
}