{
    "CPU temp": 58.0,
    "CPU load (/proc/stat)(1s)": 0.48703170028818443,
    "CPU power": 6.14421,
    "lo RX": 0.0,
    "lo TX": 0.0,
    "enp3s0 RX": 2136343.0,
    "enp3s0 TX": 122003608.0,
    "wlp2s0 RX": 0.0,
    "wlp2s0 TX": 0.0,
    "PDU power": 10.0
}