{
    "CPU temp": 55.0,
    "CPU load (/proc/stat)(1s)": 0.004987531172069825,
    "CPU power": 1.488827,
    "lo RX": 0.0,
    "lo TX": 0.0,
    "enp3s0 RX": 342.0,
    "enp3s0 TX": 210.0,
    "wlp2s0 RX": 0.0,
    "wlp2s0 TX": 0.0,
    "PDU power": 5.0
}