{
    "CPU temp": 58.0,
    "CPU load (/proc/stat)(1s)": 0.4653179190751445,
    "CPU power": 6.029526,
    "lo RX": 0.0,
    "lo TX": 0.0,
    "enp3s0 RX": 2012495.0,
    "enp3s0 TX": 121860662.0,
    "wlp2s0 RX": 0.0,
    "wlp2s0 TX": 0.0,
    "PDU power": 10.0
}