{
    "CPU temp": 59.0,
    "CPU load (/proc/stat)(1s)": 0.4514285714285714,
    "CPU power": 5.892319,
    "lo RX": 0.0,
    "lo TX": 0.0,
    "enp3s0 RX": 2055839.0,
    "enp3s0 TX": 121067116.0,
    "wlp2s0 RX": 0.0,
    "wlp2s0 TX": 0.0,
    "PDU power": 9.0
}