{
    "CPU temp": 65.0,
    "CPU load (/proc/stat)(1s)": 0.8315789473684211,
    "CPU power": 8.002116,
    "lo RX": 0.0,
    "lo TX": 0.0,
    "enp3s0 RX": 115302651.0,
    "enp3s0 TX": 102434.0,
    "wlp2s0 RX": 0.0,
    "wlp2s0 TX": 0.0,
    "PDU power": 11.0
}