{
    "CPU temp": 63.0,
    "CPU load (/proc/stat)(1s)": 0.541025641025641,
    "CPU power": 5.866013,
    "lo RX": 0.0,
    "lo TX": 0.0,
    "enp3s0 RX": 57646927.0,
    "enp3s0 TX": 58853.0,
    "wlp2s0 RX": 0.0,
    "wlp2s0 TX": 0.0,
    "PDU power": 9.0
}