{
    "CPU temp": 59.0,
    "CPU load (/proc/stat)(1s)": 0.42528735632183906,
    "CPU power": 5.675156,
    "lo RX": 0.0,
    "lo TX": 0.0,
    "enp3s0 RX": 1998978.0,
    "enp3s0 TX": 121221648.0,
    "wlp2s0 RX": 0.0,
    "wlp2s0 TX": 0.0,
    "PDU power": 9.0
}