{
    "CPU temp": 58.0,
    "CPU load (/proc/stat)(1s)": 0.3277310924369748,
    "CPU power": 4.830432,
    "lo RX": 0.0,
    "lo TX": 0.0,
    "enp3s0 RX": 1428156.0,
    "enp3s0 TX": 82966057.0,
    "wlp2s0 RX": 0.0,
    "wlp2s0 TX": 0.0,
    "PDU power": 8.0
}