{
    "CPU temp": 62.0,
    "CPU load (/proc/stat)(1s)": 0.8255208333333334,
    "CPU power": 7.966349,
    "lo RX": 0.0,
    "lo TX": 0.0,
    "enp3s0 RX": 115788787.0,
    "enp3s0 TX": 101136.0,
    "wlp2s0 RX": 0.0,
    "wlp2s0 TX": 0.0,
    "PDU power": 12.0
}