{
    "CPU temp": 57.0,
    "CPU load (/proc/stat)(1s)": 0.4095744680851064,
    "CPU power": 5.337572,
    "lo RX": 0.0,
    "lo TX": 0.0,
    "enp3s0 RX": 122300257.0,
    "enp3s0 TX": 112152.0,
    "wlp2s0 RX": 0.0,
    "wlp2s0 TX": 0.0,
    "PDU power": 10.0
}