{
    "CPU temp": 59.0,
    "CPU load (/proc/stat)(1s)": 0.6200527704485488,
    "CPU power": 6.659895,
    "lo RX": 0.0,
    "lo TX": 0.0,
    "enp3s0 RX": 122382660.0,
    "enp3s0 TX": 112582.0,
    "wlp2s0 RX": 0.0,
    "wlp2s0 TX": 0.0,
    "PDU power": 9.0
}