{
    "CPU temp": 60.0,
    "CPU load (/proc/stat)(1s)": 0.6117021276595744,
    "CPU power": 6.706892,
    "lo RX": 0.0,
    "lo TX": 0.0,
    "enp3s0 RX": 122440311.0,
    "enp3s0 TX": 106860.0,
    "wlp2s0 RX": 0.0,
    "wlp2s0 TX": 0.0,
    "PDU power": 10.0
}