{
    "CPU temp": 60.0,
    "CPU load (/proc/stat)(1s)": 0.6151832460732984,
    "CPU power": 6.719404,
    "lo RX": 0.0,
    "lo TX": 0.0,
    "enp3s0 RX": 122214041.0,
    "enp3s0 TX": 106914.0,
    "wlp2s0 RX": 0.0,
    "wlp2s0 TX": 0.0,
    "PDU power": 11.0
}