{
    "CPU temp": 55.0,
    "CPU load (/proc/stat)(1s)": 0.05504587155963303,
    "CPU power": 2.336969,
    "lo RX": 0.0,
    "lo TX": 0.0,
    "enp3s0 RX": 30753690.0,
    "enp3s0 TX": 121300574.0,
    "wlp2s0 RX": 0.0,
    "wlp2s0 TX": 0.0,
    "PDU power": 7.0
}