{
    "CPU temp": 54.0,
    "CPU load (/proc/stat)(1s)": 0.020100502512562814,
    "CPU power": 1.58575,
    "lo RX": 0.0,
    "lo TX": 0.0,
    "enp3s0 RX": 376240.0,
    "enp3s0 TX": 4255.0,
    "wlp2s0 RX": 0.0,
    "wlp2s0 TX": 0.0,
    "PDU power": 9.0
}