{
    "CPU temp": 61.0,
    "CPU load (/proc/stat)(1s)": 0.649025069637883,
    "CPU power": 6.928083,
    "lo RX": 0.0,
    "lo TX": 0.0,
    "enp3s0 RX": 36921151.0,
    "enp3s0 TX": 85572756.0,
    "wlp2s0 RX": 0.0,
    "wlp2s0 TX": 0.0,
    "PDU power": 11.0
}