{
    "CPU temp": 61.0,
    "CPU load (/proc/stat)(1s)": 0.6511627906976745,
    "CPU power": 7.079938,
    "lo RX": 0.0,
    "lo TX": 0.0,
    "enp3s0 RX": 2105609.0,
    "enp3s0 TX": 122569214.0,
    "wlp2s0 RX": 0.0,
    "wlp2s0 TX": 0.0,
    "PDU power": 11.0
}