{
    "CPU temp": 58.0,
    "CPU load (/proc/stat)(1s)": 0.029649595687331536,
    "CPU power": 2.834282,
    "lo RX": 0.0,
    "lo TX": 0.0,
    "enp3s0 RX": 122396346.0,
    "enp3s0 TX": 107378.0,
    "wlp2s0 RX": 0.0,
    "wlp2s0 TX": 0.0,
    "PDU power": 7.0
}