{
    "CPU temp": 61.0,
    "CPU load (/proc/stat)(1s)": 0.6286549707602339,
    "CPU power": 7.01988,
    "lo RX": 0.0,
    "lo TX": 0.0,
    "enp3s0 RX": 2039862.0,
    "enp3s0 TX": 121273230.0,
    "wlp2s0 RX": 0.0,
    "wlp2s0 TX": 0.0,
    "PDU power": 10.0
}