{
    "CPU temp": 62.0,
    "CPU load (/proc/stat)(1s)": 0.8232189973614775,
    "CPU power": 7.952067,
    "lo RX": 0.0,
    "lo TX": 0.0,
    "enp3s0 RX": 114554861.0,
    "enp3s0 TX": 99438.0,
    "wlp2s0 RX": 0.0,
    "wlp2s0 TX": 0.0,
    "PDU power": 12.0
}