{
    "CPU temp": 61.0,
    "CPU load (/proc/stat)(1s)": 0.6257142857142857,
    "CPU power": 6.88957,
    "lo RX": 0.0,
    "lo TX": 0.0,
    "enp3s0 RX": 2092722.0,
    "enp3s0 TX": 122399646.0,
    "wlp2s0 RX": 0.0,
    "wlp2s0 TX": 0.0,
    "PDU power": 11.0
}