{
    "CPU temp": 61.0,
    "CPU load (/proc/stat)(1s)": 0.5281501340482574,
    "CPU power": 5.858078,
    "lo RX": 0.0,
    "lo TX": 0.0,
    "enp3s0 RX": 35453855.0,
    "enp3s0 TX": 38174175.0,
    "wlp2s0 RX": 0.0,
    "wlp2s0 TX": 0.0,
    "PDU power": 12.0
}