{
    "CPU temp": 57.0,
    "CPU load (/proc/stat)(1s)": 0.2978142076502732,
    "CPU power": 4.426259,
    "lo RX": 0.0,
    "lo TX": 0.0,
    "enp3s0 RX": 11253904.0,
    "enp3s0 TX": 71439027.0,
    "wlp2s0 RX": 0.0,
    "wlp2s0 TX": 0.0,
    "PDU power": 10.0
}