{
    "CPU temp": 62.0,
    "CPU load (/proc/stat)(1s)": 0.8307291666666666,
    "CPU power": 7.894389,
    "lo RX": 0.0,
    "lo TX": 0.0,
    "enp3s0 RX": 122397093.0,
    "enp3s0 TX": 106698.0,
    "wlp2s0 RX": 0.0,
    "wlp2s0 TX": 0.0,
    "PDU power": 11.0
}