{
    "CPU temp": 58.0,
    "CPU load (/proc/stat)(1s)": 0.4051724137931034,
    "CPU power": 5.455919,
    "lo RX": 0.0,
    "lo TX": 0.0,
    "enp3s0 RX": 29689657.0,
    "enp3s0 TX": 122015960.0,
    "wlp2s0 RX": 0.0,
    "wlp2s0 TX": 0.0,
    "PDU power": 11.0
}