{
    "CPU temp": 55.0,
    "CPU load (/proc/stat)(1s)": 0.10933333333333334,
    "CPU power": 3.13842,
    "lo RX": 0.0,
    "lo TX": 0.0,
    "enp3s0 RX": 122320974.0,
    "enp3s0 TX": 109134.0,
    "wlp2s0 RX": 0.0,
    "wlp2s0 TX": 0.0,
    "PDU power": 9.0
}