{
    "CPU temp": 59.0,
    "CPU load (/proc/stat)(1s)": 0.4971751412429379,
    "CPU power": 6.269882,
    "lo RX": 0.0,
    "lo TX": 0.0,
    "enp3s0 RX": 12666630.0,
    "enp3s0 TX": 121275714.0,
    "wlp2s0 RX": 0.0,
    "wlp2s0 TX": 0.0,
    "PDU power": 10.0
}