{
    "CPU temp": 55.0,
    "CPU load (/proc/stat)(1s)": 0.12860892388451445,
    "CPU power": 3.177544,
    "lo RX": 0.0,
    "lo TX": 0.0,
    "enp3s0 RX": 122523194.0,
    "enp3s0 TX": 109218.0,
    "wlp2s0 RX": 0.0,
    "wlp2s0 TX": 0.0,
    "PDU power": 8.0
}