{
    "CPU temp": 55.0,
    "CPU load (/proc/stat)(1s)": 0.129973474801061,
    "CPU power": 3.233818,
    "lo RX": 0.0,
    "lo TX": 0.0,
    "enp3s0 RX": 122497963.0,
    "enp3s0 TX": 108694.0,
    "wlp2s0 RX": 0.0,
    "wlp2s0 TX": 0.0,
    "PDU power": 8.0
}