{
    "CPU temp": 55.0,
    "CPU load (/proc/stat)(1s)": 0.24804177545691905,
    "CPU power": 3.779715,
    "lo RX": 0.0,
    "lo TX": 0.0,
    "enp3s0 RX": 80881017.0,
    "enp3s0 TX": 81120.0,
    "wlp2s0 RX": 0.0,
    "wlp2s0 TX": 0.0,
    "PDU power": 8.0
}