{
    "CPU temp": 58.0,
    "CPU load (/proc/stat)(1s)": 0.37628865979381443,
    "CPU power": 4.665394,
    "lo RX": 0.0,
    "lo TX": 0.0,
    "enp3s0 RX": 8105891.0,
    "enp3s0 TX": 25026306.0,
    "wlp2s0 RX": 0.0,
    "wlp2s0 TX": 0.0,
    "PDU power": 9.0
}