{
    "CPU temp": 56.0,
    "CPU load (/proc/stat)(1s)": 0.22133333333333333,
    "CPU power": 4.078236,
    "lo RX": 0.0,
    "lo TX": 0.0,
    "enp3s0 RX": 122579212.0,
    "enp3s0 TX": 110256.0,
    "wlp2s0 RX": 0.0,
    "wlp2s0 TX": 0.0,
    "PDU power": 8.0
}