{
    "CPU temp": 64.0,
    "CPU load (/proc/stat)(1s)": 0.8211143695014663,
    "CPU power": 8.134318,
    "lo RX": 0.0,
    "lo TX": 0.0,
    "enp3s0 RX": 2207585.0,
    "enp3s0 TX": 122312298.0,
    "wlp2s0 RX": 0.0,
    "wlp2s0 TX": 0.0,
    "PDU power": 12.0
}