{
    "CPU temp": 56.0,
    "CPU load (/proc/stat)(1s)": 0.23607427055702918,
    "CPU power": 4.10613,
    "lo RX": 0.0,
    "lo TX": 0.0,
    "enp3s0 RX": 122268044.0,
    "enp3s0 TX": 109074.0,
    "wlp2s0 RX": 0.0,
    "wlp2s0 TX": 0.0,
    "PDU power": 9.0
}