{
    "CPU temp": 63.0,
    "CPU load (/proc/stat)(1s)": 0.8315789473684211,
    "CPU power": 7.978983,
    "lo RX": 0.0,
    "lo TX": 0.0,
    "enp3s0 RX": 116490978.0,
    "enp3s0 TX": 102270.0,
    "wlp2s0 RX": 0.0,
    "wlp2s0 TX": 0.0,
    "PDU power": 11.0
}