{
    "CPU temp": 64.0,
    "CPU load (/proc/stat)(1s)": 0.8279883381924198,
    "CPU power": 8.156473,
    "lo RX": 0.0,
    "lo TX": 0.0,
    "enp3s0 RX": 2087428.0,
    "enp3s0 TX": 120938636.0,
    "wlp2s0 RX": 0.0,
    "wlp2s0 TX": 0.0,
    "PDU power": 11.0
}