{
    "CPU temp": 56.0,
    "CPU load (/proc/stat)(1s)": 0.18783068783068782,
    "CPU power": 3.676809,
    "lo RX": 0.0,
    "lo TX": 0.0,
    "enp3s0 RX": 122507107.0,
    "enp3s0 TX": 108672.0,
    "wlp2s0 RX": 0.0,
    "wlp2s0 TX": 0.0,
    "PDU power": 7.0
}