{
    "CPU temp": 64.0,
    "CPU load (/proc/stat)(1s)": 0.8132992327365729,
    "CPU power": 7.735698,
    "lo RX": 0.0,
    "lo TX": 0.0,
    "enp3s0 RX": 420162.0,
    "enp3s0 TX": 23911206.0,
    "wlp2s0 RX": 0.0,
    "wlp2s0 TX": 0.0,
    "PDU power": 11.0
}