{
    "CPU temp": 56.0,
    "CPU load (/proc/stat)(1s)": 0.22506393861892582,
    "CPU power": 3.588126,
    "lo RX": 0.0,
    "lo TX": 0.0,
    "enp3s0 RX": 49035877.0,
    "enp3s0 TX": 44654.0,
    "wlp2s0 RX": 0.0,
    "wlp2s0 TX": 0.0,
    "PDU power": 7.0
}