{
    "CPU temp": 61.0,
    "CPU load (/proc/stat)(1s)": 0.6589595375722543,
    "CPU power": 7.201154,
    "lo RX": 0.0,
    "lo TX": 0.0,
    "enp3s0 RX": 34873595.0,
    "enp3s0 TX": 121551692.0,
    "wlp2s0 RX": 0.0,
    "wlp2s0 TX": 0.0,
    "PDU power": 10.0
}