{
    "CPU temp": 62.0,
    "CPU load (/proc/stat)(1s)": 0.026595744680851064,
    "CPU power": 2.648553,
    "lo RX": 0.0,
    "lo TX": 0.0,
    "enp3s0 RX": 122425859.0,
    "enp3s0 TX": 109158.0,
    "wlp2s0 RX": 0.0,
    "wlp2s0 TX": 0.0,
    "PDU power": 8.0
}