{
    "CPU temp": 62.0,
    "CPU load (/proc/stat)(1s)": 0.8352272727272727,
    "CPU power": 8.177225,
    "lo RX": 0.0,
    "lo TX": 0.0,
    "enp3s0 RX": 37986053.0,
    "enp3s0 TX": 122439980.0,
    "wlp2s0 RX": 0.0,
    "wlp2s0 TX": 0.0,
    "PDU power": 12.0
}