{
    "CPU temp": 56.0,
    "CPU load (/proc/stat)(1s)": 0.35092348284960423,
    "CPU power": 4.660205,
    "lo RX": 0.0,
    "lo TX": 0.0,
    "enp3s0 RX": 121067845.0,
    "enp3s0 TX": 111990.0,
    "wlp2s0 RX": 0.0,
    "wlp2s0 TX": 0.0,
    "PDU power": 9.0
}