{
    "CPU temp": 56.0,
    "CPU load (/proc/stat)(1s)": 0.3548387096774194,
    "CPU power": 4.92528,
    "lo RX": 0.0,
    "lo TX": 0.0,
    "enp3s0 RX": 122489180.0,
    "enp3s0 TX": 108982.0,
    "wlp2s0 RX": 0.0,
    "wlp2s0 TX": 0.0,
    "PDU power": 9.0
}