{
    "CPU temp": 63.0,
    "CPU load (/proc/stat)(1s)": 0.8441926345609065,
    "CPU power": 8.253702,
    "lo RX": 0.0,
    "lo TX": 0.0,
    "enp3s0 RX": 39866007.0,
    "enp3s0 TX": 121371768.0,
    "wlp2s0 RX": 0.0,
    "wlp2s0 TX": 0.0,
    "PDU power": 13.0
}