{
    "CPU temp": 64.0,
    "CPU load (/proc/stat)(1s)": 0.8461538461538461,
    "CPU power": 8.25767,
    "lo RX": 0.0,
    "lo TX": 0.0,
    "enp3s0 RX": 37848784.0,
    "enp3s0 TX": 120846806.0,
    "wlp2s0 RX": 0.0,
    "wlp2s0 TX": 0.0,
    "PDU power": 12.0
}