{
    "CPU temp": 63.0,
    "CPU load (/proc/stat)(1s)": 0.6597402597402597,
    "CPU power": 6.705366,
    "lo RX": 0.0,
    "lo TX": 0.0,
    "enp3s0 RX": 8942148.0,
    "enp3s0 TX": 28139054.0,
    "wlp2s0 RX": 0.0,
    "wlp2s0 TX": 0.0,
    "PDU power": 9.0
}