{
    "CPU temp": 57.0,
    "CPU load (/proc/stat)(1s)": 0.3556701030927835,
    "CPU power": 4.454822,
    "lo RX": 0.0,
    "lo TX": 0.0,
    "enp3s0 RX": 71961415.0,
    "enp3s0 TX": 69751.0,
    "wlp2s0 RX": 0.0,
    "wlp2s0 TX": 0.0,
    "PDU power": 9.0
}