{
    "CPU temp": 55.0,
    "CPU load (/proc/stat)(1s)": 0.011594202898550725,
    "CPU power": 3.058952,
    "lo RX": 0.0,
    "lo TX": 0.0,
    "enp3s0 RX": 2024243.0,
    "enp3s0 TX": 121803128.0,
    "wlp2s0 RX": 0.0,
    "wlp2s0 TX": 0.0,
    "PDU power": 7.0
}