{
    "CPU temp": 61.0,
    "CPU load (/proc/stat)(1s)": 0.05660377358490566,
    "CPU power": 2.575677,
    "lo RX": 0.0,
    "lo TX": 0.0,
    "enp3s0 RX": 31151918.0,
    "enp3s0 TX": 122441790.0,
    "wlp2s0 RX": 0.0,
    "wlp2s0 TX": 0.0,
    "PDU power": 9.0
}