{
    "CPU temp": 55.0,
    "CPU load (/proc/stat)(1s)": 0.01729106628242075,
    "CPU power": 3.047722,
    "lo RX": 0.0,
    "lo TX": 0.0,
    "enp3s0 RX": 1970319.0,
    "enp3s0 TX": 121924358.0,
    "wlp2s0 RX": 0.0,
    "wlp2s0 TX": 0.0,
    "PDU power": 8.0
}