{
    "CPU temp": 54.0,
    "CPU load (/proc/stat)(1s)": 0.014450867052023121,
    "CPU power": 3.051201,
    "lo RX": 0.0,
    "lo TX": 0.0,
    "enp3s0 RX": 1939691.0,
    "enp3s0 TX": 120626860.0,
    "wlp2s0 RX": 0.0,
    "wlp2s0 TX": 0.0,
    "PDU power": 7.0
}