{
    "CPU temp": 54.0,
    "CPU load (/proc/stat)(1s)": 0.04180064308681672,
    "CPU power": 2.170282,
    "lo RX": 0.0,
    "lo TX": 0.0,
    "enp3s0 RX": 1982106.0,
    "enp3s0 TX": 120408736.0,
    "wlp2s0 RX": 0.0,
    "wlp2s0 TX": 0.0,
    "PDU power": 7.0
}