{
    "CPU temp": 59.0,
    "CPU load (/proc/stat)(1s)": 0.44385026737967914,
    "CPU power": 5.55272,
    "lo RX": 0.0,
    "lo TX": 0.0,
    "enp3s0 RX": 122265464.0,
    "enp3s0 TX": 107472.0,
    "wlp2s0 RX": 0.0,
    "wlp2s0 TX": 0.0,
    "PDU power": 10.0
}