{
    "CPU temp": 54.0,
    "CPU load (/proc/stat)(1s)": 0.31139240506329113,
    "CPU power": 4.133352,
    "lo RX": 0.0,
    "lo TX": 0.0,
    "enp3s0 RX": 13145596.0,
    "enp3s0 TX": 26652.0,
    "wlp2s0 RX": 0.0,
    "wlp2s0 TX": 0.0,
    "PDU power": 8.0
}