{
    "CPU temp": 58.0,
    "CPU load (/proc/stat)(1s)": 0.22474747474747475,
    "CPU power": 3.690848,
    "lo RX": 0.0,
    "lo TX": 0.0,
    "enp3s0 RX": 2485.0,
    "enp3s0 TX": 1296.0,
    "wlp2s0 RX": 0.0,
    "wlp2s0 TX": 0.0,
    "PDU power": 10.0
}