{
    "CPU temp": 54.0,
    "CPU load (/proc/stat)(1s)": 0.17989417989417988,
    "CPU power": 3.554252,
    "lo RX": 0.0,
    "lo TX": 0.0,
    "enp3s0 RX": 122404303.0,
    "enp3s0 TX": 112152.0,
    "wlp2s0 RX": 0.0,
    "wlp2s0 TX": 0.0,
    "PDU power": 8.0
}