{
    "CPU temp": 60.0,
    "CPU load (/proc/stat)(1s)": 0.5343915343915344,
    "CPU power": 6.187118,
    "lo RX": 0.0,
    "lo TX": 0.0,
    "enp3s0 RX": 122432922.0,
    "enp3s0 TX": 107650.0,
    "wlp2s0 RX": 0.0,
    "wlp2s0 TX": 0.0,
    "PDU power": 10.0
}