{
    "CPU temp": 57.0,
    "CPU load (/proc/stat)(1s)": 0.26744186046511625,
    "CPU power": 4.761158,
    "lo RX": 0.0,
    "lo TX": 0.0,
    "enp3s0 RX": 46610356.0,
    "enp3s0 TX": 122221120.0,
    "wlp2s0 RX": 0.0,
    "wlp2s0 TX": 0.0,
    "PDU power": 10.0
}