{
    "CPU temp": 60.0,
    "CPU load (/proc/stat)(1s)": 0.5303430079155673,
    "CPU power": 6.117293,
    "lo RX": 0.0,
    "lo TX": 0.0,
    "enp3s0 RX": 122628846.0,
    "enp3s0 TX": 109352.0,
    "wlp2s0 RX": 0.0,
    "wlp2s0 TX": 0.0,
    "PDU power": 10.0
}