{
    "CPU temp": 60.0,
    "CPU load (/proc/stat)(1s)": 0.5372340425531915,
    "CPU power": 6.184311,
    "lo RX": 0.0,
    "lo TX": 0.0,
    "enp3s0 RX": 121736146.0,
    "enp3s0 TX": 110844.0,
    "wlp2s0 RX": 0.0,
    "wlp2s0 TX": 0.0,
    "PDU power": 11.0
}