{
    "CPU temp": 57.0,
    "CPU load (/proc/stat)(1s)": 0.2594752186588921,
    "CPU power": 4.583301,
    "lo RX": 0.0,
    "lo TX": 0.0,
    "enp3s0 RX": 35683635.0,
    "enp3s0 TX": 121317688.0,
    "wlp2s0 RX": 0.0,
    "wlp2s0 TX": 0.0,
    "PDU power": 10.0
}