{
    "CPU temp": 60.0,
    "CPU load (/proc/stat)(1s)": 0.42597402597402595,
    "CPU power": 5.107043,
    "lo RX": 0.0,
    "lo TX": 0.0,
    "enp3s0 RX": 78922998.0,
    "enp3s0 TX": 77881.0,
    "wlp2s0 RX": 0.0,
    "wlp2s0 TX": 0.0,
    "PDU power": 10.0
}