{
    "CPU temp": 56.0,
    "CPU load (/proc/stat)(1s)": 0.2885714285714286,
    "CPU power": 4.848132,
    "lo RX": 0.0,
    "lo TX": 0.0,
    "enp3s0 RX": 1930595.0,
    "enp3s0 TX": 122224076.0,
    "wlp2s0 RX": 0.0,
    "wlp2s0 TX": 0.0,
    "PDU power": 9.0
}