{
    "CPU temp": 61.0,
    "CPU load (/proc/stat)(1s)": 0.6312997347480106,
    "CPU power": 6.647505,
    "lo RX": 0.0,
    "lo TX": 0.0,
    "enp3s0 RX": 121839379.0,
    "enp3s0 TX": 107916.0,
    "wlp2s0 RX": 0.0,
    "wlp2s0 TX": 0.0,
    "PDU power": 10.0
}