{
    "CPU temp": 56.0,
    "CPU load (/proc/stat)(1s)": 0.2441860465116279,
    "CPU power": 4.52837,
    "lo RX": 0.0,
    "lo TX": 0.0,
    "enp3s0 RX": 1915302.0,
    "enp3s0 TX": 122850818.0,
    "wlp2s0 RX": 0.0,
    "wlp2s0 TX": 0.0,
    "PDU power": 9.0
}