{
    "CPU temp": 61.0,
    "CPU load (/proc/stat)(1s)": 0.6464379947229552,
    "CPU power": 6.848493,
    "lo RX": 0.0,
    "lo TX": 0.0,
    "enp3s0 RX": 122382013.0,
    "enp3s0 TX": 108628.0,
    "wlp2s0 RX": 0.0,
    "wlp2s0 TX": 0.0,
    "PDU power": 11.0
}