{
    "CPU temp": 56.0,
    "CPU load (/proc/stat)(1s)": 0.27167630057803466,
    "CPU power": 4.737842,
    "lo RX": 0.0,
    "lo TX": 0.0,
    "enp3s0 RX": 1906722.0,
    "enp3s0 TX": 122555588.0,
    "wlp2s0 RX": 0.0,
    "wlp2s0 TX": 0.0,
    "PDU power": 9.0
}