{
    "CPU temp": 56.0,
    "CPU load (/proc/stat)(1s)": 0.2292817679558011,
    "CPU power": 4.147328,
    "lo RX": 0.0,
    "lo TX": 0.0,
    "enp3s0 RX": 2017843.0,
    "enp3s0 TX": 108045303.0,
    "wlp2s0 RX": 0.0,
    "wlp2s0 TX": 0.0,
    "PDU power": 9.0
}