{
    "CPU temp": 62.0,
    "CPU load (/proc/stat)(1s)": 0.7331606217616581,
    "CPU power": 7.238873,
    "lo RX": 0.0,
    "lo TX": 0.0,
    "enp3s0 RX": 121056947.0,
    "enp3s0 TX": 108120.0,
    "wlp2s0 RX": 0.0,
    "wlp2s0 TX": 0.0,
    "PDU power": 10.0
}