{
    "CPU temp": 57.0,
    "CPU load (/proc/stat)(1s)": 0.4497354497354497,
    "CPU power": 5.339281,
    "lo RX": 0.0,
    "lo TX": 0.0,
    "enp3s0 RX": 122420838.0,
    "enp3s0 TX": 108586.0,
    "wlp2s0 RX": 0.0,
    "wlp2s0 TX": 0.0,
    "PDU power": 8.0
}