{
    "CPU temp": 63.0,
    "CPU load (/proc/stat)(1s)": 0.734375,
    "CPU power": 7.444011,
    "lo RX": 0.0,
    "lo TX": 0.0,
    "enp3s0 RX": 122650969.0,
    "enp3s0 TX": 108200.0,
    "wlp2s0 RX": 0.0,
    "wlp2s0 TX": 0.0,
    "PDU power": 11.0
}