{
    "CPU temp": 63.0,
    "CPU load (/proc/stat)(1s)": 0.7322834645669292,
    "CPU power": 7.406841,
    "lo RX": 0.0,
    "lo TX": 0.0,
    "enp3s0 RX": 122431436.0,
    "enp3s0 TX": 108048.0,
    "wlp2s0 RX": 0.0,
    "wlp2s0 TX": 0.0,
    "PDU power": 11.0
}