{
    "CPU temp": 58.0,
    "CPU load (/proc/stat)(1s)": 0.4101876675603217,
    "CPU power": 5.410326,
    "lo RX": 0.0,
    "lo TX": 0.0,
    "enp3s0 RX": 122397393.0,
    "enp3s0 TX": 108048.0,
    "wlp2s0 RX": 0.0,
    "wlp2s0 TX": 0.0,
    "PDU power": 8.0
}