{
    "CPU temp": 64.0,
    "CPU load (/proc/stat)(1s)": 0.7387862796833773,
    "CPU power": 7.439434,
    "lo RX": 0.0,
    "lo TX": 0.0,
    "enp3s0 RX": 121960652.0,
    "enp3s0 TX": 107922.0,
    "wlp2s0 RX": 0.0,
    "wlp2s0 TX": 0.0,
    "PDU power": 12.0
}