{
    "CPU temp": 64.0,
    "CPU load (/proc/stat)(1s)": 0.8294573643410853,
    "CPU power": 7.993083,
    "lo RX": 0.0,
    "lo TX": 0.0,
    "enp3s0 RX": 121167529.0,
    "enp3s0 TX": 112312.0,
    "wlp2s0 RX": 0.0,
    "wlp2s0 TX": 0.0,
    "PDU power": 12.0
}