{
    "CPU temp": 64.0,
    "CPU load (/proc/stat)(1s)": 0.830238726790451,
    "CPU power": 7.992838,
    "lo RX": 0.0,
    "lo TX": 0.0,
    "enp3s0 RX": 121202531.0,
    "enp3s0 TX": 107734.0,
    "wlp2s0 RX": 0.0,
    "wlp2s0 TX": 0.0,
    "PDU power": 10.0
}