{
    "CPU temp": 59.0,
    "CPU load (/proc/stat)(1s)": 0.4738372093023256,
    "CPU power": 6.034958,
    "lo RX": 0.0,
    "lo TX": 0.0,
    "enp3s0 RX": 1983646.0,
    "enp3s0 TX": 120928254.0,
    "wlp2s0 RX": 0.0,
    "wlp2s0 TX": 0.0,
    "PDU power": 10.0
}