{
    "CPU temp": 65.0,
    "CPU load (/proc/stat)(1s)": 0.8293963254593176,
    "CPU power": 7.978983,
    "lo RX": 0.0,
    "lo TX": 0.0,
    "enp3s0 RX": 122047956.0,
    "enp3s0 TX": 109436.0,
    "wlp2s0 RX": 0.0,
    "wlp2s0 TX": 0.0,
    "PDU power": 12.0
}