{
    "CPU temp": 65.0,
    "CPU load (/proc/stat)(1s)": 0.8452722063037249,
    "CPU power": 8.305582,
    "lo RX": 0.0,
    "lo TX": 0.0,
    "enp3s0 RX": 32543251.0,
    "enp3s0 TX": 122078718.0,
    "wlp2s0 RX": 0.0,
    "wlp2s0 TX": 0.0,
    "PDU power": 12.0
}