{
    "CPU temp": 65.0,
    "CPU load (/proc/stat)(1s)": 0.830238726790451,
    "CPU power": 8.049906,
    "lo RX": 0.0,
    "lo TX": 0.0,
    "enp3s0 RX": 122277548.0,
    "enp3s0 TX": 108556.0,
    "wlp2s0 RX": 0.0,
    "wlp2s0 TX": 0.0,
    "PDU power": 12.0
}