{
    "CPU temp": 59.0,
    "CPU load (/proc/stat)(1s)": 0.42318840579710143,
    "CPU power": 5.727647,
    "lo RX": 0.0,
    "lo TX": 0.0,
    "enp3s0 RX": 1968301.0,
    "enp3s0 TX": 120584308.0,
    "wlp2s0 RX": 0.0,
    "wlp2s0 TX": 0.0,
    "PDU power": 10.0
}