{
    "CPU temp": 59.0,
    "CPU load (/proc/stat)(1s)": 0.636604774535809,
    "CPU power": 6.698897,
    "lo RX": 0.0,
    "lo TX": 0.0,
    "enp3s0 RX": 122417115.0,
    "enp3s0 TX": 117066.0,
    "wlp2s0 RX": 0.0,
    "wlp2s0 TX": 0.0,
    "PDU power": 11.0
}