{
    "CPU temp": 57.0,
    "CPU load (/proc/stat)(1s)": 0.06493506493506493,
    "CPU power": 2.41485,
    "lo RX": 0.0,
    "lo TX": 0.0,
    "enp3s0 RX": 26409844.0,
    "enp3s0 TX": 122286978.0,
    "wlp2s0 RX": 0.0,
    "wlp2s0 TX": 0.0,
    "PDU power": 8.0
}