{
    "CPU temp": 66.0,
    "CPU load (/proc/stat)(1s)": 0.922077922077922,
    "CPU power": 8.523843,
    "lo RX": 0.0,
    "lo TX": 0.0,
    "enp3s0 RX": 122967805.0,
    "enp3s0 TX": 107994.0,
    "wlp2s0 RX": 0.0,
    "wlp2s0 TX": 0.0,
    "PDU power": 13.0
}