{
    "CPU temp": 56.0,
    "CPU load (/proc/stat)(1s)": 0.0749185667752443,
    "CPU power": 2.282892,
    "lo RX": 0.0,
    "lo TX": 0.0,
    "enp3s0 RX": 24160173.0,
    "enp3s0 TX": 121437906.0,
    "wlp2s0 RX": 0.0,
    "wlp2s0 TX": 0.0,
    "PDU power": 9.0
}