{
    "CPU temp": 66.0,
    "CPU load (/proc/stat)(1s)": 0.9263157894736842,
    "CPU power": 8.578286,
    "lo RX": 0.0,
    "lo TX": 0.0,
    "enp3s0 RX": 121576272.0,
    "enp3s0 TX": 106406.0,
    "wlp2s0 RX": 0.0,
    "wlp2s0 TX": 0.0,
    "PDU power": 12.0
}