{
    "CPU temp": 55.0,
    "CPU load (/proc/stat)(1s)": 0.29201101928374656,
    "CPU power": 4.462574,
    "lo RX": 0.0,
    "lo TX": 0.0,
    "enp3s0 RX": 25836572.0,
    "enp3s0 TX": 77386198.0,
    "wlp2s0 RX": 0.0,
    "wlp2s0 TX": 0.0,
    "PDU power": 8.0
}