{
    "CPU temp": 65.0,
    "CPU load (/proc/stat)(1s)": 0.7340425531914894,
    "CPU power": 7.334454,
    "lo RX": 0.0,
    "lo TX": 0.0,
    "enp3s0 RX": 116830681.0,
    "enp3s0 TX": 107318.0,
    "wlp2s0 RX": 0.0,
    "wlp2s0 TX": 0.0,
    "PDU power": 9.0
}