{
    "CPU temp": 56.0,
    "CPU load (/proc/stat)(1s)": 0.21846153846153846,
    "CPU power": 4.492969,
    "lo RX": 0.0,
    "lo TX": 0.0,
    "enp3s0 RX": 33661183.0,
    "enp3s0 TX": 120668860.0,
    "wlp2s0 RX": 0.0,
    "wlp2s0 TX": 0.0,
    "PDU power": 10.0
}