{
    "CPU temp": 57.0,
    "CPU load (/proc/stat)(1s)": 0.24269005847953215,
    "CPU power": 4.678333,
    "lo RX": 0.0,
    "lo TX": 0.0,
    "enp3s0 RX": 30703564.0,
    "enp3s0 TX": 122233432.0,
    "wlp2s0 RX": 0.0,
    "wlp2s0 TX": 0.0,
    "PDU power": 10.0
}