{
    "CPU temp": 62.0,
    "CPU load (/proc/stat)(1s)": 0.026455026455026454,
    "CPU power": 2.500055,
    "lo RX": 0.0,
    "lo TX": 0.0,
    "enp3s0 RX": 121638465.0,
    "enp3s0 TX": 111376.0,
    "wlp2s0 RX": 0.0,
    "wlp2s0 TX": 0.0,
    "PDU power": 7.0
}