{
    "CPU temp": 61.0,
    "CPU load (/proc/stat)(1s)": 0.013262599469496022,
    "CPU power": 2.441888,
    "lo RX": 0.0,
    "lo TX": 0.0,
    "enp3s0 RX": 122434975.0,
    "enp3s0 TX": 111752.0,
    "wlp2s0 RX": 0.0,
    "wlp2s0 TX": 0.0,
    "PDU power": 7.0
}