{
    "CPU temp": 60.0,
    "CPU load (/proc/stat)(1s)": 0.634020618556701,
    "CPU power": 6.539473,
    "lo RX": 0.0,
    "lo TX": 0.0,
    "enp3s0 RX": 122905639.0,
    "enp3s0 TX": 107560.0,
    "wlp2s0 RX": 0.0,
    "wlp2s0 TX": 0.0,
    "PDU power": 11.0
}