{
    "CPU temp": 59.0,
    "CPU load (/proc/stat)(1s)": 0.013297872340425532,
    "CPU power": 2.442193,
    "lo RX": 0.0,
    "lo TX": 0.0,
    "enp3s0 RX": 122361524.0,
    "enp3s0 TX": 110460.0,
    "wlp2s0 RX": 0.0,
    "wlp2s0 TX": 0.0,
    "PDU power": 7.0
}