{
    "CPU temp": 61.0,
    "CPU load (/proc/stat)(1s)": 0.6144927536231884,
    "CPU power": 6.895917,
    "lo RX": 0.0,
    "lo TX": 0.0,
    "enp3s0 RX": 2014722.0,
    "enp3s0 TX": 122124098.0,
    "wlp2s0 RX": 0.0,
    "wlp2s0 TX": 0.0,
    "PDU power": 10.0
}