{
    "CPU temp": 57.0,
    "CPU load (/proc/stat)(1s)": 0.0425531914893617,
    "CPU power": 2.867668,
    "lo RX": 0.0,
    "lo TX": 0.0,
    "enp3s0 RX": 122327629.0,
    "enp3s0 TX": 106504.0,
    "wlp2s0 RX": 0.0,
    "wlp2s0 TX": 0.0,
    "PDU power": 8.0
}