{
    "CPU temp": 62.0,
    "CPU load (/proc/stat)(1s)": 0.6441176470588236,
    "CPU power": 7.203717,
    "lo RX": 0.0,
    "lo TX": 0.0,
    "enp3s0 RX": 1989871.0,
    "enp3s0 TX": 122275498.0,
    "wlp2s0 RX": 0.0,
    "wlp2s0 TX": 0.0,
    "PDU power": 10.0
}