{
    "CPU temp": 58.0,
    "CPU load (/proc/stat)(1s)": 0.5043731778425656,
    "CPU power": 6.381697,
    "lo RX": 0.0,
    "lo TX": 0.0,
    "enp3s0 RX": 30449550.0,
    "enp3s0 TX": 122058090.0,
    "wlp2s0 RX": 0.0,
    "wlp2s0 TX": 0.0,
    "PDU power": 10.0
}