{
    "CPU temp": 62.0,
    "CPU load (/proc/stat)(1s)": 0.8311688311688312,
    "CPU power": 7.977702,
    "lo RX": 0.0,
    "lo TX": 0.0,
    "enp3s0 RX": 122200421.0,
    "enp3s0 TX": 110734.0,
    "wlp2s0 RX": 0.0,
    "wlp2s0 TX": 0.0,
    "PDU power": 10.0
}