{
    "CPU temp": 56.0,
    "CPU load (/proc/stat)(1s)": 0.1801566579634465,
    "CPU power": 3.565604,
    "lo RX": 0.0,
    "lo TX": 0.0,
    "enp3s0 RX": 95020679.0,
    "enp3s0 TX": 85668.0,
    "wlp2s0 RX": 0.0,
    "wlp2s0 TX": 0.0,
    "PDU power": 9.0
}