{
    "CPU temp": 59.0,
    "CPU load (/proc/stat)(1s)": 0.49700598802395207,
    "CPU power": 6.368698,
    "lo RX": 0.0,
    "lo TX": 0.0,
    "enp3s0 RX": 44059405.0,
    "enp3s0 TX": 121943644.0,
    "wlp2s0 RX": 0.0,
    "wlp2s0 TX": 0.0,
    "PDU power": 11.0
}