{
    "CPU temp": 55.0,
    "CPU load (/proc/stat)(1s)": 0.07957559681697612,
    "CPU power": 2.850335,
    "lo RX": 0.0,
    "lo TX": 0.0,
    "enp3s0 RX": 121777486.0,
    "enp3s0 TX": 110336.0,
    "wlp2s0 RX": 0.0,
    "wlp2s0 TX": 0.0,
    "PDU power": 8.0
}