{
    "CPU temp": 60.0,
    "CPU load (/proc/stat)(1s)": 0.49404761904761907,
    "CPU power": 6.33232,
    "lo RX": 0.0,
    "lo TX": 0.0,
    "enp3s0 RX": 35099223.0,
    "enp3s0 TX": 120569814.0,
    "wlp2s0 RX": 0.0,
    "wlp2s0 TX": 0.0,
    "PDU power": 12.0
}