{
    "CPU temp": 60.0,
    "CPU load (/proc/stat)(1s)": 0.5169491525423728,
    "CPU power": 5.949142,
    "lo RX": 0.0,
    "lo TX": 0.0,
    "enp3s0 RX": 30906693.0,
    "enp3s0 TX": 82630590.0,
    "wlp2s0 RX": 0.0,
    "wlp2s0 TX": 0.0,
    "PDU power": 11.0
}