{
    "CPU temp": 55.0,
    "CPU load (/proc/stat)(1s)": 0.18997361477572558,
    "CPU power": 3.437369,
    "lo RX": 0.0,
    "lo TX": 0.0,
    "enp3s0 RX": 73890321.0,
    "enp3s0 TX": 74043.0,
    "wlp2s0 RX": 0.0,
    "wlp2s0 TX": 0.0,
    "PDU power": 8.0
}