{
    "CPU temp": 64.0,
    "CPU load (/proc/stat)(1s)": 0.8255813953488372,
    "CPU power": 8.154581,
    "lo RX": 0.0,
    "lo TX": 0.0,
    "enp3s0 RX": 2092421.0,
    "enp3s0 TX": 122706736.0,
    "wlp2s0 RX": 0.0,
    "wlp2s0 TX": 0.0,
    "PDU power": 10.0
}