{
    "CPU temp": 65.0,
    "CPU load (/proc/stat)(1s)": 0.8313953488372093,
    "CPU power": 8.202249,
    "lo RX": 0.0,
    "lo TX": 0.0,
    "enp3s0 RX": 2130641.0,
    "enp3s0 TX": 123159674.0,
    "wlp2s0 RX": 0.0,
    "wlp2s0 TX": 0.0,
    "PDU power": 11.0
}