{
    "CPU temp": 56.0,
    "CPU load (/proc/stat)(1s)": 0.25066666666666665,
    "CPU power": 4.043263,
    "lo RX": 0.0,
    "lo TX": 0.0,
    "enp3s0 RX": 122281849.0,
    "enp3s0 TX": 109062.0,
    "wlp2s0 RX": 0.0,
    "wlp2s0 TX": 0.0,
    "PDU power": 9.0
}