{
    "CPU temp": 65.0,
    "CPU load (/proc/stat)(1s)": 0.8226744186046512,
    "CPU power": 8.125101,
    "lo RX": 0.0,
    "lo TX": 0.0,
    "enp3s0 RX": 2041012.0,
    "enp3s0 TX": 120954596.0,
    "wlp2s0 RX": 0.0,
    "wlp2s0 TX": 0.0,
    "PDU power": 9.0
}