{
    "CPU temp": 63.0,
    "CPU load (/proc/stat)(1s)": 0.6970588235294117,
    "CPU power": 7.500957,
    "lo RX": 0.0,
    "lo TX": 0.0,
    "enp3s0 RX": 44008657.0,
    "enp3s0 TX": 121706416.0,
    "wlp2s0 RX": 0.0,
    "wlp2s0 TX": 0.0,
    "PDU power": 12.0
}