{
    "CPU temp": 63.0,
    "CPU load (/proc/stat)(1s)": 0.5765027322404371,
    "CPU power": 6.288864,
    "lo RX": 0.0,
    "lo TX": 0.0,
    "enp3s0 RX": 15589002.0,
    "enp3s0 TX": 69232805.0,
    "wlp2s0 RX": 0.0,
    "wlp2s0 TX": 0.0,
    "PDU power": 12.0
}