{
    "CPU temp": 63.0,
    "CPU load (/proc/stat)(1s)": 0.4339080459770115,
    "CPU power": 5.696946,
    "lo RX": 0.0,
    "lo TX": 0.0,
    "enp3s0 RX": 27008110.0,
    "enp3s0 TX": 113868644.0,
    "wlp2s0 RX": 0.0,
    "wlp2s0 TX": 0.0,
    "PDU power": 9.0
}