{
    "CPU temp": 61.0,
    "CPU load (/proc/stat)(1s)": 0.04833836858006042,
    "CPU power": 2.526055,
    "lo RX": 0.0,
    "lo TX": 0.0,
    "enp3s0 RX": 10312476.0,
    "enp3s0 TX": 122616010.0,
    "wlp2s0 RX": 0.0,
    "wlp2s0 TX": 0.0,
    "PDU power": 8.0
}