{
    "CPU temp": 63.0,
    "CPU load (/proc/stat)(1s)": 0.8497109826589595,
    "CPU power": 8.336343,
    "lo RX": 0.0,
    "lo TX": 0.0,
    "enp3s0 RX": 27446790.0,
    "enp3s0 TX": 123156756.0,
    "wlp2s0 RX": 0.0,
    "wlp2s0 TX": 0.0,
    "PDU power": 12.0
}