{
    "CPU temp": 56.0,
    "CPU load (/proc/stat)(1s)": 0.2955145118733509,
    "CPU power": 4.304311,
    "lo RX": 0.0,
    "lo TX": 0.0,
    "enp3s0 RX": 122461688.0,
    "enp3s0 TX": 108534.0,
    "wlp2s0 RX": 0.0,
    "wlp2s0 TX": 0.0,
    "PDU power": 8.0
}