{
    "CPU temp": 59.0,
    "CPU load (/proc/stat)(1s)": 0.04747774480712166,
    "CPU power": 2.337335,
    "lo RX": 0.0,
    "lo TX": 0.0,
    "enp3s0 RX": 13216849.0,
    "enp3s0 TX": 122453860.0,
    "wlp2s0 RX": 0.0,
    "wlp2s0 TX": 0.0,
    "PDU power": 8.0
}