{
    "CPU temp": 57.0,
    "CPU load (/proc/stat)(1s)": 0.3482849604221636,
    "CPU power": 4.906603,
    "lo RX": 0.0,
    "lo TX": 0.0,
    "enp3s0 RX": 122485791.0,
    "enp3s0 TX": 109024.0,
    "wlp2s0 RX": 0.0,
    "wlp2s0 TX": 0.0,
    "PDU power": 9.0
}