{
    "CPU temp": 57.0,
    "CPU load (/proc/stat)(1s)": 0.3412698412698413,
    "CPU power": 4.847278,
    "lo RX": 0.0,
    "lo TX": 0.0,
    "enp3s0 RX": 122295775.0,
    "enp3s0 TX": 113130.0,
    "wlp2s0 RX": 0.0,
    "wlp2s0 TX": 0.0,
    "PDU power": 10.0
}