{
    "CPU temp": 56.0,
    "CPU load (/proc/stat)(1s)": 0.018469656992084433,
    "CPU power": 2.427911,
    "lo RX": 0.0,
    "lo TX": 0.0,
    "enp3s0 RX": 122393646.0,
    "enp3s0 TX": 107968.0,
    "wlp2s0 RX": 0.0,
    "wlp2s0 TX": 0.0,
    "PDU power": 7.0
}