{
    "CPU temp": 57.0,
    "CPU load (/proc/stat)(1s)": 0.3569553805774278,
    "CPU power": 4.929187,
    "lo RX": 0.0,
    "lo TX": 0.0,
    "enp3s0 RX": 121901545.0,
    "enp3s0 TX": 109930.0,
    "wlp2s0 RX": 0.0,
    "wlp2s0 TX": 0.0,
    "PDU power": 8.0
}