{
    "CPU temp": 55.0,
    "CPU load (/proc/stat)(1s)": 0.21727019498607242,
    "CPU power": 3.383597,
    "lo RX": 0.0,
    "lo TX": 0.0,
    "enp3s0 RX": 29869130.0,
    "enp3s0 TX": 68517661.0,
    "wlp2s0 RX": 0.0,
    "wlp2s0 TX": 0.0,
    "PDU power": 8.0
}