{
    "CPU temp": 57.0,
    "CPU load (/proc/stat)(1s)": 0.3605263157894737,
    "CPU power": 4.910877,
    "lo RX": 0.0,
    "lo TX": 0.0,
    "enp3s0 RX": 122417870.0,
    "enp3s0 TX": 108950.0,
    "wlp2s0 RX": 0.0,
    "wlp2s0 TX": 0.0,
    "PDU power": 10.0
}