{
    "CPU temp": 63.0,
    "CPU load (/proc/stat)(1s)": 0.22580645161290322,
    "CPU power": 4.545276,
    "lo RX": 0.0,
    "lo TX": 0.0,
    "enp3s0 RX": 37758168.0,
    "enp3s0 TX": 106887756.0,
    "wlp2s0 RX": 0.0,
    "wlp2s0 TX": 0.0,
    "PDU power": 9.0
}