{
    "CPU temp": 57.0,
    "CPU load (/proc/stat)(1s)": 0.29873417721518986,
    "CPU power": 3.770315,
    "lo RX": 0.0,
    "lo TX": 0.0,
    "enp3s0 RX": 4218.0,
    "enp3s0 TX": 4229.0,
    "wlp2s0 RX": 0.0,
    "wlp2s0 TX": 0.0,
    "PDU power": 8.0
}