{
    "CPU temp": 56.0,
    "CPU load (/proc/stat)(1s)": 0.23782234957020057,
    "CPU power": 4.499073,
    "lo RX": 0.0,
    "lo TX": 0.0,
    "enp3s0 RX": 16586884.0,
    "enp3s0 TX": 122289318.0,
    "wlp2s0 RX": 0.0,
    "wlp2s0 TX": 0.0,
    "PDU power": 9.0
}