{
    "CPU temp": 60.0,
    "CPU load (/proc/stat)(1s)": 0.08843537414965986,
    "CPU power": 2.50805,
    "lo RX": 0.0,
    "lo TX": 0.0,
    "enp3s0 RX": 35428922.0,
    "enp3s0 TX": 121509962.0,
    "wlp2s0 RX": 0.0,
    "wlp2s0 TX": 0.0,
    "PDU power": 8.0
}