{
    "CPU temp": 59.0,
    "CPU load (/proc/stat)(1s)": 0.09602649006622517,
    "CPU power": 2.67724,
    "lo RX": 0.0,
    "lo TX": 0.0,
    "enp3s0 RX": 38654089.0,
    "enp3s0 TX": 121278940.0,
    "wlp2s0 RX": 0.0,
    "wlp2s0 TX": 0.0,
    "PDU power": 9.0
}