{
    "CPU temp": 57.0,
    "CPU load (/proc/stat)(1s)": 0.412987012987013,
    "CPU power": 4.982226,
    "lo RX": 0.0,
    "lo TX": 0.0,
    "enp3s0 RX": 122343624.0,
    "enp3s0 TX": 108726.0,
    "wlp2s0 RX": 0.0,
    "wlp2s0 TX": 0.0,
    "PDU power": 10.0
}