{
    "CPU temp": 56.0,
    "CPU load (/proc/stat)(1s)": 0.2571428571428571,
    "CPU power": 4.692798,
    "lo RX": 0.0,
    "lo TX": 0.0,
    "enp3s0 RX": 32027324.0,
    "enp3s0 TX": 122109180.0,
    "wlp2s0 RX": 0.0,
    "wlp2s0 TX": 0.0,
    "PDU power": 8.0
}