{
    "CPU temp": 56.0,
    "CPU load (/proc/stat)(1s)": 0.19540229885057472,
    "CPU power": 4.268849,
    "lo RX": 0.0,
    "lo TX": 0.0,
    "enp3s0 RX": 31221249.0,
    "enp3s0 TX": 122508974.0,
    "wlp2s0 RX": 0.0,
    "wlp2s0 TX": 0.0,
    "PDU power": 8.0
}