{
    "CPU temp": 58.0,
    "CPU load (/proc/stat)(1s)": 0.41952506596306066,
    "CPU power": 5.230456,
    "lo RX": 0.0,
    "lo TX": 0.0,
    "enp3s0 RX": 122416775.0,
    "enp3s0 TX": 110208.0,
    "wlp2s0 RX": 0.0,
    "wlp2s0 TX": 0.0,
    "PDU power": 10.0
}