{
    "CPU temp": 57.0,
    "CPU load (/proc/stat)(1s)": 0.25360230547550433,
    "CPU power": 4.683216,
    "lo RX": 0.0,
    "lo TX": 0.0,
    "enp3s0 RX": 30262733.0,
    "enp3s0 TX": 122308520.0,
    "wlp2s0 RX": 0.0,
    "wlp2s0 TX": 0.0,
    "PDU power": 8.0
}