{
    "CPU temp": 58.0,
    "CPU load (/proc/stat)(1s)": 0.38461538461538464,
    "CPU power": 4.956286,
    "lo RX": 0.0,
    "lo TX": 0.0,
    "enp3s0 RX": 121398335.0,
    "enp3s0 TX": 113596.0,
    "wlp2s0 RX": 0.0,
    "wlp2s0 TX": 0.0,
    "PDU power": 9.0
}