{
    "CPU temp": 58.0,
    "CPU load (/proc/stat)(1s)": 0.46153846153846156,
    "CPU power": 5.885666,
    "lo RX": 0.0,
    "lo TX": 0.0,
    "enp3s0 RX": 28418595.0,
    "enp3s0 TX": 121352502.0,
    "wlp2s0 RX": 0.0,
    "wlp2s0 TX": 0.0,
    "PDU power": 11.0
}