{
    "CPU temp": 59.0,
    "CPU load (/proc/stat)(1s)": 0.4607329842931937,
    "CPU power": 5.464219,
    "lo RX": 0.0,
    "lo TX": 0.0,
    "enp3s0 RX": 117050996.0,
    "enp3s0 TX": 110353.0,
    "wlp2s0 RX": 0.0,
    "wlp2s0 TX": 0.0,
    "PDU power": 9.0
}