{
    "CPU temp": 55.0,
    "CPU load (/proc/stat)(1s)": 0.018421052631578946,
    "CPU power": 2.449761,
    "lo RX": 0.0,
    "lo TX": 0.0,
    "enp3s0 RX": 122429774.0,
    "enp3s0 TX": 108478.0,
    "wlp2s0 RX": 0.0,
    "wlp2s0 TX": 0.0,
    "PDU power": 8.0
}