{
    "CPU temp": 59.0,
    "CPU load (/proc/stat)(1s)": 0.554089709762533,
    "CPU power": 6.289656,
    "lo RX": 0.0,
    "lo TX": 0.0,
    "enp3s0 RX": 122633060.0,
    "enp3s0 TX": 118440.0,
    "wlp2s0 RX": 0.0,
    "wlp2s0 TX": 0.0,
    "PDU power": 10.0
}