{
    "CPU temp": 59.0,
    "CPU load (/proc/stat)(1s)": 0.45584045584045585,
    "CPU power": 5.948715,
    "lo RX": 0.0,
    "lo TX": 0.0,
    "enp3s0 RX": 31464376.0,
    "enp3s0 TX": 120842466.0,
    "wlp2s0 RX": 0.0,
    "wlp2s0 TX": 0.0,
    "PDU power": 9.0
}