{
    "CPU temp": 60.0,
    "CPU load (/proc/stat)(1s)": 0.5185185185185185,
    "CPU power": 5.985153,
    "lo RX": 0.0,
    "lo TX": 0.0,
    "enp3s0 RX": 122080381.0,
    "enp3s0 TX": 111086.0,
    "wlp2s0 RX": 0.0,
    "wlp2s0 TX": 0.0,
    "PDU power": 10.0
}