{
    "CPU temp": 59.0,
    "CPU load (/proc/stat)(1s)": 0.44508670520231214,
    "CPU power": 5.876633,
    "lo RX": 0.0,
    "lo TX": 0.0,
    "enp3s0 RX": 20062199.0,
    "enp3s0 TX": 122162340.0,
    "wlp2s0 RX": 0.0,
    "wlp2s0 TX": 0.0,
    "PDU power": 11.0
}