{
    "CPU temp": 60.0,
    "CPU load (/proc/stat)(1s)": 0.5374331550802139,
    "CPU power": 6.255843,
    "lo RX": 0.0,
    "lo TX": 0.0,
    "enp3s0 RX": 122156783.0,
    "enp3s0 TX": 107614.0,
    "wlp2s0 RX": 0.0,
    "wlp2s0 TX": 0.0,
    "PDU power": 10.0
}