{
    "CPU temp": 59.0,
    "CPU load (/proc/stat)(1s)": 0.31521739130434784,
    "CPU power": 4.698108,
    "lo RX": 0.0,
    "lo TX": 0.0,
    "enp3s0 RX": 10527535.0,
    "enp3s0 TX": 72770831.0,
    "wlp2s0 RX": 0.0,
    "wlp2s0 TX": 0.0,
    "PDU power": 10.0
}