{
    "CPU temp": 60.0,
    "CPU load (/proc/stat)(1s)": 0.5418848167539267,
    "CPU power": 6.234725,
    "lo RX": 0.0,
    "lo TX": 0.0,
    "enp3s0 RX": 122040566.0,
    "enp3s0 TX": 110098.0,
    "wlp2s0 RX": 0.0,
    "wlp2s0 TX": 0.0,
    "PDU power": 11.0
}