{
    "CPU temp": 61.0,
    "CPU load (/proc/stat)(1s)": 0.6428571428571429,
    "CPU power": 7.124738,
    "lo RX": 0.0,
    "lo TX": 0.0,
    "enp3s0 RX": 39393624.0,
    "enp3s0 TX": 121220056.0,
    "wlp2s0 RX": 0.0,
    "wlp2s0 TX": 0.0,
    "PDU power": 13.0
}