{
    "CPU temp": 61.0,
    "CPU load (/proc/stat)(1s)": 0.638728323699422,
    "CPU power": 7.060834,
    "lo RX": 0.0,
    "lo TX": 0.0,
    "enp3s0 RX": 39090506.0,
    "enp3s0 TX": 120513834.0,
    "wlp2s0 RX": 0.0,
    "wlp2s0 TX": 0.0,
    "PDU power": 10.0
}