{
    "CPU temp": 60.0,
    "CPU load (/proc/stat)(1s)": 0.4925373134328358,
    "CPU power": 6.336044,
    "lo RX": 0.0,
    "lo TX": 0.0,
    "enp3s0 RX": 54334902.0,
    "enp3s0 TX": 120308918.0,
    "wlp2s0 RX": 0.0,
    "wlp2s0 TX": 0.0,
    "PDU power": 10.0
}