{
    "CPU temp": 61.0,
    "CPU load (/proc/stat)(1s)": 0.5027472527472527,
    "CPU power": 5.909287,
    "lo RX": 0.0,
    "lo TX": 0.0,
    "enp3s0 RX": 18206643.0,
    "enp3s0 TX": 78543877.0,
    "wlp2s0 RX": 0.0,
    "wlp2s0 TX": 0.0,
    "PDU power": 6.0
}