{
    "CPU temp": 60.0,
    "CPU load (/proc/stat)(1s)": 0.4178272980501393,
    "CPU power": 5.550522,
    "lo RX": 0.0,
    "lo TX": 0.0,
    "enp3s0 RX": 25241569.0,
    "enp3s0 TX": 78225739.0,
    "wlp2s0 RX": 0.0,
    "wlp2s0 TX": 0.0,
    "PDU power": 9.0
}