{
    "CPU temp": 55.0,
    "CPU load (/proc/stat)(1s)": 0.13624678663239073,
    "CPU power": 2.872002,
    "lo RX": 0.0,
    "lo TX": 0.0,
    "enp3s0 RX": 46096777.0,
    "enp3s0 TX": 43447.0,
    "wlp2s0 RX": 0.0,
    "wlp2s0 TX": 0.0,
    "PDU power": 8.0
}