{
    "CPU temp": 61.0,
    "CPU load (/proc/stat)(1s)": 0.4481865284974093,
    "CPU power": 5.225755,
    "lo RX": 0.0,
    "lo TX": 0.0,
    "enp3s0 RX": 62420902.0,
    "enp3s0 TX": 60797.0,
    "wlp2s0 RX": 0.0,
    "wlp2s0 TX": 0.0,
    "PDU power": 11.0
}