{
    "CPU temp": 61.0,
    "CPU load (/proc/stat)(1s)": 0.6892950391644909,
    "CPU power": 6.885053,
    "lo RX": 0.0,
    "lo TX": 0.0,
    "enp3s0 RX": 113003307.0,
    "enp3s0 TX": 106952.0,
    "wlp2s0 RX": 0.0,
    "wlp2s0 TX": 0.0,
    "PDU power": 11.0
}