{
    "CPU temp": 63.0,
    "CPU load (/proc/stat)(1s)": 0.8184438040345822,
    "CPU power": 8.072001,
    "lo RX": 0.0,
    "lo TX": 0.0,
    "enp3s0 RX": 30746858.0,
    "enp3s0 TX": 120231168.0,
    "wlp2s0 RX": 0.0,
    "wlp2s0 TX": 0.0,
    "PDU power": 13.0
}