{
    "CPU temp": 62.0,
    "CPU load (/proc/stat)(1s)": 0.6946107784431138,
    "CPU power": 7.54771,
    "lo RX": 0.0,
    "lo TX": 0.0,
    "enp3s0 RX": 44547827.0,
    "enp3s0 TX": 120685736.0,
    "wlp2s0 RX": 0.0,
    "wlp2s0 TX": 0.0,
    "PDU power": 11.0
}