{
    "CPU temp": 64.0,
    "CPU load (/proc/stat)(1s)": 0.8347826086956521,
    "CPU power": 8.230692,
    "lo RX": 0.0,
    "lo TX": 0.0,
    "enp3s0 RX": 36880254.0,
    "enp3s0 TX": 122105196.0,
    "wlp2s0 RX": 0.0,
    "wlp2s0 TX": 0.0,
    "PDU power": 11.0
}