{
    "CPU temp": 62.0,
    "CPU load (/proc/stat)(1s)": 0.7258485639686684,
    "CPU power": 7.354352,
    "lo RX": 0.0,
    "lo TX": 0.0,
    "enp3s0 RX": 122345484.0,
    "enp3s0 TX": 108294.0,
    "wlp2s0 RX": 0.0,
    "wlp2s0 TX": 0.0,
    "PDU power": 10.0
}