{
    "CPU temp": 64.0,
    "CPU load (/proc/stat)(1s)": 0.8318840579710145,
    "CPU power": 8.197184,
    "lo RX": 0.0,
    "lo TX": 0.0,
    "enp3s0 RX": 20097684.0,
    "enp3s0 TX": 122610862.0,
    "wlp2s0 RX": 0.0,
    "wlp2s0 TX": 0.0,
    "PDU power": 13.0
}