{
    "CPU temp": 63.0,
    "CPU load (/proc/stat)(1s)": 0.7328042328042328,
    "CPU power": 7.428692,
    "lo RX": 0.0,
    "lo TX": 0.0,
    "enp3s0 RX": 121659662.0,
    "enp3s0 TX": 108208.0,
    "wlp2s0 RX": 0.0,
    "wlp2s0 TX": 0.0,
    "PDU power": 11.0
}