{
    "CPU temp": 60.0,
    "CPU load (/proc/stat)(1s)": 0.08387096774193549,
    "CPU power": 2.302057,
    "lo RX": 0.0,
    "lo TX": 0.0,
    "enp3s0 RX": 22137778.0,
    "enp3s0 TX": 122248630.0,
    "wlp2s0 RX": 0.0,
    "wlp2s0 TX": 0.0,
    "PDU power": 8.0
}