{
    "CPU temp": 63.0,
    "CPU load (/proc/stat)(1s)": 0.7395833333333334,
    "CPU power": 7.373089,
    "lo RX": 0.0,
    "lo TX": 0.0,
    "enp3s0 RX": 121768461.0,
    "enp3s0 TX": 107632.0,
    "wlp2s0 RX": 0.0,
    "wlp2s0 TX": 0.0,
    "PDU power": 13.0
}