{
    "CPU temp": 59.0,
    "CPU load (/proc/stat)(1s)": 0.04129793510324484,
    "CPU power": 3.402152,
    "lo RX": 0.0,
    "lo TX": 0.0,
    "enp3s0 RX": 38924994.0,
    "enp3s0 TX": 119354858.0,
    "wlp2s0 RX": 0.0,
    "wlp2s0 TX": 0.0,
    "PDU power": 7.0
}