{
    "CPU temp": 65.0,
    "CPU load (/proc/stat)(1s)": 0.857566765578635,
    "CPU power": 8.464761,
    "lo RX": 0.0,
    "lo TX": 0.0,
    "enp3s0 RX": 35666210.0,
    "enp3s0 TX": 122451760.0,
    "wlp2s0 RX": 0.0,
    "wlp2s0 TX": 0.0,
    "PDU power": 12.0
}