{
    "CPU temp": 58.0,
    "CPU load (/proc/stat)(1s)": 0.050445103857566766,
    "CPU power": 3.353691,
    "lo RX": 0.0,
    "lo TX": 0.0,
    "enp3s0 RX": 34406478.0,
    "enp3s0 TX": 120336626.0,
    "wlp2s0 RX": 0.0,
    "wlp2s0 TX": 0.0,
    "PDU power": 9.0
}