{
    "CPU temp": 56.0,
    "CPU load (/proc/stat)(1s)": 0.0707395498392283,
    "CPU power": 2.478692,
    "lo RX": 0.0,
    "lo TX": 0.0,
    "enp3s0 RX": 28748488.0,
    "enp3s0 TX": 121827206.0,
    "wlp2s0 RX": 0.0,
    "wlp2s0 TX": 0.0,
    "PDU power": 8.0
}