{
    "CPU temp": 56.0,
    "CPU load (/proc/stat)(1s)": 0.2697947214076246,
    "CPU power": 4.806994,
    "lo RX": 0.0,
    "lo TX": 0.0,
    "enp3s0 RX": 30172141.0,
    "enp3s0 TX": 119635352.0,
    "wlp2s0 RX": 0.0,
    "wlp2s0 TX": 0.0,
    "PDU power": 7.0
}