{
    "CPU temp": 57.0,
    "CPU load (/proc/stat)(1s)": 0.26548672566371684,
    "CPU power": 4.898608,
    "lo RX": 0.0,
    "lo TX": 0.0,
    "enp3s0 RX": 42507739.0,
    "enp3s0 TX": 121508442.0,
    "wlp2s0 RX": 0.0,
    "wlp2s0 TX": 0.0,
    "PDU power": 9.0
}