{
    "CPU temp": 65.0,
    "CPU load (/proc/stat)(1s)": 0.9268929503916449,
    "CPU power": 8.547769,
    "lo RX": 0.0,
    "lo TX": 0.0,
    "enp3s0 RX": 122364820.0,
    "enp3s0 TX": 106658.0,
    "wlp2s0 RX": 0.0,
    "wlp2s0 TX": 0.0,
    "PDU power": 12.0
}