{
    "CPU temp": 57.0,
    "CPU load (/proc/stat)(1s)": 0.21407624633431085,
    "CPU power": 4.398854,
    "lo RX": 0.0,
    "lo TX": 0.0,
    "enp3s0 RX": 26245170.0,
    "enp3s0 TX": 121588258.0,
    "wlp2s0 RX": 0.0,
    "wlp2s0 TX": 0.0,
    "PDU power": 9.0
}