{
    "CPU temp": 58.0,
    "CPU load (/proc/stat)(1s)": 0.45930232558139533,
    "CPU power": 6.082321,
    "lo RX": 0.0,
    "lo TX": 0.0,
    "enp3s0 RX": 20295321.0,
    "enp3s0 TX": 121502462.0,
    "wlp2s0 RX": 0.0,
    "wlp2s0 TX": 0.0,
    "PDU power": 10.0
}