{
    "CPU temp": 55.0,
    "CPU load (/proc/stat)(1s)": 0.21220159151193635,
    "CPU power": 3.720327,
    "lo RX": 0.0,
    "lo TX": 0.0,
    "enp3s0 RX": 122429713.0,
    "enp3s0 TX": 108480.0,
    "wlp2s0 RX": 0.0,
    "wlp2s0 TX": 0.0,
    "PDU power": 9.0
}