{
    "CPU temp": 55.0,
    "CPU load (/proc/stat)(1s)": 0.017391304347826087,
    "CPU power": 2.492547,
    "lo RX": 0.0,
    "lo TX": 0.0,
    "enp3s0 RX": 2226834.0,
    "enp3s0 TX": 120855528.0,
    "wlp2s0 RX": 0.0,
    "wlp2s0 TX": 0.0,
    "PDU power": 8.0
}