{
    "CPU temp": 59.0,
    "CPU load (/proc/stat)(1s)": 0.4678362573099415,
    "CPU power": 6.171554,
    "lo RX": 0.0,
    "lo TX": 0.0,
    "enp3s0 RX": 30902323.0,
    "enp3s0 TX": 121640380.0,
    "wlp2s0 RX": 0.0,
    "wlp2s0 TX": 0.0,
    "PDU power": 9.0
}