{
    "CPU temp": 54.0,
    "CPU load (/proc/stat)(1s)": 0.025495750708215296,
    "CPU power": 2.678887,
    "lo RX": 0.0,
    "lo TX": 0.0,
    "enp3s0 RX": 2243568.0,
    "enp3s0 TX": 121108258.0,
    "wlp2s0 RX": 0.0,
    "wlp2s0 TX": 0.0,
    "PDU power": 8.0
}