{
    "CPU temp": 54.0,
    "CPU load (/proc/stat)(1s)": 0.0581039755351682,
    "CPU power": 2.154902,
    "lo RX": 0.0,
    "lo TX": 0.0,
    "enp3s0 RX": 2260601.0,
    "enp3s0 TX": 122252788.0,
    "wlp2s0 RX": 0.0,
    "wlp2s0 TX": 0.0,
    "PDU power": 7.0
}