{
    "CPU temp": 59.0,
    "CPU load (/proc/stat)(1s)": 0.44837758112094395,
    "CPU power": 6.102768,
    "lo RX": 0.0,
    "lo TX": 0.0,
    "enp3s0 RX": 35353450.0,
    "enp3s0 TX": 120721820.0,
    "wlp2s0 RX": 0.0,
    "wlp2s0 TX": 0.0,
    "PDU power": 10.0
}