{
    "CPU temp": 60.0,
    "CPU load (/proc/stat)(1s)": 0.49560117302052786,
    "CPU power": 6.349471,
    "lo RX": 0.0,
    "lo TX": 0.0,
    "enp3s0 RX": 45607739.0,
    "enp3s0 TX": 120889078.0,
    "wlp2s0 RX": 0.0,
    "wlp2s0 TX": 0.0,
    "PDU power": 10.0
}