{
    "CPU temp": 54.0,
    "CPU load (/proc/stat)(1s)": 0.2558139534883721,
    "CPU power": 3.680105,
    "lo RX": 0.0,
    "lo TX": 0.0,
    "enp3s0 RX": 72144783.0,
    "enp3s0 TX": 69399.0,
    "wlp2s0 RX": 0.0,
    "wlp2s0 TX": 0.0,
    "PDU power": 10.0
}