{
    "CPU temp": 55.0,
    "CPU load (/proc/stat)(1s)": 0.27296587926509186,
    "CPU power": 4.083059,
    "lo RX": 0.0,
    "lo TX": 0.0,
    "enp3s0 RX": 116090752.0,
    "enp3s0 TX": 103078.0,
    "wlp2s0 RX": 0.0,
    "wlp2s0 TX": 0.0,
    "PDU power": 9.0
}