{
    "CPU temp": 56.0,
    "CPU load (/proc/stat)(1s)": 0.11290322580645161,
    "CPU power": 3.405326,
    "lo RX": 0.0,
    "lo TX": 0.0,
    "enp3s0 RX": 121846801.0,
    "enp3s0 TX": 112714.0,
    "wlp2s0 RX": 0.0,
    "wlp2s0 TX": 0.0,
    "PDU power": 8.0
}