{
    "CPU temp": 56.0,
    "CPU load (/proc/stat)(1s)": 0.12169312169312169,
    "CPU power": 3.122184,
    "lo RX": 0.0,
    "lo TX": 0.0,
    "enp3s0 RX": 121893496.0,
    "enp3s0 TX": 113000.0,
    "wlp2s0 RX": 0.0,
    "wlp2s0 TX": 0.0,
    "PDU power": 7.0
}