{
    "CPU temp": 56.0,
    "CPU load (/proc/stat)(1s)": 0.2204724409448819,
    "CPU power": 3.869863,
    "lo RX": 0.0,
    "lo TX": 0.0,
    "enp3s0 RX": 122122021.0,
    "enp3s0 TX": 108048.0,
    "wlp2s0 RX": 0.0,
    "wlp2s0 TX": 0.0,
    "PDU power": 9.0
}