{
    "CPU temp": 62.0,
    "CPU load (/proc/stat)(1s)": 0.6588235294117647,
    "CPU power": 7.283063,
    "lo RX": 0.0,
    "lo TX": 0.0,
    "enp3s0 RX": 27341702.0,
    "enp3s0 TX": 120738974.0,
    "wlp2s0 RX": 0.0,
    "wlp2s0 TX": 0.0,
    "PDU power": 12.0
}