{
    "CPU temp": 55.0,
    "CPU load (/proc/stat)(1s)": 0.2650918635170604,
    "CPU power": 4.068227,
    "lo RX": 0.0,
    "lo TX": 0.0,
    "enp3s0 RX": 122386556.0,
    "enp3s0 TX": 108534.0,
    "wlp2s0 RX": 0.0,
    "wlp2s0 TX": 0.0,
    "PDU power": 7.0
}