{
    "CPU temp": 63.0,
    "CPU load (/proc/stat)(1s)": 0.7443181818181818,
    "CPU power": 7.536724,
    "lo RX": 0.0,
    "lo TX": 0.0,
    "enp3s0 RX": 19075370.0,
    "enp3s0 TX": 101759868.0,
    "wlp2s0 RX": 0.0,
    "wlp2s0 TX": 0.0,
    "PDU power": 12.0
}