{
    "CPU temp": 63.0,
    "CPU load (/proc/stat)(1s)": 0.8505747126436781,
    "CPU power": 8.371988,
    "lo RX": 0.0,
    "lo TX": 0.0,
    "enp3s0 RX": 40288255.0,
    "enp3s0 TX": 121654750.0,
    "wlp2s0 RX": 0.0,
    "wlp2s0 TX": 0.0,
    "PDU power": 12.0
}