{
    "CPU temp": 56.0,
    "CPU load (/proc/stat)(1s)": 0.26052631578947366,
    "CPU power": 3.966604,
    "lo RX": 0.0,
    "lo TX": 0.0,
    "enp3s0 RX": 93560151.0,
    "enp3s0 TX": 98866.0,
    "wlp2s0 RX": 0.0,
    "wlp2s0 TX": 0.0,
    "PDU power": 9.0
}