{
    "CPU temp": 56.0,
    "CPU load (/proc/stat)(1s)": 0.2640449438202247,
    "CPU power": 4.512928,
    "lo RX": 0.0,
    "lo TX": 0.0,
    "enp3s0 RX": 2260661.0,
    "enp3s0 TX": 122093872.0,
    "wlp2s0 RX": 0.0,
    "wlp2s0 TX": 0.0,
    "PDU power": 9.0
}