{
    "CPU temp": 56.0,
    "CPU load (/proc/stat)(1s)": 0.22955145118733508,
    "CPU power": 3.898306,
    "lo RX": 0.0,
    "lo TX": 0.0,
    "enp3s0 RX": 121706776.0,
    "enp3s0 TX": 117020.0,
    "wlp2s0 RX": 0.0,
    "wlp2s0 TX": 0.0,
    "PDU power": 8.0
}