{
    "CPU temp": 64.0,
    "CPU load (/proc/stat)(1s)": 0.846820809248555,
    "CPU power": 8.300394,
    "lo RX": 0.0,
    "lo TX": 0.0,
    "enp3s0 RX": 36279396.0,
    "enp3s0 TX": 122562670.0,
    "wlp2s0 RX": 0.0,
    "wlp2s0 TX": 0.0,
    "PDU power": 12.0
}