{
    "CPU temp": 65.0,
    "CPU load (/proc/stat)(1s)": 0.827893175074184,
    "CPU power": 8.216104,
    "lo RX": 0.0,
    "lo TX": 0.0,
    "enp3s0 RX": 34700354.0,
    "enp3s0 TX": 121914430.0,
    "wlp2s0 RX": 0.0,
    "wlp2s0 TX": 0.0,
    "PDU power": 13.0
}