{
    "CPU temp": 56.0,
    "CPU load (/proc/stat)(1s)": 0.22486772486772486,
    "CPU power": 3.95873,
    "lo RX": 0.0,
    "lo TX": 0.0,
    "enp3s0 RX": 122365179.0,
    "enp3s0 TX": 108950.0,
    "wlp2s0 RX": 0.0,
    "wlp2s0 TX": 0.0,
    "PDU power": 8.0
}