{
    "CPU temp": 65.0,
    "CPU load (/proc/stat)(1s)": 0.836676217765043,
    "CPU power": 8.233621,
    "lo RX": 0.0,
    "lo TX": 0.0,
    "enp3s0 RX": 31289706.0,
    "enp3s0 TX": 121430478.0,
    "wlp2s0 RX": 0.0,
    "wlp2s0 TX": 0.0,
    "PDU power": 12.0
}