{
    "CPU temp": 59.0,
    "CPU load (/proc/stat)(1s)": 0.09966777408637874,
    "CPU power": 2.509454,
    "lo RX": 0.0,
    "lo TX": 0.0,
    "enp3s0 RX": 41687043.0,
    "enp3s0 TX": 121353248.0,
    "wlp2s0 RX": 0.0,
    "wlp2s0 TX": 0.0,
    "PDU power": 8.0
}