{
    "CPU temp": 58.0,
    "CPU load (/proc/stat)(1s)": 0.09634551495016612,
    "CPU power": 2.40423,
    "lo RX": 0.0,
    "lo TX": 0.0,
    "enp3s0 RX": 30983264.0,
    "enp3s0 TX": 122246288.0,
    "wlp2s0 RX": 0.0,
    "wlp2s0 TX": 0.0,
    "PDU power": 8.0
}