{
    "CPU temp": 57.0,
    "CPU load (/proc/stat)(1s)": 0.3378016085790885,
    "CPU power": 4.890978,
    "lo RX": 0.0,
    "lo TX": 0.0,
    "enp3s0 RX": 121635437.0,
    "enp3s0 TX": 109032.0,
    "wlp2s0 RX": 0.0,
    "wlp2s0 TX": 0.0,
    "PDU power": 9.0
}