{
    "CPU temp": 57.0,
    "CPU load (/proc/stat)(1s)": 0.07917888563049853,
    "CPU power": 3.590811,
    "lo RX": 0.0,
    "lo TX": 0.0,
    "enp3s0 RX": 36003615.0,
    "enp3s0 TX": 120786664.0,
    "wlp2s0 RX": 0.0,
    "wlp2s0 TX": 0.0,
    "PDU power": 10.0
}