{
    "CPU temp": 57.0,
    "CPU load (/proc/stat)(1s)": 0.34316353887399464,
    "CPU power": 4.921252,
    "lo RX": 0.0,
    "lo TX": 0.0,
    "enp3s0 RX": 122366573.0,
    "enp3s0 TX": 106536.0,
    "wlp2s0 RX": 0.0,
    "wlp2s0 TX": 0.0,
    "PDU power": 8.0
}