{
    "CPU temp": 57.0,
    "CPU load (/proc/stat)(1s)": 0.23173803526448364,
    "CPU power": 3.373466,
    "lo RX": 0.0,
    "lo TX": 0.0,
    "enp3s0 RX": 1706.0,
    "enp3s0 TX": 1328.0,
    "wlp2s0 RX": 0.0,
    "wlp2s0 TX": 0.0,
    "PDU power": 8.0
}