{
    "CPU temp": 58.0,
    "CPU load (/proc/stat)(1s)": 0.4228571428571429,
    "CPU power": 5.697617,
    "lo RX": 0.0,
    "lo TX": 0.0,
    "enp3s0 RX": 2264081.0,
    "enp3s0 TX": 122867510.0,
    "wlp2s0 RX": 0.0,
    "wlp2s0 TX": 0.0,
    "PDU power": 11.0
}