{
    "CPU temp": 57.0,
    "CPU load (/proc/stat)(1s)": 0.21700879765395895,
    "CPU power": 4.381885,
    "lo RX": 0.0,
    "lo TX": 0.0,
    "enp3s0 RX": 29110202.0,
    "enp3s0 TX": 122842392.0,
    "wlp2s0 RX": 0.0,
    "wlp2s0 TX": 0.0,
    "PDU power": 10.0
}