{
    "CPU temp": 58.0,
    "CPU load (/proc/stat)(1s)": 0.4241573033707865,
    "CPU power": 5.701585,
    "lo RX": 0.0,
    "lo TX": 0.0,
    "enp3s0 RX": 2263521.0,
    "enp3s0 TX": 120784370.0,
    "wlp2s0 RX": 0.0,
    "wlp2s0 TX": 0.0,
    "PDU power": 11.0
}