{
    "CPU temp": 57.0,
    "CPU load (/proc/stat)(1s)": 0.3324468085106383,
    "CPU power": 4.816272,
    "lo RX": 0.0,
    "lo TX": 0.0,
    "enp3s0 RX": 121852946.0,
    "enp3s0 TX": 108764.0,
    "wlp2s0 RX": 0.0,
    "wlp2s0 TX": 0.0,
    "PDU power": 11.0
}