{
    "CPU temp": 58.0,
    "CPU load (/proc/stat)(1s)": 0.4376657824933687,
    "CPU power": 5.290392,
    "lo RX": 0.0,
    "lo TX": 0.0,
    "enp3s0 RX": 122327090.0,
    "enp3s0 TX": 110148.0,
    "wlp2s0 RX": 0.0,
    "wlp2s0 TX": 0.0,
    "PDU power": 9.0
}