{
    "CPU temp": 58.0,
    "CPU load (/proc/stat)(1s)": 0.43007915567282323,
    "CPU power": 5.388658,
    "lo RX": 0.0,
    "lo TX": 0.0,
    "enp3s0 RX": 122135527.0,
    "enp3s0 TX": 108826.0,
    "wlp2s0 RX": 0.0,
    "wlp2s0 TX": 0.0,
    "PDU power": 10.0
}