{
    "CPU temp": 58.0,
    "CPU load (/proc/stat)(1s)": 0.28023598820059,
    "CPU power": 5.00963,
    "lo RX": 0.0,
    "lo TX": 0.0,
    "enp3s0 RX": 39559227.0,
    "enp3s0 TX": 121564102.0,
    "wlp2s0 RX": 0.0,
    "wlp2s0 TX": 0.0,
    "PDU power": 10.0
}