{
    "CPU temp": 57.0,
    "CPU load (/proc/stat)(1s)": 0.2530487804878049,
    "CPU power": 4.891101,
    "lo RX": 0.0,
    "lo TX": 0.0,
    "enp3s0 RX": 48076311.0,
    "enp3s0 TX": 120211044.0,
    "wlp2s0 RX": 0.0,
    "wlp2s0 TX": 0.0,
    "PDU power": 8.0
}