{
    "CPU temp": 58.0,
    "CPU load (/proc/stat)(1s)": 0.4415204678362573,
    "CPU power": 5.713609,
    "lo RX": 0.0,
    "lo TX": 0.0,
    "enp3s0 RX": 37799952.0,
    "enp3s0 TX": 107160158.0,
    "wlp2s0 RX": 0.0,
    "wlp2s0 TX": 0.0,
    "PDU power": 8.0
}