{
    "CPU temp": 60.0,
    "CPU load (/proc/stat)(1s)": 0.6279683377308707,
    "CPU power": 6.726912,
    "lo RX": 0.0,
    "lo TX": 0.0,
    "enp3s0 RX": 118945443.0,
    "enp3s0 TX": 104374.0,
    "wlp2s0 RX": 0.0,
    "wlp2s0 TX": 0.0,
    "PDU power": 10.0
}