{
    "CPU temp": 59.0,
    "CPU load (/proc/stat)(1s)": 0.38082901554404147,
    "CPU power": 4.850696,
    "lo RX": 0.0,
    "lo TX": 0.0,
    "enp3s0 RX": 89226698.0,
    "enp3s0 TX": 88499.0,
    "wlp2s0 RX": 0.0,
    "wlp2s0 TX": 0.0,
    "PDU power": 9.0
}