{
    "CPU temp": 59.0,
    "CPU load (/proc/stat)(1s)": 0.4092140921409214,
    "CPU power": 5.183703,
    "lo RX": 0.0,
    "lo TX": 0.0,
    "enp3s0 RX": 17068815.0,
    "enp3s0 TX": 61236048.0,
    "wlp2s0 RX": 0.0,
    "wlp2s0 TX": 0.0,
    "PDU power": 9.0
}