{
    "CPU temp": 59.0,
    "CPU load (/proc/stat)(1s)": 0.4835820895522388,
    "CPU power": 6.312544,
    "lo RX": 0.0,
    "lo TX": 0.0,
    "enp3s0 RX": 41070532.0,
    "enp3s0 TX": 121079008.0,
    "wlp2s0 RX": 0.0,
    "wlp2s0 TX": 0.0,
    "PDU power": 8.0
}