{
    "CPU temp": 61.0,
    "CPU load (/proc/stat)(1s)": 0.6187845303867403,
    "CPU power": 6.830427,
    "lo RX": 0.0,
    "lo TX": 0.0,
    "enp3s0 RX": 2243802.0,
    "enp3s0 TX": 121497250.0,
    "wlp2s0 RX": 0.0,
    "wlp2s0 TX": 0.0,
    "PDU power": 10.0
}