{
    "CPU temp": 61.0,
    "CPU load (/proc/stat)(1s)": 0.7053571428571429,
    "CPU power": 7.552715,
    "lo RX": 0.0,
    "lo TX": 0.0,
    "enp3s0 RX": 40759933.0,
    "enp3s0 TX": 121450108.0,
    "wlp2s0 RX": 0.0,
    "wlp2s0 TX": 0.0,
    "PDU power": 12.0
}