{
    "CPU temp": 62.0,
    "CPU load (/proc/stat)(1s)": 0.6816816816816816,
    "CPU power": 7.441326,
    "lo RX": 0.0,
    "lo TX": 0.0,
    "enp3s0 RX": 63208102.0,
    "enp3s0 TX": 119341518.0,
    "wlp2s0 RX": 0.0,
    "wlp2s0 TX": 0.0,
    "PDU power": 12.0
}