{
    "CPU temp": 61.0,
    "CPU load (/proc/stat)(1s)": 0.636604774535809,
    "CPU power": 6.587141,
    "lo RX": 0.0,
    "lo TX": 0.0,
    "enp3s0 RX": 121776392.0,
    "enp3s0 TX": 107992.0,
    "wlp2s0 RX": 0.0,
    "wlp2s0 TX": 0.0,
    "PDU power": 10.0
}