{
    "CPU temp": 55.0,
    "CPU load (/proc/stat)(1s)": 0.22955145118733508,
    "CPU power": 4.006643,
    "lo RX": 0.0,
    "lo TX": 0.0,
    "enp3s0 RX": 122384713.0,
    "enp3s0 TX": 108130.0,
    "wlp2s0 RX": 0.0,
    "wlp2s0 TX": 0.0,
    "PDU power": 9.0
}