{
    "CPU temp": 61.0,
    "CPU load (/proc/stat)(1s)": 0.6259946949602122,
    "CPU power": 6.754988,
    "lo RX": 0.0,
    "lo TX": 0.0,
    "enp3s0 RX": 122188310.0,
    "enp3s0 TX": 109446.0,
    "wlp2s0 RX": 0.0,
    "wlp2s0 TX": 0.0,
    "PDU power": 10.0
}