{
    "CPU temp": 61.0,
    "CPU load (/proc/stat)(1s)": 0.6214099216710183,
    "CPU power": 6.453413,
    "lo RX": 0.0,
    "lo TX": 0.0,
    "enp3s0 RX": 122537327.0,
    "enp3s0 TX": 108002.0,
    "wlp2s0 RX": 0.0,
    "wlp2s0 TX": 0.0,
    "PDU power": 12.0
}