{
    "CPU temp": 63.0,
    "CPU load (/proc/stat)(1s)": 0.8511904761904762,
    "CPU power": 8.325601,
    "lo RX": 0.0,
    "lo TX": 0.0,
    "enp3s0 RX": 34963348.0,
    "enp3s0 TX": 122088674.0,
    "wlp2s0 RX": 0.0,
    "wlp2s0 TX": 0.0,
    "PDU power": 12.0
}