{
    "CPU temp": 62.0,
    "CPU load (/proc/stat)(1s)": 0.639686684073107,
    "CPU power": 6.88133,
    "lo RX": 0.0,
    "lo TX": 0.0,
    "enp3s0 RX": 122649427.0,
    "enp3s0 TX": 107340.0,
    "wlp2s0 RX": 0.0,
    "wlp2s0 TX": 0.0,
    "PDU power": 10.0
}