{
    "CPU temp": 64.0,
    "CPU load (/proc/stat)(1s)": 0.8513119533527697,
    "CPU power": 8.357461,
    "lo RX": 0.0,
    "lo TX": 0.0,
    "enp3s0 RX": 37655024.0,
    "enp3s0 TX": 121789198.0,
    "wlp2s0 RX": 0.0,
    "wlp2s0 TX": 0.0,
    "PDU power": 10.0
}