{
    "CPU temp": 62.0,
    "CPU load (/proc/stat)(1s)": 0.4727272727272727,
    "CPU power": 5.435838,
    "lo RX": 0.0,
    "lo TX": 0.0,
    "enp3s0 RX": 72387673.0,
    "enp3s0 TX": 72063.0,
    "wlp2s0 RX": 0.0,
    "wlp2s0 TX": 0.0,
    "PDU power": 9.0
}