{
    "CPU temp": 65.0,
    "CPU load (/proc/stat)(1s)": 0.8563049853372434,
    "CPU power": 8.390909,
    "lo RX": 0.0,
    "lo TX": 0.0,
    "enp3s0 RX": 43638713.0,
    "enp3s0 TX": 120530886.0,
    "wlp2s0 RX": 0.0,
    "wlp2s0 TX": 0.0,
    "PDU power": 12.0
}