{
    "CPU temp": 65.0,
    "CPU load (/proc/stat)(1s)": 0.8461538461538461,
    "CPU power": 8.355813,
    "lo RX": 0.0,
    "lo TX": 0.0,
    "enp3s0 RX": 38840488.0,
    "enp3s0 TX": 122394974.0,
    "wlp2s0 RX": 0.0,
    "wlp2s0 TX": 0.0,
    "PDU power": 12.0
}