{
    "CPU temp": 63.0,
    "CPU load (/proc/stat)(1s)": 0.7310704960835509,
    "CPU power": 7.426129,
    "lo RX": 0.0,
    "lo TX": 0.0,
    "enp3s0 RX": 121461864.0,
    "enp3s0 TX": 111822.0,
    "wlp2s0 RX": 0.0,
    "wlp2s0 TX": 0.0,
    "PDU power": 11.0
}