{
    "CPU temp": 63.0,
    "CPU load (/proc/stat)(1s)": 0.7313829787234043,
    "CPU power": 7.418621,
    "lo RX": 0.0,
    "lo TX": 0.0,
    "enp3s0 RX": 122753174.0,
    "enp3s0 TX": 108264.0,
    "wlp2s0 RX": 0.0,
    "wlp2s0 TX": 0.0,
    "PDU power": 10.0
}