{
    "CPU temp": 65.0,
    "CPU load (/proc/stat)(1s)": 0.8641618497109826,
    "CPU power": 8.431863,
    "lo RX": 0.0,
    "lo TX": 0.0,
    "enp3s0 RX": 46418972.0,
    "enp3s0 TX": 121286834.0,
    "wlp2s0 RX": 0.0,
    "wlp2s0 TX": 0.0,
    "PDU power": 11.0
}