{
    "CPU temp": 63.0,
    "CPU load (/proc/stat)(1s)": 0.5644329896907216,
    "CPU power": 5.973435,
    "lo RX": 0.0,
    "lo TX": 0.0,
    "enp3s0 RX": 74059173.0,
    "enp3s0 TX": 72311.0,
    "wlp2s0 RX": 0.0,
    "wlp2s0 TX": 0.0,
    "PDU power": 9.0
}