{
    "CPU temp": 58.0,
    "CPU load (/proc/stat)(1s)": 0.11258278145695365,
    "CPU power": 2.562921,
    "lo RX": 0.0,
    "lo TX": 0.0,
    "enp3s0 RX": 60434788.0,
    "enp3s0 TX": 101404942.0,
    "wlp2s0 RX": 0.0,
    "wlp2s0 TX": 0.0,
    "PDU power": 8.0
}