{
    "CPU temp": 56.0,
    "CPU load (/proc/stat)(1s)": 0.15460526315789475,
    "CPU power": 2.668268,
    "lo RX": 0.0,
    "lo TX": 0.0,
    "enp3s0 RX": 53685170.0,
    "enp3s0 TX": 122188476.0,
    "wlp2s0 RX": 0.0,
    "wlp2s0 TX": 0.0,
    "PDU power": 9.0
}