{
    "CPU temp": 56.0,
    "CPU load (/proc/stat)(1s)": 0.09523809523809523,
    "CPU power": 3.506278,
    "lo RX": 0.0,
    "lo TX": 0.0,
    "enp3s0 RX": 54468359.0,
    "enp3s0 TX": 122108882.0,
    "wlp2s0 RX": 0.0,
    "wlp2s0 TX": 0.0,
    "PDU power": 8.0
}