{
    "CPU temp": 56.0,
    "CPU load (/proc/stat)(1s)": 0.2448377581120944,
    "CPU power": 4.66106,
    "lo RX": 0.0,
    "lo TX": 0.0,
    "enp3s0 RX": 24828502.0,
    "enp3s0 TX": 121569494.0,
    "wlp2s0 RX": 0.0,
    "wlp2s0 TX": 0.0,
    "PDU power": 9.0
}