{
    "CPU temp": 64.0,
    "CPU load (/proc/stat)(1s)": 0.6449086161879896,
    "CPU power": 6.54106,
    "lo RX": 0.0,
    "lo TX": 0.0,
    "enp3s0 RX": 82992053.0,
    "enp3s0 TX": 76043.0,
    "wlp2s0 RX": 0.0,
    "wlp2s0 TX": 0.0,
    "PDU power": 12.0
}