{
    "CPU temp": 64.0,
    "CPU load (/proc/stat)(1s)": 0.6185567010309279,
    "CPU power": 6.428451,
    "lo RX": 0.0,
    "lo TX": 0.0,
    "enp3s0 RX": 68985443.0,
    "enp3s0 TX": 67106.0,
    "wlp2s0 RX": 0.0,
    "wlp2s0 TX": 0.0,
    "PDU power": 11.0
}