{
    "CPU temp": 58.0,
    "CPU load (/proc/stat)(1s)": 0.3079268292682927,
    "CPU power": 5.276964,
    "lo RX": 0.0,
    "lo TX": 0.0,
    "enp3s0 RX": 50660392.0,
    "enp3s0 TX": 120658118.0,
    "wlp2s0 RX": 0.0,
    "wlp2s0 TX": 0.0,
    "PDU power": 9.0
}