{
    "CPU temp": 66.0,
    "CPU load (/proc/stat)(1s)": 0.926509186351706,
    "CPU power": 8.609353,
    "lo RX": 0.0,
    "lo TX": 0.0,
    "enp3s0 RX": 122370728.0,
    "enp3s0 TX": 109030.0,
    "wlp2s0 RX": 0.0,
    "wlp2s0 TX": 0.0,
    "PDU power": 12.0
}