{
    "CPU temp": 58.0,
    "CPU load (/proc/stat)(1s)": 0.303951367781155,
    "CPU power": 5.247301,
    "lo RX": 0.0,
    "lo TX": 0.0,
    "enp3s0 RX": 45414089.0,
    "enp3s0 TX": 122385582.0,
    "wlp2s0 RX": 0.0,
    "wlp2s0 TX": 0.0,
    "PDU power": 10.0
}