{
    "CPU temp": 55.0,
    "CPU load (/proc/stat)(1s)": 0.272264631043257,
    "CPU power": 3.622793,
    "lo RX": 0.0,
    "lo TX": 0.0,
    "enp3s0 RX": 20414542.0,
    "enp3s0 TX": 30627.0,
    "wlp2s0 RX": 0.0,
    "wlp2s0 TX": 0.0,
    "PDU power": 9.0
}