{
    "CPU temp": 66.0,
    "CPU load (/proc/stat)(1s)": 0.9310344827586207,
    "CPU power": 8.613564,
    "lo RX": 0.0,
    "lo TX": 0.0,
    "enp3s0 RX": 122386736.0,
    "enp3s0 TX": 111072.0,
    "wlp2s0 RX": 0.0,
    "wlp2s0 TX": 0.0,
    "PDU power": 12.0
}