{
    "CPU temp": 57.0,
    "CPU load (/proc/stat)(1s)": 0.31266149870801035,
    "CPU power": 4.462391,
    "lo RX": 0.0,
    "lo TX": 0.0,
    "enp3s0 RX": 9668688.0,
    "enp3s0 TX": 20554840.0,
    "wlp2s0 RX": 0.0,
    "wlp2s0 TX": 0.0,
    "PDU power": 9.0
}