{
    "CPU temp": 55.0,
    "CPU load (/proc/stat)(1s)": 0.02535211267605634,
    "CPU power": 2.953179,
    "lo RX": 0.0,
    "lo TX": 0.0,
    "enp3s0 RX": 2061581.0,
    "enp3s0 TX": 122317890.0,
    "wlp2s0 RX": 0.0,
    "wlp2s0 TX": 0.0,
    "PDU power": 8.0
}