{
    "CPU temp": 58.0,
    "CPU load (/proc/stat)(1s)": 0.5190615835777126,
    "CPU power": 6.372176,
    "lo RX": 0.0,
    "lo TX": 0.0,
    "enp3s0 RX": 45264124.0,
    "enp3s0 TX": 122042804.0,
    "wlp2s0 RX": 0.0,
    "wlp2s0 TX": 0.0,
    "PDU power": 10.0
}