{
    "CPU temp": 59.0,
    "CPU load (/proc/stat)(1s)": 0.48623853211009177,
    "CPU power": 6.422836,
    "lo RX": 0.0,
    "lo TX": 0.0,
    "enp3s0 RX": 50597394.0,
    "enp3s0 TX": 122209150.0,
    "wlp2s0 RX": 0.0,
    "wlp2s0 TX": 0.0,
    "PDU power": 12.0
}