{
    "CPU temp": 62.0,
    "CPU load (/proc/stat)(1s)": 0.029023746701846966,
    "CPU power": 2.503351,
    "lo RX": 0.0,
    "lo TX": 0.0,
    "enp3s0 RX": 122134105.0,
    "enp3s0 TX": 118378.0,
    "wlp2s0 RX": 0.0,
    "wlp2s0 TX": 0.0,
    "PDU power": 7.0
}