{
    "CPU temp": 60.0,
    "CPU load (/proc/stat)(1s)": 0.4556213017751479,
    "CPU power": 6.205672,
    "lo RX": 0.0,
    "lo TX": 0.0,
    "enp3s0 RX": 41372044.0,
    "enp3s0 TX": 114177379.0,
    "wlp2s0 RX": 0.0,
    "wlp2s0 TX": 0.0,
    "PDU power": 7.0
}