{
    "CPU temp": 56.0,
    "CPU load (/proc/stat)(1s)": 0.1618798955613577,
    "CPU power": 3.206901,
    "lo RX": 0.0,
    "lo TX": 0.0,
    "enp3s0 RX": 76427731.0,
    "enp3s0 TX": 76433.0,
    "wlp2s0 RX": 0.0,
    "wlp2s0 TX": 0.0,
    "PDU power": 7.0
}