{
    "CPU temp": 61.0,
    "CPU load (/proc/stat)(1s)": 0.6824925816023739,
    "CPU power": 7.433819,
    "lo RX": 0.0,
    "lo TX": 0.0,
    "enp3s0 RX": 39490373.0,
    "enp3s0 TX": 121857542.0,
    "wlp2s0 RX": 0.0,
    "wlp2s0 TX": 0.0,
    "PDU power": 10.0
}