{
    "CPU temp": 55.0,
    "CPU load (/proc/stat)(1s)": 0.2356020942408377,
    "CPU power": 4.121633,
    "lo RX": 0.0,
    "lo TX": 0.0,
    "enp3s0 RX": 122429833.0,
    "enp3s0 TX": 108264.0,
    "wlp2s0 RX": 0.0,
    "wlp2s0 TX": 0.0,
    "PDU power": 9.0
}