{
    "CPU temp": 62.0,
    "CPU load (/proc/stat)(1s)": 0.6911764705882353,
    "CPU power": 7.466839,
    "lo RX": 0.0,
    "lo TX": 0.0,
    "enp3s0 RX": 37959591.0,
    "enp3s0 TX": 121023260.0,
    "wlp2s0 RX": 0.0,
    "wlp2s0 TX": 0.0,
    "PDU power": 9.0
}