{
    "CPU temp": 56.0,
    "CPU load (/proc/stat)(1s)": 0.10263157894736842,
    "CPU power": 3.058647,
    "lo RX": 0.0,
    "lo TX": 0.0,
    "enp3s0 RX": 122358764.0,
    "enp3s0 TX": 108424.0,
    "wlp2s0 RX": 0.0,
    "wlp2s0 TX": 0.0,
    "PDU power": 7.0
}