{
    "CPU temp": 56.0,
    "CPU load (/proc/stat)(1s)": 0.20708446866485014,
    "CPU power": 4.080067,
    "lo RX": 0.0,
    "lo TX": 0.0,
    "enp3s0 RX": 77651202.0,
    "enp3s0 TX": 44592690.0,
    "wlp2s0 RX": 0.0,
    "wlp2s0 TX": 0.0,
    "PDU power": 10.0
}