{
    "CPU temp": 63.0,
    "CPU load (/proc/stat)(1s)": 0.7084548104956269,
    "CPU power": 7.617656,
    "lo RX": 0.0,
    "lo TX": 0.0,
    "enp3s0 RX": 47665986.0,
    "enp3s0 TX": 121980360.0,
    "wlp2s0 RX": 0.0,
    "wlp2s0 TX": 0.0,
    "PDU power": 11.0
}