{
    "CPU temp": 56.0,
    "CPU load (/proc/stat)(1s)": 0.20738636363636365,
    "CPU power": 4.430287,
    "lo RX": 0.0,
    "lo TX": 0.0,
    "enp3s0 RX": 2069033.0,
    "enp3s0 TX": 122187686.0,
    "wlp2s0 RX": 0.0,
    "wlp2s0 TX": 0.0,
    "PDU power": 9.0
}