{
    "CPU temp": 63.0,
    "CPU load (/proc/stat)(1s)": 0.6626865671641791,
    "CPU power": 7.25877,
    "lo RX": 0.0,
    "lo TX": 0.0,
    "enp3s0 RX": 47833501.0,
    "enp3s0 TX": 120355450.0,
    "wlp2s0 RX": 0.0,
    "wlp2s0 TX": 0.0,
    "PDU power": 10.0
}