{
    "CPU temp": 56.0,
    "CPU load (/proc/stat)(1s)": 0.1889763779527559,
    "CPU power": 3.547232,
    "lo RX": 0.0,
    "lo TX": 0.0,
    "enp3s0 RX": 122412173.0,
    "enp3s0 TX": 112846.0,
    "wlp2s0 RX": 0.0,
    "wlp2s0 TX": 0.0,
    "PDU power": 8.0
}