{
    "CPU temp": 64.0,
    "CPU load (/proc/stat)(1s)": 0.8629737609329446,
    "CPU power": 8.413797,
    "lo RX": 0.0,
    "lo TX": 0.0,
    "enp3s0 RX": 49444720.0,
    "enp3s0 TX": 122148282.0,
    "wlp2s0 RX": 0.0,
    "wlp2s0 TX": 0.0,
    "PDU power": 12.0
}