{
    "CPU temp": 56.0,
    "CPU load (/proc/stat)(1s)": 0.2109375,
    "CPU power": 3.656912,
    "lo RX": 0.0,
    "lo TX": 0.0,
    "enp3s0 RX": 122399702.0,
    "enp3s0 TX": 110998.0,
    "wlp2s0 RX": 0.0,
    "wlp2s0 TX": 0.0,
    "PDU power": 9.0
}