{
    "CPU temp": 56.0,
    "CPU load (/proc/stat)(1s)": 0.22375690607734808,
    "CPU power": 4.105824,
    "lo RX": 0.0,
    "lo TX": 0.0,
    "enp3s0 RX": 1686258.0,
    "enp3s0 TX": 97341771.0,
    "wlp2s0 RX": 0.0,
    "wlp2s0 TX": 0.0,
    "PDU power": 10.0
}