{
    "CPU temp": 65.0,
    "CPU load (/proc/stat)(1s)": 0.8550295857988166,
    "CPU power": 8.396463,
    "lo RX": 0.0,
    "lo TX": 0.0,
    "enp3s0 RX": 44661734.0,
    "enp3s0 TX": 121578812.0,
    "wlp2s0 RX": 0.0,
    "wlp2s0 TX": 0.0,
    "PDU power": 11.0
}