{
    "CPU temp": 57.0,
    "CPU load (/proc/stat)(1s)": 0.22788203753351208,
    "CPU power": 4.16277,
    "lo RX": 0.0,
    "lo TX": 0.0,
    "enp3s0 RX": 122440192.0,
    "enp3s0 TX": 110616.0,
    "wlp2s0 RX": 0.0,
    "wlp2s0 TX": 0.0,
    "PDU power": 9.0
}