{
    "CPU temp": 55.0,
    "CPU load (/proc/stat)(1s)": 0.018518518518518517,
    "CPU power": 2.443597,
    "lo RX": 0.0,
    "lo TX": 0.0,
    "enp3s0 RX": 122333473.0,
    "enp3s0 TX": 110206.0,
    "wlp2s0 RX": 0.0,
    "wlp2s0 TX": 0.0,
    "PDU power": 7.0
}