{
    "CPU temp": 57.0,
    "CPU load (/proc/stat)(1s)": 0.26109660574412535,
    "CPU power": 4.141835,
    "lo RX": 0.0,
    "lo TX": 0.0,
    "enp3s0 RX": 108303117.0,
    "enp3s0 TX": 99147.0,
    "wlp2s0 RX": 0.0,
    "wlp2s0 TX": 0.0,
    "PDU power": 9.0
}