{
    "CPU temp": 60.0,
    "CPU load (/proc/stat)(1s)": 0.02356020942408377,
    "CPU power": 2.418756,
    "lo RX": 0.0,
    "lo TX": 0.0,
    "enp3s0 RX": 122239486.0,
    "enp3s0 TX": 108100.0,
    "wlp2s0 RX": 0.0,
    "wlp2s0 TX": 0.0,
    "PDU power": 8.0
}