{
    "CPU temp": 58.0,
    "CPU load (/proc/stat)(1s)": 0.02368421052631579,
    "CPU power": 2.440911,
    "lo RX": 0.0,
    "lo TX": 0.0,
    "enp3s0 RX": 122120568.0,
    "enp3s0 TX": 108262.0,
    "wlp2s0 RX": 0.0,
    "wlp2s0 TX": 0.0,
    "PDU power": 7.0
}