{
    "CPU temp": 59.0,
    "CPU load (/proc/stat)(1s)": 0.45664739884393063,
    "CPU power": 6.074203,
    "lo RX": 0.0,
    "lo TX": 0.0,
    "enp3s0 RX": 2156442.0,
    "enp3s0 TX": 123426138.0,
    "wlp2s0 RX": 0.0,
    "wlp2s0 TX": 0.0,
    "PDU power": 10.0
}