{
    "CPU temp": 58.0,
    "CPU load (/proc/stat)(1s)": 0.3502673796791444,
    "CPU power": 4.825977,
    "lo RX": 0.0,
    "lo TX": 0.0,
    "enp3s0 RX": 121901426.0,
    "enp3s0 TX": 113808.0,
    "wlp2s0 RX": 0.0,
    "wlp2s0 TX": 0.0,
    "PDU power": 8.0
}