{
    "CPU temp": 56.0,
    "CPU load (/proc/stat)(1s)": 0.015789473684210527,
    "CPU power": 2.395929,
    "lo RX": 0.0,
    "lo TX": 0.0,
    "enp3s0 RX": 122295116.0,
    "enp3s0 TX": 109102.0,
    "wlp2s0 RX": 0.0,
    "wlp2s0 TX": 0.0,
    "PDU power": 8.0
}