{
    "CPU temp": 58.0,
    "CPU load (/proc/stat)(1s)": 0.32558139534883723,
    "CPU power": 4.411121,
    "lo RX": 0.0,
    "lo TX": 0.0,
    "enp3s0 RX": 75113330.0,
    "enp3s0 TX": 77809.0,
    "wlp2s0 RX": 0.0,
    "wlp2s0 TX": 0.0,
    "PDU power": 9.0
}