{
    "CPU temp": 59.0,
    "CPU load (/proc/stat)(1s)": 0.45272206303724927,
    "CPU power": 5.908127,
    "lo RX": 0.0,
    "lo TX": 0.0,
    "enp3s0 RX": 2088641.0,
    "enp3s0 TX": 122240676.0,
    "wlp2s0 RX": 0.0,
    "wlp2s0 TX": 0.0,
    "PDU power": 10.0
}