{
    "CPU temp": 55.0,
    "CPU load (/proc/stat)(1s)": 0.014204545454545454,
    "CPU power": 2.941582,
    "lo RX": 0.0,
    "lo TX": 0.0,
    "enp3s0 RX": 2241821.0,
    "enp3s0 TX": 121788098.0,
    "wlp2s0 RX": 0.0,
    "wlp2s0 TX": 0.0,
    "PDU power": 6.0
}