{
    "CPU temp": 55.0,
    "CPU load (/proc/stat)(1s)": 0.01694915254237288,
    "CPU power": 2.926201,
    "lo RX": 0.0,
    "lo TX": 0.0,
    "enp3s0 RX": 2243681.0,
    "enp3s0 TX": 121594252.0,
    "wlp2s0 RX": 0.0,
    "wlp2s0 TX": 0.0,
    "PDU power": 8.0
}