{
    "CPU temp": 54.0,
    "CPU load (/proc/stat)(1s)": 0.1585677749360614,
    "CPU power": 2.766472,
    "lo RX": 0.0,
    "lo TX": 0.0,
    "enp3s0 RX": 16546107.0,
    "enp3s0 TX": 35117.0,
    "wlp2s0 RX": 0.0,
    "wlp2s0 TX": 0.0,
    "PDU power": 7.0
}