{
    "CPU temp": 60.0,
    "CPU load (/proc/stat)(1s)": 0.6299212598425197,
    "CPU power": 6.683516,
    "lo RX": 0.0,
    "lo TX": 0.0,
    "enp3s0 RX": 122239486.0,
    "enp3s0 TX": 107334.0,
    "wlp2s0 RX": 0.0,
    "wlp2s0 TX": 0.0,
    "PDU power": 12.0
}