{
    "CPU temp": 54.0,
    "CPU load (/proc/stat)(1s)": 0.01971830985915493,
    "CPU power": 2.936394,
    "lo RX": 0.0,
    "lo TX": 0.0,
    "enp3s0 RX": 2244882.0,
    "enp3s0 TX": 121297454.0,
    "wlp2s0 RX": 0.0,
    "wlp2s0 TX": 0.0,
    "PDU power": 8.0
}