{
    "CPU temp": 58.0,
    "CPU load (/proc/stat)(1s)": 0.40425531914893614,
    "CPU power": 5.282335,
    "lo RX": 0.0,
    "lo TX": 0.0,
    "enp3s0 RX": 107453358.0,
    "enp3s0 TX": 104301.0,
    "wlp2s0 RX": 0.0,
    "wlp2s0 TX": 0.0,
    "PDU power": 8.0
}