{
    "CPU temp": 59.0,
    "CPU load (/proc/stat)(1s)": 0.42930591259640105,
    "CPU power": 5.138659,
    "lo RX": 0.0,
    "lo TX": 0.0,
    "enp3s0 RX": 72165410.0,
    "enp3s0 TX": 71046.0,
    "wlp2s0 RX": 0.0,
    "wlp2s0 TX": 0.0,
    "PDU power": 8.0
}