{
    "CPU temp": 55.0,
    "CPU load (/proc/stat)(1s)": 0.20844327176781002,
    "CPU power": 3.789175,
    "lo RX": 0.0,
    "lo TX": 0.0,
    "enp3s0 RX": 121934314.0,
    "enp3s0 TX": 108370.0,
    "wlp2s0 RX": 0.0,
    "wlp2s0 TX": 0.0,
    "PDU power": 8.0
}