{
    "CPU temp": 59.0,
    "CPU load (/proc/stat)(1s)": 0.5452127659574468,
    "CPU power": 6.212936,
    "lo RX": 0.0,
    "lo TX": 0.0,
    "enp3s0 RX": 122387649.0,
    "enp3s0 TX": 107830.0,
    "wlp2s0 RX": 0.0,
    "wlp2s0 TX": 0.0,
    "PDU power": 12.0
}