{
    "CPU temp": 60.0,
    "CPU load (/proc/stat)(1s)": 0.5502645502645502,
    "CPU power": 6.153732,
    "lo RX": 0.0,
    "lo TX": 0.0,
    "enp3s0 RX": 122234503.0,
    "enp3s0 TX": 108516.0,
    "wlp2s0 RX": 0.0,
    "wlp2s0 TX": 0.0,
    "PDU power": 9.0
}