{
    "CPU temp": 61.0,
    "CPU load (/proc/stat)(1s)": 0.630057803468208,
    "CPU power": 7.04472,
    "lo RX": 0.0,
    "lo TX": 0.0,
    "enp3s0 RX": 2199755.0,
    "enp3s0 TX": 122417868.0,
    "wlp2s0 RX": 0.0,
    "wlp2s0 TX": 0.0,
    "PDU power": 11.0
}