{
    "CPU temp": 60.0,
    "CPU load (/proc/stat)(1s)": 0.5263157894736842,
    "CPU power": 5.980881,
    "lo RX": 0.0,
    "lo TX": 0.0,
    "enp3s0 RX": 122393557.0,
    "enp3s0 TX": 109430.0,
    "wlp2s0 RX": 0.0,
    "wlp2s0 TX": 0.0,
    "PDU power": 10.0
}