{
    "CPU temp": 56.0,
    "CPU load (/proc/stat)(1s)": 0.2402088772845953,
    "CPU power": 4.105641,
    "lo RX": 0.0,
    "lo TX": 0.0,
    "enp3s0 RX": 122203090.0,
    "enp3s0 TX": 108886.0,
    "wlp2s0 RX": 0.0,
    "wlp2s0 TX": 0.0,
    "PDU power": 9.0
}