{
    "CPU temp": 60.0,
    "CPU load (/proc/stat)(1s)": 0.523936170212766,
    "CPU power": 6.166549,
    "lo RX": 0.0,
    "lo TX": 0.0,
    "enp3s0 RX": 122360338.0,
    "enp3s0 TX": 114554.0,
    "wlp2s0 RX": 0.0,
    "wlp2s0 TX": 0.0,
    "PDU power": 9.0
}