{
    "CPU temp": 62.0,
    "CPU load (/proc/stat)(1s)": 0.622093023255814,
    "CPU power": 6.960065,
    "lo RX": 0.0,
    "lo TX": 0.0,
    "enp3s0 RX": 2058462.0,
    "enp3s0 TX": 121020392.0,
    "wlp2s0 RX": 0.0,
    "wlp2s0 TX": 0.0,
    "PDU power": 10.0
}