{
    "CPU temp": 56.0,
    "CPU load (/proc/stat)(1s)": 0.2671957671957672,
    "CPU power": 4.375538,
    "lo RX": 0.0,
    "lo TX": 0.0,
    "enp3s0 RX": 108693144.0,
    "enp3s0 TX": 12172728.0,
    "wlp2s0 RX": 0.0,
    "wlp2s0 TX": 0.0,
    "PDU power": 8.0
}