{
    "CPU temp": 56.0,
    "CPU load (/proc/stat)(1s)": 0.22905027932960895,
    "CPU power": 4.254628,
    "lo RX": 0.0,
    "lo TX": 0.0,
    "enp3s0 RX": 2123838.0,
    "enp3s0 TX": 114308938.0,
    "wlp2s0 RX": 0.0,
    "wlp2s0 TX": 0.0,
    "PDU power": 10.0
}