{
    "CPU temp": 57.0,
    "CPU load (/proc/stat)(1s)": 0.4409448818897638,
    "CPU power": 5.449449,
    "lo RX": 0.0,
    "lo TX": 0.0,
    "enp3s0 RX": 122355736.0,
    "enp3s0 TX": 111156.0,
    "wlp2s0 RX": 0.0,
    "wlp2s0 TX": 0.0,
    "PDU power": 9.0
}