{
    "CPU temp": 55.0,
    "CPU load (/proc/stat)(1s)": 0.1931216931216931,
    "CPU power": 3.620414,
    "lo RX": 0.0,
    "lo TX": 0.0,
    "enp3s0 RX": 122467504.0,
    "enp3s0 TX": 108834.0,
    "wlp2s0 RX": 0.0,
    "wlp2s0 TX": 0.0,
    "PDU power": 8.0
}