{
    "CPU temp": 60.0,
    "CPU load (/proc/stat)(1s)": 0.5822454308093995,
    "CPU power": 6.183944,
    "lo RX": 0.0,
    "lo TX": 0.0,
    "enp3s0 RX": 104314737.0,
    "enp3s0 TX": 102730.0,
    "wlp2s0 RX": 0.0,
    "wlp2s0 TX": 0.0,
    "PDU power": 10.0
}