{
    "CPU temp": 61.0,
    "CPU load (/proc/stat)(1s)": 0.6829896907216495,
    "CPU power": 6.903791,
    "lo RX": 0.0,
    "lo TX": 0.0,
    "enp3s0 RX": 91631943.0,
    "enp3s0 TX": 86596.0,
    "wlp2s0 RX": 0.0,
    "wlp2s0 TX": 0.0,
    "PDU power": 12.0
}