{
    "CPU temp": 56.0,
    "CPU load (/proc/stat)(1s)": 0.25770308123249297,
    "CPU power": 4.524158,
    "lo RX": 0.0,
    "lo TX": 0.0,
    "enp3s0 RX": 2243621.0,
    "enp3s0 TX": 121410898.0,
    "wlp2s0 RX": 0.0,
    "wlp2s0 TX": 0.0,
    "PDU power": 8.0
}