{
    "CPU temp": 56.0,
    "CPU load (/proc/stat)(1s)": 0.25842696629213485,
    "CPU power": 4.600879,
    "lo RX": 0.0,
    "lo TX": 0.0,
    "enp3s0 RX": 2240922.0,
    "enp3s0 TX": 121197530.0,
    "wlp2s0 RX": 0.0,
    "wlp2s0 TX": 0.0,
    "PDU power": 9.0
}