{
    "CPU temp": 56.0,
    "CPU load (/proc/stat)(1s)": 0.2569832402234637,
    "CPU power": 4.552478,
    "lo RX": 0.0,
    "lo TX": 0.0,
    "enp3s0 RX": 2154766.0,
    "enp3s0 TX": 115124117.0,
    "wlp2s0 RX": 0.0,
    "wlp2s0 TX": 0.0,
    "PDU power": 8.0
}