{
    "CPU temp": 63.0,
    "CPU load (/proc/stat)(1s)": 0.828042328042328,
    "CPU power": 8.057719,
    "lo RX": 0.0,
    "lo TX": 0.0,
    "enp3s0 RX": 122710542.0,
    "enp3s0 TX": 107562.0,
    "wlp2s0 RX": 0.0,
    "wlp2s0 TX": 0.0,
    "PDU power": 11.0
}