{
    "CPU temp": 56.0,
    "CPU load (/proc/stat)(1s)": 0.36175710594315247,
    "CPU power": 4.696277,
    "lo RX": 0.0,
    "lo TX": 0.0,
    "enp3s0 RX": 65023368.0,
    "enp3s0 TX": 60286.0,
    "wlp2s0 RX": 0.0,
    "wlp2s0 TX": 0.0,
    "PDU power": 9.0
}