{
    "CPU temp": 62.0,
    "CPU load (/proc/stat)(1s)": 0.5246753246753246,
    "CPU power": 5.698838,
    "lo RX": 0.0,
    "lo TX": 0.0,
    "enp3s0 RX": 73430195.0,
    "enp3s0 TX": 80407.0,
    "wlp2s0 RX": 0.0,
    "wlp2s0 TX": 0.0,
    "PDU power": 10.0
}