{
    "CPU temp": 63.0,
    "CPU load (/proc/stat)(1s)": 0.7367021276595744,
    "CPU power": 7.465251,
    "lo RX": 0.0,
    "lo TX": 0.0,
    "enp3s0 RX": 122422203.0,
    "enp3s0 TX": 107674.0,
    "wlp2s0 RX": 0.0,
    "wlp2s0 TX": 0.0,
    "PDU power": 12.0
}