{
    "CPU temp": 58.0,
    "CPU load (/proc/stat)(1s)": 0.41711229946524064,
    "CPU power": 5.424668,
    "lo RX": 0.0,
    "lo TX": 0.0,
    "enp3s0 RX": 120081468.0,
    "enp3s0 TX": 105270.0,
    "wlp2s0 RX": 0.0,
    "wlp2s0 TX": 0.0,
    "PDU power": 8.0
}