{
    "CPU temp": 64.0,
    "CPU load (/proc/stat)(1s)": 0.5850515463917526,
    "CPU power": 6.202499,
    "lo RX": 0.0,
    "lo TX": 0.0,
    "enp3s0 RX": 76186297.0,
    "enp3s0 TX": 75773.0,
    "wlp2s0 RX": 0.0,
    "wlp2s0 TX": 0.0,
    "PDU power": 10.0
}