{
    "CPU temp": 59.0,
    "CPU load (/proc/stat)(1s)": 0.42209631728045327,
    "CPU power": 5.636582,
    "lo RX": 0.0,
    "lo TX": 0.0,
    "enp3s0 RX": 2266241.0,
    "enp3s0 TX": 122295234.0,
    "wlp2s0 RX": 0.0,
    "wlp2s0 TX": 0.0,
    "PDU power": 10.0
}