{
    "CPU temp": 59.0,
    "CPU load (/proc/stat)(1s)": 0.45454545454545453,
    "CPU power": 5.852829,
    "lo RX": 0.0,
    "lo TX": 0.0,
    "enp3s0 RX": 2229851.0,
    "enp3s0 TX": 120769068.0,
    "wlp2s0 RX": 0.0,
    "wlp2s0 TX": 0.0,
    "PDU power": 8.0
}