{
    "CPU temp": 59.0,
    "CPU load (/proc/stat)(1s)": 0.6263157894736842,
    "CPU power": 6.545516,
    "lo RX": 0.0,
    "lo TX": 0.0,
    "enp3s0 RX": 119134425.0,
    "enp3s0 TX": 104428.0,
    "wlp2s0 RX": 0.0,
    "wlp2s0 TX": 0.0,
    "PDU power": 10.0
}