{
    "CPU temp": 65.0,
    "CPU load (/proc/stat)(1s)": 0.6326530612244898,
    "CPU power": 6.422164,
    "lo RX": 0.0,
    "lo TX": 0.0,
    "enp3s0 RX": 73466466.0,
    "enp3s0 TX": 79877.0,
    "wlp2s0 RX": 0.0,
    "wlp2s0 TX": 0.0,
    "PDU power": 13.0
}