{
    "CPU temp": 60.0,
    "CPU load (/proc/stat)(1s)": 0.631578947368421,
    "CPU power": 6.687422,
    "lo RX": 0.0,
    "lo TX": 0.0,
    "enp3s0 RX": 119226451.0,
    "enp3s0 TX": 105024.0,
    "wlp2s0 RX": 0.0,
    "wlp2s0 TX": 0.0,
    "PDU power": 10.0
}