{
    "CPU temp": 66.0,
    "CPU load (/proc/stat)(1s)": 0.9348958333333334,
    "CPU power": 8.644448,
    "lo RX": 0.0,
    "lo TX": 0.0,
    "enp3s0 RX": 122047956.0,
    "enp3s0 TX": 118688.0,
    "wlp2s0 RX": 0.0,
    "wlp2s0 TX": 0.0,
    "PDU power": 12.0
}