{
    "CPU temp": 55.0,
    "CPU load (/proc/stat)(1s)": 0.22631578947368422,
    "CPU power": 3.968007,
    "lo RX": 0.0,
    "lo TX": 0.0,
    "enp3s0 RX": 122454566.0,
    "enp3s0 TX": 112530.0,
    "wlp2s0 RX": 0.0,
    "wlp2s0 TX": 0.0,
    "PDU power": 9.0
}