{
    "CPU temp": 66.0,
    "CPU load (/proc/stat)(1s)": 0.9278074866310161,
    "CPU power": 8.632852,
    "lo RX": 0.0,
    "lo TX": 0.0,
    "enp3s0 RX": 122377112.0,
    "enp3s0 TX": 121766.0,
    "wlp2s0 RX": 0.0,
    "wlp2s0 TX": 0.0,
    "PDU power": 12.0
}