{
    "CPU temp": 61.0,
    "CPU load (/proc/stat)(1s)": 0.6349206349206349,
    "CPU power": 6.757185,
    "lo RX": 0.0,
    "lo TX": 0.0,
    "enp3s0 RX": 119202167.0,
    "enp3s0 TX": 104320.0,
    "wlp2s0 RX": 0.0,
    "wlp2s0 TX": 0.0,
    "PDU power": 10.0
}