{
    "CPU temp": 67.0,
    "CPU load (/proc/stat)(1s)": 0.9319371727748691,
    "CPU power": 8.653237,
    "lo RX": 0.0,
    "lo TX": 0.0,
    "enp3s0 RX": 122481041.0,
    "enp3s0 TX": 115354.0,
    "wlp2s0 RX": 0.0,
    "wlp2s0 TX": 0.0,
    "PDU power": 11.0
}