{
    "CPU temp": 62.0,
    "CPU load (/proc/stat)(1s)": 0.6534090909090909,
    "CPU power": 7.030378,
    "lo RX": 0.0,
    "lo TX": 0.0,
    "enp3s0 RX": 2234760.0,
    "enp3s0 TX": 120646328.0,
    "wlp2s0 RX": 0.0,
    "wlp2s0 TX": 0.0,
    "PDU power": 11.0
}