{
    "CPU temp": 67.0,
    "CPU load (/proc/stat)(1s)": 0.916243654822335,
    "CPU power": 8.421975,
    "lo RX": 0.0,
    "lo TX": 0.0,
    "enp3s0 RX": 50129570.0,
    "enp3s0 TX": 46390.0,
    "wlp2s0 RX": 0.0,
    "wlp2s0 TX": 0.0,
    "PDU power": 12.0
}