{
    "CPU temp": 54.0,
    "CPU load (/proc/stat)(1s)": 0.02875399361022364,
    "CPU power": 2.182734,
    "lo RX": 0.0,
    "lo TX": 0.0,
    "enp3s0 RX": 1945807.0,
    "enp3s0 TX": 119906142.0,
    "wlp2s0 RX": 0.0,
    "wlp2s0 TX": 0.0,
    "PDU power": 9.0
}