{
    "CPU temp": 62.0,
    "CPU load (/proc/stat)(1s)": 0.6169014084507042,
    "CPU power": 6.920392,
    "lo RX": 0.0,
    "lo TX": 0.0,
    "enp3s0 RX": 2247702.0,
    "enp3s0 TX": 121595712.0,
    "wlp2s0 RX": 0.0,
    "wlp2s0 TX": 0.0,
    "PDU power": 11.0
}