{
    "CPU temp": 62.0,
    "CPU load (/proc/stat)(1s)": 0.632768361581921,
    "CPU power": 6.915448,
    "lo RX": 0.0,
    "lo TX": 0.0,
    "enp3s0 RX": 2265522.0,
    "enp3s0 TX": 122479836.0,
    "wlp2s0 RX": 0.0,
    "wlp2s0 TX": 0.0,
    "PDU power": 11.0
}