{
    "CPU temp": 54.0,
    "CPU load (/proc/stat)(1s)": 0.22872340425531915,
    "CPU power": 3.948476,
    "lo RX": 0.0,
    "lo TX": 0.0,
    "enp3s0 RX": 121906535.0,
    "enp3s0 TX": 119526.0,
    "wlp2s0 RX": 0.0,
    "wlp2s0 TX": 0.0,
    "PDU power": 8.0
}