{
    "CPU temp": 60.0,
    "CPU load (/proc/stat)(1s)": 0.02368421052631579,
    "CPU power": 2.465387,
    "lo RX": 0.0,
    "lo TX": 0.0,
    "enp3s0 RX": 122438858.0,
    "enp3s0 TX": 113628.0,
    "wlp2s0 RX": 0.0,
    "wlp2s0 TX": 0.0,
    "PDU power": 8.0
}