{
    "CPU temp": 59.0,
    "CPU load (/proc/stat)(1s)": 0.021108179419525065,
    "CPU power": 2.459955,
    "lo RX": 0.0,
    "lo TX": 0.0,
    "enp3s0 RX": 122443579.0,
    "enp3s0 TX": 108900.0,
    "wlp2s0 RX": 0.0,
    "wlp2s0 TX": 0.0,
    "PDU power": 8.0
}