{
    "CPU temp": 62.0,
    "CPU load (/proc/stat)(1s)": 0.632183908045977,
    "CPU power": 7.006818,
    "lo RX": 0.0,
    "lo TX": 0.0,
    "enp3s0 RX": 2232588.0,
    "enp3s0 TX": 120529856.0,
    "wlp2s0 RX": 0.0,
    "wlp2s0 TX": 0.0,
    "PDU power": 11.0
}