{
    "CPU temp": 58.0,
    "CPU load (/proc/stat)(1s)": 0.018518518518518517,
    "CPU power": 2.462641,
    "lo RX": 0.0,
    "lo TX": 0.0,
    "enp3s0 RX": 122388895.0,
    "enp3s0 TX": 109050.0,
    "wlp2s0 RX": 0.0,
    "wlp2s0 TX": 0.0,
    "PDU power": 6.0
}