{
    "CPU temp": 62.0,
    "CPU load (/proc/stat)(1s)": 0.8277634961439588,
    "CPU power": 7.82426,
    "lo RX": 0.0,
    "lo TX": 0.0,
    "enp3s0 RX": 118344511.0,
    "enp3s0 TX": 103726.0,
    "wlp2s0 RX": 0.0,
    "wlp2s0 TX": 0.0,
    "PDU power": 10.0
}