{
    "CPU temp": 57.0,
    "CPU load (/proc/stat)(1s)": 0.3932291666666667,
    "CPU power": 4.970996,
    "lo RX": 0.0,
    "lo TX": 0.0,
    "enp3s0 RX": 75879766.0,
    "enp3s0 TX": 75687.0,
    "wlp2s0 RX": 0.0,
    "wlp2s0 TX": 0.0,
    "PDU power": 10.0
}