{
    "CPU temp": 64.0,
    "CPU load (/proc/stat)(1s)": 0.825974025974026,
    "CPU power": 7.950297,
    "lo RX": 0.0,
    "lo TX": 0.0,
    "enp3s0 RX": 115139347.0,
    "enp3s0 TX": 101514.0,
    "wlp2s0 RX": 0.0,
    "wlp2s0 TX": 0.0,
    "PDU power": 12.0
}