{
    "CPU temp": 64.0,
    "CPU load (/proc/stat)(1s)": 0.8249336870026526,
    "CPU power": 7.983134,
    "lo RX": 0.0,
    "lo TX": 0.0,
    "enp3s0 RX": 117574552.0,
    "enp3s0 TX": 103026.0,
    "wlp2s0 RX": 0.0,
    "wlp2s0 TX": 0.0,
    "PDU power": 10.0
}