{
    "CPU temp": 56.0,
    "CPU load (/proc/stat)(1s)": 0.09814323607427056,
    "CPU power": 3.103081,
    "lo RX": 0.0,
    "lo TX": 0.0,
    "enp3s0 RX": 122420510.0,
    "enp3s0 TX": 118284.0,
    "wlp2s0 RX": 0.0,
    "wlp2s0 TX": 0.0,
    "PDU power": 7.0
}