{
    "CPU temp": 64.0,
    "CPU load (/proc/stat)(1s)": 0.8172323759791122,
    "CPU power": 7.887797,
    "lo RX": 0.0,
    "lo TX": 0.0,
    "enp3s0 RX": 115853890.0,
    "enp3s0 TX": 102268.0,
    "wlp2s0 RX": 0.0,
    "wlp2s0 TX": 0.0,
    "PDU power": 12.0
}