{
    "CPU temp": 56.0,
    "CPU load (/proc/stat)(1s)": 0.10079575596816977,
    "CPU power": 3.012932,
    "lo RX": 0.0,
    "lo TX": 0.0,
    "enp3s0 RX": 122443280.0,
    "enp3s0 TX": 108588.0,
    "wlp2s0 RX": 0.0,
    "wlp2s0 TX": 0.0,
    "PDU power": 7.0
}