{
    "CPU temp": 56.0,
    "CPU load (/proc/stat)(1s)": 0.1220159151193634,
    "CPU power": 3.154472,
    "lo RX": 0.0,
    "lo TX": 0.0,
    "enp3s0 RX": 122430162.0,
    "enp3s0 TX": 109590.0,
    "wlp2s0 RX": 0.0,
    "wlp2s0 TX": 0.0,
    "PDU power": 8.0
}