{
    "CPU temp": 64.0,
    "CPU load (/proc/stat)(1s)": 0.8263157894736842,
    "CPU power": 7.968608,
    "lo RX": 0.0,
    "lo TX": 0.0,
    "enp3s0 RX": 116048360.0,
    "enp3s0 TX": 102054.0,
    "wlp2s0 RX": 0.0,
    "wlp2s0 TX": 0.0,
    "PDU power": 11.0
}