{
    "CPU temp": 56.0,
    "CPU load (/proc/stat)(1s)": 0.09788359788359788,
    "CPU power": 2.979667,
    "lo RX": 0.0,
    "lo TX": 0.0,
    "enp3s0 RX": 122414961.0,
    "enp3s0 TX": 108832.0,
    "wlp2s0 RX": 0.0,
    "wlp2s0 TX": 0.0,
    "PDU power": 8.0
}