{
    "CPU temp": 56.0,
    "CPU load (/proc/stat)(1s)": 0.26345609065155806,
    "CPU power": 4.623402,
    "lo RX": 0.0,
    "lo TX": 0.0,
    "enp3s0 RX": 1964375.0,
    "enp3s0 TX": 120896244.0,
    "wlp2s0 RX": 0.0,
    "wlp2s0 TX": 0.0,
    "PDU power": 10.0
}