{
    "CPU temp": 56.0,
    "CPU load (/proc/stat)(1s)": 0.09549071618037135,
    "CPU power": 2.966911,
    "lo RX": 0.0,
    "lo TX": 0.0,
    "enp3s0 RX": 122390469.0,
    "enp3s0 TX": 109384.0,
    "wlp2s0 RX": 0.0,
    "wlp2s0 TX": 0.0,
    "PDU power": 9.0
}