{
    "CPU temp": 56.0,
    "CPU load (/proc/stat)(1s)": 0.21204188481675393,
    "CPU power": 3.719656,
    "lo RX": 0.0,
    "lo TX": 0.0,
    "enp3s0 RX": 122467744.0,
    "enp3s0 TX": 119886.0,
    "wlp2s0 RX": 0.0,
    "wlp2s0 TX": 0.0,
    "PDU power": 7.0
}