{
    "CPU temp": 56.0,
    "CPU load (/proc/stat)(1s)": 0.22163588390501318,
    "CPU power": 3.832388,
    "lo RX": 0.0,
    "lo TX": 0.0,
    "enp3s0 RX": 122541362.0,
    "enp3s0 TX": 110910.0,
    "wlp2s0 RX": 0.0,
    "wlp2s0 TX": 0.0,
    "PDU power": 8.0
}