{
    "CPU temp": 56.0,
    "CPU load (/proc/stat)(1s)": 0.22427440633245382,
    "CPU power": 3.922048,
    "lo RX": 0.0,
    "lo TX": 0.0,
    "enp3s0 RX": 122544330.0,
    "enp3s0 TX": 108642.0,
    "wlp2s0 RX": 0.0,
    "wlp2s0 TX": 0.0,
    "PDU power": 9.0
}