{
    "CPU temp": 57.0,
    "CPU load (/proc/stat)(1s)": 0.4417989417989418,
    "CPU power": 5.32097,
    "lo RX": 0.0,
    "lo TX": 0.0,
    "enp3s0 RX": 122350219.0,
    "enp3s0 TX": 108886.0,
    "wlp2s0 RX": 0.0,
    "wlp2s0 TX": 0.0,
    "PDU power": 9.0
}