{
    "CPU temp": 56.0,
    "CPU load (/proc/stat)(1s)": 0.24345549738219896,
    "CPU power": 3.934683,
    "lo RX": 0.0,
    "lo TX": 0.0,
    "enp3s0 RX": 122565645.0,
    "enp3s0 TX": 108534.0,
    "wlp2s0 RX": 0.0,
    "wlp2s0 TX": 0.0,
    "PDU power": 9.0
}