{
    "CPU temp": 56.0,
    "CPU load (/proc/stat)(1s)": 0.21372031662269128,
    "CPU power": 3.921621,
    "lo RX": 0.0,
    "lo TX": 0.0,
    "enp3s0 RX": 122567279.0,
    "enp3s0 TX": 113124.0,
    "wlp2s0 RX": 0.0,
    "wlp2s0 TX": 0.0,
    "PDU power": 9.0
}