{
    "CPU temp": 56.0,
    "CPU load (/proc/stat)(1s)": 0.21164021164021163,
    "CPU power": 3.925283,
    "lo RX": 0.0,
    "lo TX": 0.0,
    "enp3s0 RX": 122516131.0,
    "enp3s0 TX": 110578.0,
    "wlp2s0 RX": 0.0,
    "wlp2s0 TX": 0.0,
    "PDU power": 9.0
}