{
    "CPU temp": 58.0,
    "CPU load (/proc/stat)(1s)": 0.33773087071240104,
    "CPU power": 4.593189,
    "lo RX": 0.0,
    "lo TX": 0.0,
    "enp3s0 RX": 72983606.0,
    "enp3s0 TX": 368805.0,
    "wlp2s0 RX": 0.0,
    "wlp2s0 TX": 0.0,
    "PDU power": 11.0
}