{
    "CPU temp": 57.0,
    "CPU load (/proc/stat)(1s)": 0.3253968253968254,
    "CPU power": 4.500721,
    "lo RX": 0.0,
    "lo TX": 0.0,
    "enp3s0 RX": 122513224.0,
    "enp3s0 TX": 117556.0,
    "wlp2s0 RX": 0.0,
    "wlp2s0 TX": 0.0,
    "PDU power": 8.0
}