{
    "CPU temp": 60.0,
    "CPU load (/proc/stat)(1s)": 0.6098265895953757,
    "CPU power": 6.876081,
    "lo RX": 0.0,
    "lo TX": 0.0,
    "enp3s0 RX": 38742786.0,
    "enp3s0 TX": 120721166.0,
    "wlp2s0 RX": 0.0,
    "wlp2s0 TX": 0.0,
    "PDU power": 10.0
}