{
    "CPU temp": 58.0,
    "CPU load (/proc/stat)(1s)": 0.3611859838274933,
    "CPU power": 5.036059,
    "lo RX": 0.0,
    "lo TX": 0.0,
    "enp3s0 RX": 122511649.0,
    "enp3s0 TX": 105780.0,
    "wlp2s0 RX": 0.0,
    "wlp2s0 TX": 0.0,
    "PDU power": 9.0
}