{
    "CPU temp": 58.0,
    "CPU load (/proc/stat)(1s)": 0.3378016085790885,
    "CPU power": 4.853198,
    "lo RX": 0.0,
    "lo TX": 0.0,
    "enp3s0 RX": 122179045.0,
    "enp3s0 TX": 107454.0,
    "wlp2s0 RX": 0.0,
    "wlp2s0 TX": 0.0,
    "PDU power": 9.0
}