{
    "CPU temp": 58.0,
    "CPU load (/proc/stat)(1s)": 0.33421052631578946,
    "CPU power": 4.594532,
    "lo RX": 0.0,
    "lo TX": 0.0,
    "enp3s0 RX": 75565564.0,
    "enp3s0 TX": 80279.0,
    "wlp2s0 RX": 0.0,
    "wlp2s0 TX": 0.0,
    "PDU power": 10.0
}