{
    "CPU temp": 61.0,
    "CPU load (/proc/stat)(1s)": 0.6528189910979229,
    "CPU power": 7.320904,
    "lo RX": 0.0,
    "lo TX": 0.0,
    "enp3s0 RX": 71029880.0,
    "enp3s0 TX": 120410442.0,
    "wlp2s0 RX": 0.0,
    "wlp2s0 TX": 0.0,
    "PDU power": 12.0
}