{
    "CPU temp": 58.0,
    "CPU load (/proc/stat)(1s)": 0.40369393139841686,
    "CPU power": 5.03142,
    "lo RX": 0.0,
    "lo TX": 0.0,
    "enp3s0 RX": 122531304.0,
    "enp3s0 TX": 107738.0,
    "wlp2s0 RX": 0.0,
    "wlp2s0 TX": 0.0,
    "PDU power": 9.0
}