{
    "CPU temp": 62.0,
    "CPU load (/proc/stat)(1s)": 0.6213872832369942,
    "CPU power": 6.978986,
    "lo RX": 0.0,
    "lo TX": 0.0,
    "enp3s0 RX": 1978733.0,
    "enp3s0 TX": 121085658.0,
    "wlp2s0 RX": 0.0,
    "wlp2s0 TX": 0.0,
    "PDU power": 12.0
}