{
    "CPU temp": 59.0,
    "CPU load (/proc/stat)(1s)": 0.45526315789473687,
    "CPU power": 5.484361,
    "lo RX": 0.0,
    "lo TX": 0.0,
    "enp3s0 RX": 122213067.0,
    "enp3s0 TX": 108706.0,
    "wlp2s0 RX": 0.0,
    "wlp2s0 TX": 0.0,
    "PDU power": 9.0
}