{
    "CPU temp": 59.0,
    "CPU load (/proc/stat)(1s)": 0.4358288770053476,
    "CPU power": 5.47899,
    "lo RX": 0.0,
    "lo TX": 0.0,
    "enp3s0 RX": 122402581.0,
    "enp3s0 TX": 109580.0,
    "wlp2s0 RX": 0.0,
    "wlp2s0 TX": 0.0,
    "PDU power": 9.0
}