{
    "CPU temp": 59.0,
    "CPU load (/proc/stat)(1s)": 0.3684210526315789,
    "CPU power": 4.806445,
    "lo RX": 0.0,
    "lo TX": 0.0,
    "enp3s0 RX": 72886521.0,
    "enp3s0 TX": 76121.0,
    "wlp2s0 RX": 0.0,
    "wlp2s0 TX": 0.0,
    "PDU power": 9.0
}