{
    "CPU temp": 60.0,
    "CPU load (/proc/stat)(1s)": 0.5264550264550265,
    "CPU power": 6.12236,
    "lo RX": 0.0,
    "lo TX": 0.0,
    "enp3s0 RX": 122519160.0,
    "enp3s0 TX": 110814.0,
    "wlp2s0 RX": 0.0,
    "wlp2s0 TX": 0.0,
    "PDU power": 11.0
}