{
    "CPU temp": 59.0,
    "CPU load (/proc/stat)(1s)": 0.6356382978723404,
    "CPU power": 6.83061,
    "lo RX": 0.0,
    "lo TX": 0.0,
    "enp3s0 RX": 122323882.0,
    "enp3s0 TX": 107266.0,
    "wlp2s0 RX": 0.0,
    "wlp2s0 TX": 0.0,
    "PDU power": 10.0
}