{
    "CPU temp": 64.0,
    "CPU load (/proc/stat)(1s)": 0.8492753623188406,
    "CPU power": 8.313638,
    "lo RX": 0.0,
    "lo TX": 0.0,
    "enp3s0 RX": 46055657.0,
    "enp3s0 TX": 121735982.0,
    "wlp2s0 RX": 0.0,
    "wlp2s0 TX": 0.0,
    "PDU power": 12.0
}