{
    "CPU temp": 60.0,
    "CPU load (/proc/stat)(1s)": 0.5301837270341208,
    "CPU power": 6.097946,
    "lo RX": 0.0,
    "lo TX": 0.0,
    "enp3s0 RX": 122390797.0,
    "enp3s0 TX": 112760.0,
    "wlp2s0 RX": 0.0,
    "wlp2s0 TX": 0.0,
    "PDU power": 9.0
}