{
    "CPU temp": 60.0,
    "CPU load (/proc/stat)(1s)": 0.4585492227979275,
    "CPU power": 5.269517,
    "lo RX": 0.0,
    "lo TX": 0.0,
    "enp3s0 RX": 73563153.0,
    "enp3s0 TX": 74273.0,
    "wlp2s0 RX": 0.0,
    "wlp2s0 TX": 0.0,
    "PDU power": 11.0
}