{
    "CPU temp": 65.0,
    "CPU load (/proc/stat)(1s)": 0.881159420289855,
    "CPU power": 8.520975,
    "lo RX": 0.0,
    "lo TX": 0.0,
    "enp3s0 RX": 71770265.0,
    "enp3s0 TX": 120322446.0,
    "wlp2s0 RX": 0.0,
    "wlp2s0 TX": 0.0,
    "PDU power": 11.0
}