{
    "CPU temp": 61.0,
    "CPU load (/proc/stat)(1s)": 0.6402116402116402,
    "CPU power": 6.872968,
    "lo RX": 0.0,
    "lo TX": 0.0,
    "enp3s0 RX": 122443399.0,
    "enp3s0 TX": 107562.0,
    "wlp2s0 RX": 0.0,
    "wlp2s0 TX": 0.0,
    "PDU power": 11.0
}