{
    "CPU temp": 62.0,
    "CPU load (/proc/stat)(1s)": 0.6243386243386243,
    "CPU power": 6.78581,
    "lo RX": 0.0,
    "lo TX": 0.0,
    "enp3s0 RX": 122415262.0,
    "enp3s0 TX": 108394.0,
    "wlp2s0 RX": 0.0,
    "wlp2s0 TX": 0.0,
    "PDU power": 11.0
}