{
    "CPU temp": 64.0,
    "CPU load (/proc/stat)(1s)": 0.8270893371757925,
    "CPU power": 8.149821,
    "lo RX": 0.0,
    "lo TX": 0.0,
    "enp3s0 RX": 4601288.0,
    "enp3s0 TX": 111323134.0,
    "wlp2s0 RX": 0.0,
    "wlp2s0 TX": 0.0,
    "PDU power": 11.0
}