{
    "CPU temp": 60.0,
    "CPU load (/proc/stat)(1s)": 0.6358839050131926,
    "CPU power": 6.836531,
    "lo RX": 0.0,
    "lo TX": 0.0,
    "enp3s0 RX": 120478606.0,
    "enp3s0 TX": 108046.0,
    "wlp2s0 RX": 0.0,
    "wlp2s0 TX": 0.0,
    "PDU power": 9.0
}