{
    "CPU temp": 59.0,
    "CPU load (/proc/stat)(1s)": 0.06744868035190615,
    "CPU power": 2.186396,
    "lo RX": 0.0,
    "lo TX": 0.0,
    "enp3s0 RX": 122446314.0,
    "enp3s0 TX": 6567416.0,
    "wlp2s0 RX": 0.0,
    "wlp2s0 TX": 0.0,
    "PDU power": 7.0
}