{
    "CPU temp": 63.0,
    "CPU load (/proc/stat)(1s)": 0.7222222222222222,
    "CPU power": 7.375042,
    "lo RX": 0.0,
    "lo TX": 0.0,
    "enp3s0 RX": 122481189.0,
    "enp3s0 TX": 107414.0,
    "wlp2s0 RX": 0.0,
    "wlp2s0 TX": 0.0,
    "PDU power": 11.0
}