{
    "CPU temp": 56.0,
    "CPU load (/proc/stat)(1s)": 0.027548209366391185,
    "CPU power": 2.373834,
    "lo RX": 0.0,
    "lo TX": 0.0,
    "enp3s0 RX": 122359165.0,
    "enp3s0 TX": 12773890.0,
    "wlp2s0 RX": 0.0,
    "wlp2s0 TX": 0.0,
    "PDU power": 8.0
}