{
    "CPU temp": 55.0,
    "CPU load (/proc/stat)(1s)": 0.04371584699453552,
    "CPU power": 2.565057,
    "lo RX": 0.0,
    "lo TX": 0.0,
    "enp3s0 RX": 102052663.0,
    "enp3s0 TX": 32727758.0,
    "wlp2s0 RX": 0.0,
    "wlp2s0 TX": 0.0,
    "PDU power": 8.0
}