{
    "CPU temp": 63.0,
    "CPU load (/proc/stat)(1s)": 0.7926509186351706,
    "CPU power": 7.615215,
    "lo RX": 0.0,
    "lo TX": 0.0,
    "enp3s0 RX": 115918674.0,
    "enp3s0 TX": 106248.0,
    "wlp2s0 RX": 0.0,
    "wlp2s0 TX": 0.0,
    "PDU power": 11.0
}