{
    "CPU temp": 55.0,
    "CPU load (/proc/stat)(1s)": 0.017341040462427744,
    "CPU power": 2.968864,
    "lo RX": 0.0,
    "lo TX": 0.0,
    "enp3s0 RX": 1987113.0,
    "enp3s0 TX": 120832784.0,
    "wlp2s0 RX": 0.0,
    "wlp2s0 TX": 0.0,
    "PDU power": 9.0
}