{
    "CPU temp": 64.0,
    "CPU load (/proc/stat)(1s)": 0.8363636363636363,
    "CPU power": 8.006937,
    "lo RX": 0.0,
    "lo TX": 0.0,
    "enp3s0 RX": 122699030.0,
    "enp3s0 TX": 108194.0,
    "wlp2s0 RX": 0.0,
    "wlp2s0 TX": 0.0,
    "PDU power": 12.0
}