{
    "CPU temp": 65.0,
    "CPU load (/proc/stat)(1s)": 0.8359788359788359,
    "CPU power": 8.028238,
    "lo RX": 0.0,
    "lo TX": 0.0,
    "enp3s0 RX": 122381713.0,
    "enp3s0 TX": 108324.0,
    "wlp2s0 RX": 0.0,
    "wlp2s0 TX": 0.0,
    "PDU power": 11.0
}