{
    "CPU temp": 54.0,
    "CPU load (/proc/stat)(1s)": 0.014492753623188406,
    "CPU power": 2.975151,
    "lo RX": 0.0,
    "lo TX": 0.0,
    "enp3s0 RX": 1954902.0,
    "enp3s0 TX": 121624552.0,
    "wlp2s0 RX": 0.0,
    "wlp2s0 TX": 0.0,
    "PDU power": 9.0
}