{
    "CPU temp": 65.0,
    "CPU load (/proc/stat)(1s)": 0.8372703412073491,
    "CPU power": 8.061259,
    "lo RX": 0.0,
    "lo TX": 0.0,
    "enp3s0 RX": 122445213.0,
    "enp3s0 TX": 112518.0,
    "wlp2s0 RX": 0.0,
    "wlp2s0 TX": 0.0,
    "PDU power": 12.0
}