{
    "CPU temp": 54.0,
    "CPU load (/proc/stat)(1s)": 0.15223097112860892,
    "CPU power": 3.029472,
    "lo RX": 0.0,
    "lo TX": 0.0,
    "enp3s0 RX": 609025.0,
    "enp3s0 TX": 34524601.0,
    "wlp2s0 RX": 0.0,
    "wlp2s0 TX": 0.0,
    "PDU power": 8.0
}