{
    "CPU temp": 65.0,
    "CPU load (/proc/stat)(1s)": 0.6796875,
    "CPU power": 6.775801,
    "lo RX": 0.0,
    "lo TX": 0.0,
    "enp3s0 RX": 82500497.0,
    "enp3s0 TX": 80704.0,
    "wlp2s0 RX": 0.0,
    "wlp2s0 TX": 0.0,
    "PDU power": 13.0
}