{
    "CPU temp": 56.0,
    "CPU load (/proc/stat)(1s)": 0.23529411764705882,
    "CPU power": 3.956472,
    "lo RX": 0.0,
    "lo TX": 0.0,
    "enp3s0 RX": 122301077.0,
    "enp3s0 TX": 16749824.0,
    "wlp2s0 RX": 0.0,
    "wlp2s0 TX": 0.0,
    "PDU power": 9.0
}