{
    "CPU temp": 56.0,
    "CPU load (/proc/stat)(1s)": 0.21505376344086022,
    "CPU power": 4.017019,
    "lo RX": 0.0,
    "lo TX": 0.0,
    "enp3s0 RX": 122363616.0,
    "enp3s0 TX": 15457086.0,
    "wlp2s0 RX": 0.0,
    "wlp2s0 TX": 0.0,
    "PDU power": 9.0
}