{
    "CPU temp": 57.0,
    "CPU load (/proc/stat)(1s)": 0.23615160349854228,
    "CPU power": 4.527515,
    "lo RX": 0.0,
    "lo TX": 0.0,
    "enp3s0 RX": 2213309.0,
    "enp3s0 TX": 122737212.0,
    "wlp2s0 RX": 0.0,
    "wlp2s0 TX": 0.0,
    "PDU power": 10.0
}