{
    "CPU temp": 62.0,
    "CPU load (/proc/stat)(1s)": 0.021164021164021163,
    "CPU power": 2.505609,
    "lo RX": 0.0,
    "lo TX": 0.0,
    "enp3s0 RX": 122413388.0,
    "enp3s0 TX": 109102.0,
    "wlp2s0 RX": 0.0,
    "wlp2s0 TX": 0.0,
    "PDU power": 6.0
}