{
    "CPU temp": 60.0,
    "CPU load (/proc/stat)(1s)": 0.01856763925729443,
    "CPU power": 2.487543,
    "lo RX": 0.0,
    "lo TX": 0.0,
    "enp3s0 RX": 122028154.0,
    "enp3s0 TX": 114456.0,
    "wlp2s0 RX": 0.0,
    "wlp2s0 TX": 0.0,
    "PDU power": 8.0
}