{
    "CPU temp": 57.0,
    "CPU load (/proc/stat)(1s)": 0.18895348837209303,
    "CPU power": 4.25475,
    "lo RX": 0.0,
    "lo TX": 0.0,
    "enp3s0 RX": 1903145.0,
    "enp3s0 TX": 121824518.0,
    "wlp2s0 RX": 0.0,
    "wlp2s0 TX": 0.0,
    "PDU power": 8.0
}