{
    "CPU temp": 58.0,
    "CPU load (/proc/stat)(1s)": 0.03439153439153439,
    "CPU power": 2.646599,
    "lo RX": 0.0,
    "lo TX": 0.0,
    "enp3s0 RX": 122298383.0,
    "enp3s0 TX": 110512.0,
    "wlp2s0 RX": 0.0,
    "wlp2s0 TX": 0.0,
    "PDU power": 8.0
}