{
    "CPU temp": 57.0,
    "CPU load (/proc/stat)(1s)": 0.021164021164021163,
    "CPU power": 2.470453,
    "lo RX": 0.0,
    "lo TX": 0.0,
    "enp3s0 RX": 120755191.0,
    "enp3s0 TX": 123204.0,
    "wlp2s0 RX": 0.0,
    "wlp2s0 TX": 0.0,
    "PDU power": 8.0
}