{
    "CPU temp": 56.0,
    "CPU load (/proc/stat)(1s)": 0.012919896640826873,
    "CPU power": 2.079706,
    "lo RX": 0.0,
    "lo TX": 0.0,
    "enp3s0 RX": 72996306.0,
    "enp3s0 TX": 71358.0,
    "wlp2s0 RX": 0.0,
    "wlp2s0 TX": 0.0,
    "PDU power": 6.0
}