{
    "CPU temp": 55.0,
    "CPU load (/proc/stat)(1s)": 0.12137203166226913,
    "CPU power": 3.105033,
    "lo RX": 0.0,
    "lo TX": 0.0,
    "enp3s0 RX": 122434796.0,
    "enp3s0 TX": 108048.0,
    "wlp2s0 RX": 0.0,
    "wlp2s0 TX": 0.0,
    "PDU power": 8.0
}