{
    "CPU temp": 55.0,
    "CPU load (/proc/stat)(1s)": 0.14323607427055704,
    "CPU power": 3.323844,
    "lo RX": 0.0,
    "lo TX": 0.0,
    "enp3s0 RX": 122475133.0,
    "enp3s0 TX": 129810.0,
    "wlp2s0 RX": 0.0,
    "wlp2s0 TX": 0.0,
    "PDU power": 9.0
}