{
    "CPU temp": 55.0,
    "CPU load (/proc/stat)(1s)": 0.11345646437994723,
    "CPU power": 3.070976,
    "lo RX": 0.0,
    "lo TX": 0.0,
    "enp3s0 RX": 122414753.0,
    "enp3s0 TX": 111400.0,
    "wlp2s0 RX": 0.0,
    "wlp2s0 TX": 0.0,
    "PDU power": 7.0
}