{
    "CPU temp": 58.0,
    "CPU load (/proc/stat)(1s)": 0.4509283819628647,
    "CPU power": 5.690842,
    "lo RX": 0.0,
    "lo TX": 0.0,
    "enp3s0 RX": 122318186.0,
    "enp3s0 TX": 109018.0,
    "wlp2s0 RX": 0.0,
    "wlp2s0 TX": 0.0,
    "PDU power": 9.0
}