{
    "CPU temp": 58.0,
    "CPU load (/proc/stat)(1s)": 0.44591029023746703,
    "CPU power": 5.341234,
    "lo RX": 0.0,
    "lo TX": 0.0,
    "enp3s0 RX": 122410359.0,
    "enp3s0 TX": 108804.0,
    "wlp2s0 RX": 0.0,
    "wlp2s0 TX": 0.0,
    "PDU power": 9.0
}