{
    "CPU temp": 60.0,
    "CPU load (/proc/stat)(1s)": 0.6161879895561357,
    "CPU power": 6.46855,
    "lo RX": 0.0,
    "lo TX": 0.0,
    "enp3s0 RX": 68167408.0,
    "enp3s0 TX": 60610.0,
    "wlp2s0 RX": 0.0,
    "wlp2s0 TX": 0.0,
    "PDU power": 9.0
}