{
    "CPU temp": 58.0,
    "CPU load (/proc/stat)(1s)": 0.49184782608695654,
    "CPU power": 6.020798,
    "lo RX": 0.0,
    "lo TX": 0.0,
    "enp3s0 RX": 81498623.0,
    "enp3s0 TX": 41714996.0,
    "wlp2s0 RX": 0.0,
    "wlp2s0 TX": 0.0,
    "PDU power": 11.0
}