{
    "CPU temp": 55.0,
    "CPU load (/proc/stat)(1s)": 0.28165374677002586,
    "CPU power": 3.920523,
    "lo RX": 0.0,
    "lo TX": 0.0,
    "enp3s0 RX": 72678398.0,
    "enp3s0 TX": 88003.0,
    "wlp2s0 RX": 0.0,
    "wlp2s0 TX": 0.0,
    "PDU power": 9.0
}