{
    "CPU temp": 59.0,
    "CPU load (/proc/stat)(1s)": 0.4586894586894587,
    "CPU power": 5.883774,
    "lo RX": 0.0,
    "lo TX": 0.0,
    "enp3s0 RX": 1973284.0,
    "enp3s0 TX": 121053754.0,
    "wlp2s0 RX": 0.0,
    "wlp2s0 TX": 0.0,
    "PDU power": 10.0
}