{
    "CPU temp": 56.0,
    "CPU load (/proc/stat)(1s)": 0.18882978723404256,
    "CPU power": 3.596366,
    "lo RX": 0.0,
    "lo TX": 0.0,
    "enp3s0 RX": 122177892.0,
    "enp3s0 TX": 131266.0,
    "wlp2s0 RX": 0.0,
    "wlp2s0 TX": 0.0,
    "PDU power": 8.0
}