{
    "CPU temp": 59.0,
    "CPU load (/proc/stat)(1s)": 0.430635838150289,
    "CPU power": 5.780869,
    "lo RX": 0.0,
    "lo TX": 0.0,
    "enp3s0 RX": 1960962.0,
    "enp3s0 TX": 122289178.0,
    "wlp2s0 RX": 0.0,
    "wlp2s0 TX": 0.0,
    "PDU power": 11.0
}