{
    "CPU temp": 56.0,
    "CPU load (/proc/stat)(1s)": 0.21066666666666667,
    "CPU power": 3.944204,
    "lo RX": 0.0,
    "lo TX": 0.0,
    "enp3s0 RX": 121751041.0,
    "enp3s0 TX": 115882.0,
    "wlp2s0 RX": 0.0,
    "wlp2s0 TX": 0.0,
    "PDU power": 9.0
}