{
    "CPU temp": 56.0,
    "CPU load (/proc/stat)(1s)": 0.31926121372031663,
    "CPU power": 4.464955,
    "lo RX": 0.0,
    "lo TX": 0.0,
    "enp3s0 RX": 118728564.0,
    "enp3s0 TX": 124524.0,
    "wlp2s0 RX": 0.0,
    "wlp2s0 TX": 0.0,
    "PDU power": 8.0
}