{
    "CPU temp": 60.0,
    "CPU load (/proc/stat)(1s)": 0.6368421052631579,
    "CPU power": 6.802168,
    "lo RX": 0.0,
    "lo TX": 0.0,
    "enp3s0 RX": 122705234.0,
    "enp3s0 TX": 106966.0,
    "wlp2s0 RX": 0.0,
    "wlp2s0 TX": 0.0,
    "PDU power": 12.0
}