{
    "CPU temp": 60.0,
    "CPU load (/proc/stat)(1s)": 0.5984455958549223,
    "CPU power": 6.092025,
    "lo RX": 0.0,
    "lo TX": 0.0,
    "enp3s0 RX": 78536082.0,
    "enp3s0 TX": 77238.0,
    "wlp2s0 RX": 0.0,
    "wlp2s0 TX": 0.0,
    "PDU power": 13.0
}