{
    "CPU temp": 57.0,
    "CPU load (/proc/stat)(1s)": 0.29411764705882354,
    "CPU power": 4.493397,
    "lo RX": 0.0,
    "lo TX": 0.0,
    "enp3s0 RX": 122209326.0,
    "enp3s0 TX": 115460.0,
    "wlp2s0 RX": 0.0,
    "wlp2s0 TX": 0.0,
    "PDU power": 10.0
}