{
    "CPU temp": 61.0,
    "CPU load (/proc/stat)(1s)": 0.6231884057971014,
    "CPU power": 6.97038,
    "lo RX": 0.0,
    "lo TX": 0.0,
    "enp3s0 RX": 2202581.0,
    "enp3s0 TX": 122136260.0,
    "wlp2s0 RX": 0.0,
    "wlp2s0 TX": 0.0,
    "PDU power": 11.0
}