{
    "CPU temp": 62.0,
    "CPU load (/proc/stat)(1s)": 0.6361031518624641,
    "CPU power": 7.05119,
    "lo RX": 0.0,
    "lo TX": 0.0,
    "enp3s0 RX": 1951361.0,
    "enp3s0 TX": 122046884.0,
    "wlp2s0 RX": 0.0,
    "wlp2s0 TX": 0.0,
    "PDU power": 11.0
}