{
    "CPU temp": 62.0,
    "CPU load (/proc/stat)(1s)": 0.6416184971098265,
    "CPU power": 7.088788,
    "lo RX": 0.0,
    "lo TX": 0.0,
    "enp3s0 RX": 1952921.0,
    "enp3s0 TX": 122163462.0,
    "wlp2s0 RX": 0.0,
    "wlp2s0 TX": 0.0,
    "PDU power": 11.0
}