{
    "CPU temp": 58.0,
    "CPU load (/proc/stat)(1s)": 0.42744063324538256,
    "CPU power": 5.193529,
    "lo RX": 0.0,
    "lo TX": 0.0,
    "enp3s0 RX": 122482584.0,
    "enp3s0 TX": 115460.0,
    "wlp2s0 RX": 0.0,
    "wlp2s0 TX": 0.0,
    "PDU power": 9.0
}