{
    "CPU temp": 61.0,
    "CPU load (/proc/stat)(1s)": 0.5127551020408163,
    "CPU power": 5.631028,
    "lo RX": 0.0,
    "lo TX": 0.0,
    "enp3s0 RX": 53950574.0,
    "enp3s0 TX": 66182.0,
    "wlp2s0 RX": 0.0,
    "wlp2s0 TX": 0.0,
    "PDU power": 11.0
}