{
    "CPU temp": 59.0,
    "CPU load (/proc/stat)(1s)": 0.44473684210526315,
    "CPU power": 5.619614,
    "lo RX": 0.0,
    "lo TX": 0.0,
    "enp3s0 RX": 122410391.0,
    "enp3s0 TX": 109018.0,
    "wlp2s0 RX": 0.0,
    "wlp2s0 TX": 0.0,
    "PDU power": 10.0
}