{
    "CPU temp": 59.0,
    "CPU load (/proc/stat)(1s)": 0.5291005291005291,
    "CPU power": 6.03978,
    "lo RX": 0.0,
    "lo TX": 0.0,
    "enp3s0 RX": 122395580.0,
    "enp3s0 TX": 111660.0,
    "wlp2s0 RX": 0.0,
    "wlp2s0 TX": 0.0,
    "PDU power": 10.0
}