{
    "CPU temp": 60.0,
    "CPU load (/proc/stat)(1s)": 0.5236842105263158,
    "CPU power": 6.150253,
    "lo RX": 0.0,
    "lo TX": 0.0,
    "enp3s0 RX": 122401847.0,
    "enp3s0 TX": 109356.0,
    "wlp2s0 RX": 0.0,
    "wlp2s0 TX": 0.0,
    "PDU power": 11.0
}