{
    "CPU temp": 62.0,
    "CPU load (/proc/stat)(1s)": 0.5366492146596858,
    "CPU power": 5.780442,
    "lo RX": 0.0,
    "lo TX": 0.0,
    "enp3s0 RX": 71508326.0,
    "enp3s0 TX": 75327.0,
    "wlp2s0 RX": 0.0,
    "wlp2s0 TX": 0.0,
    "PDU power": 9.0
}