{
    "CPU temp": 63.0,
    "CPU load (/proc/stat)(1s)": 0.7387862796833773,
    "CPU power": 7.444011,
    "lo RX": 0.0,
    "lo TX": 0.0,
    "enp3s0 RX": 122350219.0,
    "enp3s0 TX": 112284.0,
    "wlp2s0 RX": 0.0,
    "wlp2s0 TX": 0.0,
    "PDU power": 12.0
}