{
    "CPU temp": 63.0,
    "CPU load (/proc/stat)(1s)": 0.7362924281984334,
    "CPU power": 7.401409,
    "lo RX": 0.0,
    "lo TX": 0.0,
    "enp3s0 RX": 122505593.0,
    "enp3s0 TX": 108966.0,
    "wlp2s0 RX": 0.0,
    "wlp2s0 TX": 0.0,
    "PDU power": 11.0
}