{
    "CPU temp": 63.0,
    "CPU load (/proc/stat)(1s)": 0.5673575129533679,
    "CPU power": 5.985641,
    "lo RX": 0.0,
    "lo TX": 0.0,
    "enp3s0 RX": 71020995.0,
    "enp3s0 TX": 77097.0,
    "wlp2s0 RX": 0.0,
    "wlp2s0 TX": 0.0,
    "PDU power": 11.0
}