{
    "CPU temp": 62.0,
    "CPU load (/proc/stat)(1s)": 0.8263157894736842,
    "CPU power": 7.972391,
    "lo RX": 0.0,
    "lo TX": 0.0,
    "enp3s0 RX": 122348945.0,
    "enp3s0 TX": 107616.0,
    "wlp2s0 RX": 0.0,
    "wlp2s0 TX": 0.0,
    "PDU power": 11.0
}