{
    "CPU temp": 64.0,
    "CPU load (/proc/stat)(1s)": 0.8386243386243386,
    "CPU power": 8.035685,
    "lo RX": 0.0,
    "lo TX": 0.0,
    "enp3s0 RX": 122383499.0,
    "enp3s0 TX": 116090.0,
    "wlp2s0 RX": 0.0,
    "wlp2s0 TX": 0.0,
    "PDU power": 12.0
}