{
    "CPU temp": 64.0,
    "CPU load (/proc/stat)(1s)": 0.9238845144356955,
    "CPU power": 8.547646,
    "lo RX": 0.0,
    "lo TX": 0.0,
    "enp3s0 RX": 122286779.0,
    "enp3s0 TX": 109010.0,
    "wlp2s0 RX": 0.0,
    "wlp2s0 TX": 0.0,
    "PDU power": 12.0
}