{
    "CPU temp": 65.0,
    "CPU load (/proc/stat)(1s)": 0.9326424870466321,
    "CPU power": 8.659646,
    "lo RX": 0.0,
    "lo TX": 0.0,
    "enp3s0 RX": 120243317.0,
    "enp3s0 TX": 115950.0,
    "wlp2s0 RX": 0.0,
    "wlp2s0 TX": 0.0,
    "PDU power": 12.0
}