{
    "CPU temp": 59.0,
    "CPU load (/proc/stat)(1s)": 0.6220472440944882,
    "CPU power": 6.59471,
    "lo RX": 0.0,
    "lo TX": 0.0,
    "enp3s0 RX": 122406662.0,
    "enp3s0 TX": 111076.0,
    "wlp2s0 RX": 0.0,
    "wlp2s0 TX": 0.0,
    "PDU power": 12.0
}