{
    "CPU temp": 63.0,
    "CPU load (/proc/stat)(1s)": 0.8311345646437994,
    "CPU power": 8.030497,
    "lo RX": 0.0,
    "lo TX": 0.0,
    "enp3s0 RX": 116834120.0,
    "enp3s0 TX": 120372.0,
    "wlp2s0 RX": 0.0,
    "wlp2s0 TX": 0.0,
    "PDU power": 10.0
}