{
    "CPU temp": 67.0,
    "CPU load (/proc/stat)(1s)": 0.9298701298701298,
    "CPU power": 8.64396,
    "lo RX": 0.0,
    "lo TX": 0.0,
    "enp3s0 RX": 122553414.0,
    "enp3s0 TX": 110346.0,
    "wlp2s0 RX": 0.0,
    "wlp2s0 TX": 0.0,
    "PDU power": 11.0
}