{
    "CPU temp": 61.0,
    "CPU load (/proc/stat)(1s)": 0.03183023872679045,
    "CPU power": 2.667778,
    "lo RX": 0.0,
    "lo TX": 0.0,
    "enp3s0 RX": 122393617.0,
    "enp3s0 TX": 110146.0,
    "wlp2s0 RX": 0.0,
    "wlp2s0 TX": 0.0,
    "PDU power": 7.0
}