{
    "CPU temp": 59.0,
    "CPU load (/proc/stat)(1s)": 0.023746701846965697,
    "CPU power": 2.498834,
    "lo RX": 0.0,
    "lo TX": 0.0,
    "enp3s0 RX": 122425231.0,
    "enp3s0 TX": 108526.0,
    "wlp2s0 RX": 0.0,
    "wlp2s0 TX": 0.0,
    "PDU power": 7.0
}