{
    "CPU temp": 55.0,
    "CPU load (/proc/stat)(1s)": 0.17054263565891473,
    "CPU power": 3.081291,
    "lo RX": 0.0,
    "lo TX": 0.0,
    "enp3s0 RX": 47805149.0,
    "enp3s0 TX": 53133.0,
    "wlp2s0 RX": 0.0,
    "wlp2s0 TX": 0.0,
    "PDU power": 8.0
}