{
    "CPU temp": 55.0,
    "CPU load (/proc/stat)(1s)": 0.18133333333333335,
    "CPU power": 3.714773,
    "lo RX": 0.0,
    "lo TX": 0.0,
    "enp3s0 RX": 122393819.0,
    "enp3s0 TX": 111348.0,
    "wlp2s0 RX": 0.0,
    "wlp2s0 TX": 0.0,
    "PDU power": 8.0
}