{
    "CPU temp": 63.0,
    "CPU load (/proc/stat)(1s)": 0.825974025974026,
    "CPU power": 7.931925,
    "lo RX": 0.0,
    "lo TX": 0.0,
    "enp3s0 RX": 121499266.0,
    "enp3s0 TX": 114474.0,
    "wlp2s0 RX": 0.0,
    "wlp2s0 TX": 0.0,
    "PDU power": 11.0
}