{
    "CPU temp": 55.0,
    "CPU load (/proc/stat)(1s)": 0.11671087533156499,
    "CPU power": 3.163077,
    "lo RX": 0.0,
    "lo TX": 0.0,
    "enp3s0 RX": 122374084.0,
    "enp3s0 TX": 113624.0,
    "wlp2s0 RX": 0.0,
    "wlp2s0 TX": 0.0,
    "PDU power": 9.0
}