{
    "CPU temp": 55.0,
    "CPU load (/proc/stat)(1s)": 0.11140583554376658,
    "CPU power": 3.185905,
    "lo RX": 0.0,
    "lo TX": 0.0,
    "enp3s0 RX": 122458360.0,
    "enp3s0 TX": 112152.0,
    "wlp2s0 RX": 0.0,
    "wlp2s0 TX": 0.0,
    "PDU power": 7.0
}