{
    "CPU temp": 55.0,
    "CPU load (/proc/stat)(1s)": 0.11140583554376658,
    "CPU power": 3.16143,
    "lo RX": 0.0,
    "lo TX": 0.0,
    "enp3s0 RX": 122436277.0,
    "enp3s0 TX": 109980.0,
    "wlp2s0 RX": 0.0,
    "wlp2s0 TX": 0.0,
    "PDU power": 8.0
}