{
    "CPU temp": 55.0,
    "CPU load (/proc/stat)(1s)": 0.14511873350923482,
    "CPU power": 3.187247,
    "lo RX": 0.0,
    "lo TX": 0.0,
    "enp3s0 RX": 88003969.0,
    "enp3s0 TX": 81681.0,
    "wlp2s0 RX": 0.0,
    "wlp2s0 TX": 0.0,
    "PDU power": 9.0
}