{
    "CPU temp": 56.0,
    "CPU load (/proc/stat)(1s)": 0.19363395225464192,
    "CPU power": 3.657889,
    "lo RX": 0.0,
    "lo TX": 0.0,
    "enp3s0 RX": 122442006.0,
    "enp3s0 TX": 113244.0,
    "wlp2s0 RX": 0.0,
    "wlp2s0 TX": 0.0,
    "PDU power": 7.0
}