{
    "CPU temp": 56.0,
    "CPU load (/proc/stat)(1s)": 0.20212765957446807,
    "CPU power": 3.78716,
    "lo RX": 0.0,
    "lo TX": 0.0,
    "enp3s0 RX": 122388056.0,
    "enp3s0 TX": 109402.0,
    "wlp2s0 RX": 0.0,
    "wlp2s0 TX": 0.0,
    "PDU power": 8.0
}