{
    "CPU temp": 56.0,
    "CPU load (/proc/stat)(1s)": 0.21693121693121692,
    "CPU power": 3.989308,
    "lo RX": 0.0,
    "lo TX": 0.0,
    "enp3s0 RX": 122414633.0,
    "enp3s0 TX": 114102.0,
    "wlp2s0 RX": 0.0,
    "wlp2s0 TX": 0.0,
    "PDU power": 9.0
}