{
    "CPU temp": 63.0,
    "CPU load (/proc/stat)(1s)": 0.8307291666666666,
    "CPU power": 7.95225,
    "lo RX": 0.0,
    "lo TX": 0.0,
    "enp3s0 RX": 121597467.0,
    "enp3s0 TX": 111030.0,
    "wlp2s0 RX": 0.0,
    "wlp2s0 TX": 0.0,
    "PDU power": 11.0
}