{
    "CPU temp": 56.0,
    "CPU load (/proc/stat)(1s)": 0.3157894736842105,
    "CPU power": 4.435596,
    "lo RX": 0.0,
    "lo TX": 0.0,
    "enp3s0 RX": 122395219.0,
    "enp3s0 TX": 108208.0,
    "wlp2s0 RX": 0.0,
    "wlp2s0 TX": 0.0,
    "PDU power": 12.0
}