{
    "CPU temp": 57.0,
    "CPU load (/proc/stat)(1s)": 0.29815303430079154,
    "CPU power": 4.507678,
    "lo RX": 0.0,
    "lo TX": 0.0,
    "enp3s0 RX": 122398128.0,
    "enp3s0 TX": 109034.0,
    "wlp2s0 RX": 0.0,
    "wlp2s0 TX": 0.0,
    "PDU power": 9.0
}