{
    "CPU temp": 57.0,
    "CPU load (/proc/stat)(1s)": 0.32275132275132273,
    "CPU power": 4.841235,
    "lo RX": 0.0,
    "lo TX": 0.0,
    "enp3s0 RX": 122423926.0,
    "enp3s0 TX": 109270.0,
    "wlp2s0 RX": 0.0,
    "wlp2s0 TX": 0.0,
    "PDU power": 9.0
}