{
    "CPU temp": 57.0,
    "CPU load (/proc/stat)(1s)": 0.3324538258575198,
    "CPU power": 4.940417,
    "lo RX": 0.0,
    "lo TX": 0.0,
    "enp3s0 RX": 122453024.0,
    "enp3s0 TX": 121896.0,
    "wlp2s0 RX": 0.0,
    "wlp2s0 TX": 0.0,
    "PDU power": 11.0
}