{
    "CPU temp": 58.0,
    "CPU load (/proc/stat)(1s)": 0.4308510638297872,
    "CPU power": 5.214343,
    "lo RX": 0.0,
    "lo TX": 0.0,
    "enp3s0 RX": 112576549.0,
    "enp3s0 TX": 108602.0,
    "wlp2s0 RX": 0.0,
    "wlp2s0 TX": 0.0,
    "PDU power": 9.0
}