{
    "CPU temp": 58.0,
    "CPU load (/proc/stat)(1s)": 0.43466666666666665,
    "CPU power": 5.432481,
    "lo RX": 0.0,
    "lo TX": 0.0,
    "enp3s0 RX": 120939391.0,
    "enp3s0 TX": 128274.0,
    "wlp2s0 RX": 0.0,
    "wlp2s0 TX": 0.0,
    "PDU power": 10.0
}