{
    "CPU temp": 58.0,
    "CPU load (/proc/stat)(1s)": 0.29219143576826195,
    "CPU power": 3.954885,
    "lo RX": 0.0,
    "lo TX": 0.0,
    "enp3s0 RX": 7677125.0,
    "enp3s0 TX": 17054.0,
    "wlp2s0 RX": 0.0,
    "wlp2s0 TX": 0.0,
    "PDU power": 10.0
}