{
    "CPU temp": 59.0,
    "CPU load (/proc/stat)(1s)": 0.5213903743315508,
    "CPU power": 5.921372,
    "lo RX": 0.0,
    "lo TX": 0.0,
    "enp3s0 RX": 120314447.0,
    "enp3s0 TX": 128456.0,
    "wlp2s0 RX": 0.0,
    "wlp2s0 TX": 0.0,
    "PDU power": 12.0
}