{
    "CPU temp": 60.0,
    "CPU load (/proc/stat)(1s)": 0.5317460317460317,
    "CPU power": 6.165084,
    "lo RX": 0.0,
    "lo TX": 0.0,
    "enp3s0 RX": 122440731.0,
    "enp3s0 TX": 108998.0,
    "wlp2s0 RX": 0.0,
    "wlp2s0 TX": 0.0,
    "PDU power": 10.0
}