{
    "CPU temp": 60.0,
    "CPU load (/proc/stat)(1s)": 0.5466666666666666,
    "CPU power": 6.246322,
    "lo RX": 0.0,
    "lo TX": 0.0,
    "enp3s0 RX": 122287831.0,
    "enp3s0 TX": 115408.0,
    "wlp2s0 RX": 0.0,
    "wlp2s0 TX": 0.0,
    "PDU power": 11.0
}