{
    "CPU temp": 60.0,
    "CPU load (/proc/stat)(1s)": 0.516042780748663,
    "CPU power": 6.078353,
    "lo RX": 0.0,
    "lo TX": 0.0,
    "enp3s0 RX": 118171150.0,
    "enp3s0 TX": 129482.0,
    "wlp2s0 RX": 0.0,
    "wlp2s0 TX": 0.0,
    "PDU power": 10.0
}