{
    "CPU temp": 60.0,
    "CPU load (/proc/stat)(1s)": 0.5684210526315789,
    "CPU power": 6.353011,
    "lo RX": 0.0,
    "lo TX": 0.0,
    "enp3s0 RX": 122067338.0,
    "enp3s0 TX": 119244.0,
    "wlp2s0 RX": 0.0,
    "wlp2s0 TX": 0.0,
    "PDU power": 11.0
}