{
    "CPU temp": 60.0,
    "CPU load (/proc/stat)(1s)": 0.4330708661417323,
    "CPU power": 5.235887,
    "lo RX": 0.0,
    "lo TX": 0.0,
    "enp3s0 RX": 75428844.0,
    "enp3s0 TX": 79777.0,
    "wlp2s0 RX": 0.0,
    "wlp2s0 TX": 0.0,
    "PDU power": 10.0
}