{
    "CPU temp": 61.0,
    "CPU load (/proc/stat)(1s)": 0.6375661375661376,
    "CPU power": 6.850629,
    "lo RX": 0.0,
    "lo TX": 0.0,
    "enp3s0 RX": 122460382.0,
    "enp3s0 TX": 116308.0,
    "wlp2s0 RX": 0.0,
    "wlp2s0 TX": 0.0,
    "PDU power": 11.0
}