{
    "CPU temp": 62.0,
    "CPU load (/proc/stat)(1s)": 0.6339522546419099,
    "CPU power": 6.850019,
    "lo RX": 0.0,
    "lo TX": 0.0,
    "enp3s0 RX": 122487305.0,
    "enp3s0 TX": 108398.0,
    "wlp2s0 RX": 0.0,
    "wlp2s0 TX": 0.0,
    "PDU power": 11.0
}