{
    "CPU temp": 62.0,
    "CPU load (/proc/stat)(1s)": 0.5089974293059126,
    "CPU power": 5.601975,
    "lo RX": 0.0,
    "lo TX": 0.0,
    "enp3s0 RX": 70984140.0,
    "enp3s0 TX": 76419.0,
    "wlp2s0 RX": 0.0,
    "wlp2s0 TX": 0.0,
    "PDU power": 10.0
}