{
    "CPU temp": 63.0,
    "CPU load (/proc/stat)(1s)": 0.7328042328042328,
    "CPU power": 7.424724,
    "lo RX": 0.0,
    "lo TX": 0.0,
    "enp3s0 RX": 122254478.0,
    "enp3s0 TX": 119656.0,
    "wlp2s0 RX": 0.0,
    "wlp2s0 TX": 0.0,
    "PDU power": 12.0
}