{
    "CPU temp": 63.0,
    "CPU load (/proc/stat)(1s)": 0.7440633245382586,
    "CPU power": 7.507549,
    "lo RX": 0.0,
    "lo TX": 0.0,
    "enp3s0 RX": 122158172.0,
    "enp3s0 TX": 120386.0,
    "wlp2s0 RX": 0.0,
    "wlp2s0 TX": 0.0,
    "PDU power": 12.0
}