{
    "CPU temp": 63.0,
    "CPU load (/proc/stat)(1s)": 0.548051948051948,
    "CPU power": 5.943649,
    "lo RX": 0.0,
    "lo TX": 0.0,
    "enp3s0 RX": 78650340.0,
    "enp3s0 TX": 75683.0,
    "wlp2s0 RX": 0.0,
    "wlp2s0 TX": 0.0,
    "PDU power": 12.0
}