{
    "CPU temp": 66.0,
    "CPU load (/proc/stat)(1s)": 0.9302325581395349,
    "CPU power": 8.629251,
    "lo RX": 0.0,
    "lo TX": 0.0,
    "enp3s0 RX": 122449723.0,
    "enp3s0 TX": 108116.0,
    "wlp2s0 RX": 0.0,
    "wlp2s0 TX": 0.0,
    "PDU power": 12.0
}