{
    "CPU temp": 67.0,
    "CPU load (/proc/stat)(1s)": 0.9345549738219895,
    "CPU power": 8.671791,
    "lo RX": 0.0,
    "lo TX": 0.0,
    "enp3s0 RX": 122401875.0,
    "enp3s0 TX": 111702.0,
    "wlp2s0 RX": 0.0,
    "wlp2s0 TX": 0.0,
    "PDU power": 12.0
}