{
    "CPU temp": 67.0,
    "CPU load (/proc/stat)(1s)": 0.9263157894736842,
    "CPU power": 8.630715,
    "lo RX": 0.0,
    "lo TX": 0.0,
    "enp3s0 RX": 122452603.0,
    "enp3s0 TX": 108566.0,
    "wlp2s0 RX": 0.0,
    "wlp2s0 TX": 0.0,
    "PDU power": 12.0
}