{
    "CPU temp": 56.0,
    "CPU load (/proc/stat)(1s)": 0.01856763925729443,
    "CPU power": 2.506952,
    "lo RX": 0.0,
    "lo TX": 0.0,
    "enp3s0 RX": 122502565.0,
    "enp3s0 TX": 112832.0,
    "wlp2s0 RX": 0.0,
    "wlp2s0 TX": 0.0,
    "PDU power": 9.0
}