{
    "CPU temp": 56.0,
    "CPU load (/proc/stat)(1s)": 0.021164021164021163,
    "CPU power": 2.389276,
    "lo RX": 0.0,
    "lo TX": 0.0,
    "enp3s0 RX": 122411934.0,
    "enp3s0 TX": 116470.0,
    "wlp2s0 RX": 0.0,
    "wlp2s0 TX": 0.0,
    "PDU power": 6.0
}