{
    "CPU temp": 56.0,
    "CPU load (/proc/stat)(1s)": 0.30710659898477155,
    "CPU power": 4.127126,
    "lo RX": 0.0,
    "lo TX": 0.0,
    "enp3s0 RX": 10648992.0,
    "enp3s0 TX": 21688.0,
    "wlp2s0 RX": 0.0,
    "wlp2s0 TX": 0.0,
    "PDU power": 9.0
}