{
    "CPU temp": 56.0,
    "CPU load (/proc/stat)(1s)": 0.12234042553191489,
    "CPU power": 3.20629,
    "lo RX": 0.0,
    "lo TX": 0.0,
    "enp3s0 RX": 122558524.0,
    "enp3s0 TX": 115422.0,
    "wlp2s0 RX": 0.0,
    "wlp2s0 TX": 0.0,
    "PDU power": 8.0
}