{
    "CPU temp": 56.0,
    "CPU load (/proc/stat)(1s)": 0.1111111111111111,
    "CPU power": 3.074699,
    "lo RX": 0.0,
    "lo TX": 0.0,
    "enp3s0 RX": 122517825.0,
    "enp3s0 TX": 115402.0,
    "wlp2s0 RX": 0.0,
    "wlp2s0 TX": 0.0,
    "PDU power": 8.0
}