{
    "CPU temp": 56.0,
    "CPU load (/proc/stat)(1s)": 0.11936339522546419,
    "CPU power": 3.210685,
    "lo RX": 0.0,
    "lo TX": 0.0,
    "enp3s0 RX": 122497903.0,
    "enp3s0 TX": 112230.0,
    "wlp2s0 RX": 0.0,
    "wlp2s0 TX": 0.0,
    "PDU power": 8.0
}