{
    "CPU temp": 56.0,
    "CPU load (/proc/stat)(1s)": 0.10817941952506596,
    "CPU power": 3.131034,
    "lo RX": 0.0,
    "lo TX": 0.0,
    "enp3s0 RX": 122499417.0,
    "enp3s0 TX": 116850.0,
    "wlp2s0 RX": 0.0,
    "wlp2s0 TX": 0.0,
    "PDU power": 7.0
}