{
    "CPU temp": 56.0,
    "CPU load (/proc/stat)(1s)": 0.2805194805194805,
    "CPU power": 4.048513,
    "lo RX": 0.0,
    "lo TX": 0.0,
    "enp3s0 RX": 72850917.0,
    "enp3s0 TX": 79479.0,
    "wlp2s0 RX": 0.0,
    "wlp2s0 TX": 0.0,
    "PDU power": 9.0
}