{
    "CPU temp": 56.0,
    "CPU load (/proc/stat)(1s)": 0.2717678100263852,
    "CPU power": 4.159474,
    "lo RX": 0.0,
    "lo TX": 0.0,
    "enp3s0 RX": 122102071.0,
    "enp3s0 TX": 127998.0,
    "wlp2s0 RX": 0.0,
    "wlp2s0 TX": 0.0,
    "PDU power": 9.0
}