{
    "CPU temp": 56.0,
    "CPU load (/proc/stat)(1s)": 0.20789473684210527,
    "CPU power": 3.648855,
    "lo RX": 0.0,
    "lo TX": 0.0,
    "enp3s0 RX": 122499598.0,
    "enp3s0 TX": 110848.0,
    "wlp2s0 RX": 0.0,
    "wlp2s0 TX": 0.0,
    "PDU power": 9.0
}