{
    "CPU temp": 56.0,
    "CPU load (/proc/stat)(1s)": 0.19210526315789472,
    "CPU power": 3.559378,
    "lo RX": 0.0,
    "lo TX": 0.0,
    "enp3s0 RX": 122348346.0,
    "enp3s0 TX": 111090.0,
    "wlp2s0 RX": 0.0,
    "wlp2s0 TX": 0.0,
    "PDU power": 9.0
}