{
    "CPU temp": 63.0,
    "CPU load (/proc/stat)(1s)": 0.8359375,
    "CPU power": 8.061503,
    "lo RX": 0.0,
    "lo TX": 0.0,
    "enp3s0 RX": 122934466.0,
    "enp3s0 TX": 107398.0,
    "wlp2s0 RX": 0.0,
    "wlp2s0 TX": 0.0,
    "PDU power": 12.0
}