{
    "CPU temp": 57.0,
    "CPU load (/proc/stat)(1s)": 0.2230971128608924,
    "CPU power": 3.800832,
    "lo RX": 0.0,
    "lo TX": 0.0,
    "enp3s0 RX": 122150880.0,
    "enp3s0 TX": 109108.0,
    "wlp2s0 RX": 0.0,
    "wlp2s0 TX": 0.0,
    "PDU power": 8.0
}