{
    "CPU temp": 57.0,
    "CPU load (/proc/stat)(1s)": 0.3219895287958115,
    "CPU power": 4.298085,
    "lo RX": 0.0,
    "lo TX": 0.0,
    "enp3s0 RX": 71651868.0,
    "enp3s0 TX": 78491.0,
    "wlp2s0 RX": 0.0,
    "wlp2s0 TX": 0.0,
    "PDU power": 9.0
}