{
    "CPU temp": 57.0,
    "CPU load (/proc/stat)(1s)": 0.35543766578249336,
    "CPU power": 4.776599,
    "lo RX": 0.0,
    "lo TX": 0.0,
    "enp3s0 RX": 122511681.0,
    "enp3s0 TX": 112320.0,
    "wlp2s0 RX": 0.0,
    "wlp2s0 TX": 0.0,
    "PDU power": 9.0
}