{
    "CPU temp": 58.0,
    "CPU load (/proc/stat)(1s)": 0.3324538258575198,
    "CPU power": 4.732837,
    "lo RX": 0.0,
    "lo TX": 0.0,
    "enp3s0 RX": 122498490.0,
    "enp3s0 TX": 118682.0,
    "wlp2s0 RX": 0.0,
    "wlp2s0 TX": 0.0,
    "PDU power": 10.0
}