{
    "CPU temp": 58.0,
    "CPU load (/proc/stat)(1s)": 0.27906976744186046,
    "CPU power": 4.135853,
    "lo RX": 0.0,
    "lo TX": 0.0,
    "enp3s0 RX": 75451765.0,
    "enp3s0 TX": 90673.0,
    "wlp2s0 RX": 0.0,
    "wlp2s0 TX": 0.0,
    "PDU power": 9.0
}