{
    "CPU temp": 58.0,
    "CPU load (/proc/stat)(1s)": 0.41578947368421054,
    "CPU power": 5.116137,
    "lo RX": 0.0,
    "lo TX": 0.0,
    "enp3s0 RX": 122543263.0,
    "enp3s0 TX": 112922.0,
    "wlp2s0 RX": 0.0,
    "wlp2s0 TX": 0.0,
    "PDU power": 9.0
}