{
    "CPU temp": 59.0,
    "CPU load (/proc/stat)(1s)": 0.44063324538258575,
    "CPU power": 5.46483,
    "lo RX": 0.0,
    "lo TX": 0.0,
    "enp3s0 RX": 118659894.0,
    "enp3s0 TX": 122972.0,
    "wlp2s0 RX": 0.0,
    "wlp2s0 TX": 0.0,
    "PDU power": 10.0
}