{
    "CPU temp": 59.0,
    "CPU load (/proc/stat)(1s)": 0.43733333333333335,
    "CPU power": 5.531358,
    "lo RX": 0.0,
    "lo TX": 0.0,
    "enp3s0 RX": 121021240.0,
    "enp3s0 TX": 131724.0,
    "wlp2s0 RX": 0.0,
    "wlp2s0 TX": 0.0,
    "PDU power": 11.0
}