{
    "CPU temp": 60.0,
    "CPU load (/proc/stat)(1s)": 0.5411140583554377,
    "CPU power": 6.181808,
    "lo RX": 0.0,
    "lo TX": 0.0,
    "enp3s0 RX": 122384293.0,
    "enp3s0 TX": 110816.0,
    "wlp2s0 RX": 0.0,
    "wlp2s0 TX": 0.0,
    "PDU power": 11.0
}