{
    "CPU temp": 52.0,
    "CPU load (/proc/stat)(1s)": 0.16020671834625322,
    "CPU power": 3.122184,
    "lo RX": 0.0,
    "lo TX": 0.0,
    "enp3s0 RX": 76214900.0,
    "enp3s0 TX": 72151.0,
    "wlp2s0 RX": 0.0,
    "wlp2s0 TX": 0.0,
    "PDU power": 7.0
}