{
    "CPU temp": 54.0,
    "CPU load (/proc/stat)(1s)": 0.17571059431524547,
    "CPU power": 3.142875,
    "lo RX": 0.0,
    "lo TX": 0.0,
    "enp3s0 RX": 71237915.0,
    "enp3s0 TX": 75917.0,
    "wlp2s0 RX": 0.0,
    "wlp2s0 TX": 0.0,
    "PDU power": 8.0
}