{
    "CPU temp": 60.0,
    "CPU load (/proc/stat)(1s)": 0.5209424083769634,
    "CPU power": 6.003341,
    "lo RX": 0.0,
    "lo TX": 0.0,
    "enp3s0 RX": 122402808.0,
    "enp3s0 TX": 107676.0,
    "wlp2s0 RX": 0.0,
    "wlp2s0 TX": 0.0,
    "PDU power": 9.0
}