{
    "CPU temp": 61.0,
    "CPU load (/proc/stat)(1s)": 0.6105263157894737,
    "CPU power": 6.471052,
    "lo RX": 0.0,
    "lo TX": 0.0,
    "enp3s0 RX": 113123479.0,
    "enp3s0 TX": 115254.0,
    "wlp2s0 RX": 0.0,
    "wlp2s0 TX": 0.0,
    "PDU power": 11.0
}