{
    "CPU temp": 62.0,
    "CPU load (/proc/stat)(1s)": 0.6322751322751323,
    "CPU power": 6.739118,
    "lo RX": 0.0,
    "lo TX": 0.0,
    "enp3s0 RX": 122403330.0,
    "enp3s0 TX": 108480.0,
    "wlp2s0 RX": 0.0,
    "wlp2s0 TX": 0.0,
    "PDU power": 9.0
}