{
    "CPU temp": 61.0,
    "CPU load (/proc/stat)(1s)": 0.30279898218829515,
    "CPU power": 4.061635,
    "lo RX": 0.0,
    "lo TX": 0.0,
    "enp3s0 RX": 11035220.0,
    "enp3s0 TX": 21692.0,
    "wlp2s0 RX": 0.0,
    "wlp2s0 TX": 0.0,
    "PDU power": 9.0
}