{
    "CPU temp": 63.0,
    "CPU load (/proc/stat)(1s)": 0.7255936675461742,
    "CPU power": 7.32011,
    "lo RX": 0.0,
    "lo TX": 0.0,
    "enp3s0 RX": 122401335.0,
    "enp3s0 TX": 108944.0,
    "wlp2s0 RX": 0.0,
    "wlp2s0 TX": 0.0,
    "PDU power": 12.0
}