{
    "CPU temp": 62.0,
    "CPU load (/proc/stat)(1s)": 0.8079800498753117,
    "CPU power": 7.598125,
    "lo RX": 0.0,
    "lo TX": 0.0,
    "enp3s0 RX": 392025.0,
    "enp3s0 TX": 1398.0,
    "wlp2s0 RX": 0.0,
    "wlp2s0 TX": 0.0,
    "PDU power": 12.0
}