{
    "CPU temp": 55.0,
    "CPU load (/proc/stat)(1s)": 0.2225201072386059,
    "CPU power": 4.05193,
    "lo RX": 0.0,
    "lo TX": 0.0,
    "enp3s0 RX": 122420450.0,
    "enp3s0 TX": 109050.0,
    "wlp2s0 RX": 0.0,
    "wlp2s0 TX": 0.0,
    "PDU power": 9.0
}