{
    "CPU temp": 63.0,
    "CPU load (/proc/stat)(1s)": 0.7236842105263158,
    "CPU power": 7.355877,
    "lo RX": 0.0,
    "lo TX": 0.0,
    "enp3s0 RX": 121388038.0,
    "enp3s0 TX": 117586.0,
    "wlp2s0 RX": 0.0,
    "wlp2s0 TX": 0.0,
    "PDU power": 11.0
}