{
    "CPU temp": 65.0,
    "CPU load (/proc/stat)(1s)": 0.819371727748691,
    "CPU power": 7.898539,
    "lo RX": 0.0,
    "lo TX": 0.0,
    "enp3s0 RX": 87270772.0,
    "enp3s0 TX": 99416.0,
    "wlp2s0 RX": 0.0,
    "wlp2s0 TX": 0.0,
    "PDU power": 12.0
}