{
    "CPU temp": 65.0,
    "CPU load (/proc/stat)(1s)": 0.7506493506493507,
    "CPU power": 7.24638,
    "lo RX": 0.0,
    "lo TX": 0.0,
    "enp3s0 RX": 93059774.0,
    "enp3s0 TX": 108064.0,
    "wlp2s0 RX": 0.0,
    "wlp2s0 TX": 0.0,
    "PDU power": 12.0
}