{
    "CPU temp": 67.0,
    "CPU load (/proc/stat)(1s)": 0.9312169312169312,
    "CPU power": 8.642251,
    "lo RX": 0.0,
    "lo TX": 0.0,
    "enp3s0 RX": 122497755.0,
    "enp3s0 TX": 109604.0,
    "wlp2s0 RX": 0.0,
    "wlp2s0 TX": 0.0,
    "PDU power": 11.0
}