{
    "CPU temp": 64.0,
    "CPU load (/proc/stat)(1s)": 0.026455026455026454,
    "CPU power": 2.553643,
    "lo RX": 0.0,
    "lo TX": 0.0,
    "enp3s0 RX": 122170262.0,
    "enp3s0 TX": 124612.0,
    "wlp2s0 RX": 0.0,
    "wlp2s0 TX": 0.0,
    "PDU power": 8.0
}