{
    "CPU temp": 58.0,
    "CPU load (/proc/stat)(1s)": 0.023809523809523808,
    "CPU power": 2.488153,
    "lo RX": 0.0,
    "lo TX": 0.0,
    "enp3s0 RX": 122108276.0,
    "enp3s0 TX": 113904.0,
    "wlp2s0 RX": 0.0,
    "wlp2s0 TX": 0.0,
    "PDU power": 8.0
}