{
    "CPU temp": 57.0,
    "CPU load (/proc/stat)(1s)": 0.021052631578947368,
    "CPU power": 2.444024,
    "lo RX": 0.0,
    "lo TX": 0.0,
    "enp3s0 RX": 122525695.0,
    "enp3s0 TX": 108762.0,
    "wlp2s0 RX": 0.0,
    "wlp2s0 TX": 0.0,
    "PDU power": 8.0
}