{
    "CPU temp": 56.0,
    "CPU load (/proc/stat)(1s)": 0.18110236220472442,
    "CPU power": 3.510245,
    "lo RX": 0.0,
    "lo TX": 0.0,
    "enp3s0 RX": 95597701.0,
    "enp3s0 TX": 100722.0,
    "wlp2s0 RX": 0.0,
    "wlp2s0 TX": 0.0,
    "PDU power": 9.0
}