{
    "CPU temp": 56.0,
    "CPU load (/proc/stat)(1s)": 0.14473684210526316,
    "CPU power": 3.389518,
    "lo RX": 0.0,
    "lo TX": 0.0,
    "enp3s0 RX": 122488312.0,
    "enp3s0 TX": 108696.0,
    "wlp2s0 RX": 0.0,
    "wlp2s0 TX": 0.0,
    "PDU power": 9.0
}