{
    "CPU temp": 56.0,
    "CPU load (/proc/stat)(1s)": 0.1164021164021164,
    "CPU power": 3.231743,
    "lo RX": 0.0,
    "lo TX": 0.0,
    "enp3s0 RX": 122465015.0,
    "enp3s0 TX": 108586.0,
    "wlp2s0 RX": 0.0,
    "wlp2s0 TX": 0.0,
    "PDU power": 9.0
}