{
    "CPU temp": 55.0,
    "CPU load (/proc/stat)(1s)": 0.08020050125313283,
    "CPU power": 2.165644,
    "lo RX": 0.0,
    "lo TX": 0.0,
    "enp3s0 RX": 461.0,
    "enp3s0 TX": 944.0,
    "wlp2s0 RX": 0.0,
    "wlp2s0 TX": 0.0,
    "PDU power": 7.0
}