{
    "CPU temp": 55.0,
    "CPU load (/proc/stat)(1s)": 0.21372031662269128,
    "CPU power": 3.763357,
    "lo RX": 0.0,
    "lo TX": 0.0,
    "enp3s0 RX": 122519220.0,
    "enp3s0 TX": 112324.0,
    "wlp2s0 RX": 0.0,
    "wlp2s0 TX": 0.0,
    "PDU power": 7.0
}