{
    "CPU temp": 55.0,
    "CPU load (/proc/stat)(1s)": 0.21808510638297873,
    "CPU power": 4.004262,
    "lo RX": 0.0,
    "lo TX": 0.0,
    "enp3s0 RX": 122396733.0,
    "enp3s0 TX": 108694.0,
    "wlp2s0 RX": 0.0,
    "wlp2s0 TX": 0.0,
    "PDU power": 10.0
}