{
    "CPU temp": 56.0,
    "CPU load (/proc/stat)(1s)": 0.25866666666666666,
    "CPU power": 4.269764,
    "lo RX": 0.0,
    "lo TX": 0.0,
    "enp3s0 RX": 122512130.0,
    "enp3s0 TX": 112340.0,
    "wlp2s0 RX": 0.0,
    "wlp2s0 TX": 0.0,
    "PDU power": 9.0
}