{
    "CPU temp": 56.0,
    "CPU load (/proc/stat)(1s)": 0.24867724867724866,
    "CPU power": 4.264271,
    "lo RX": 0.0,
    "lo TX": 0.0,
    "enp3s0 RX": 122559889.0,
    "enp3s0 TX": 109304.0,
    "wlp2s0 RX": 0.0,
    "wlp2s0 TX": 0.0,
    "PDU power": 9.0
}