{
    "CPU temp": 56.0,
    "CPU load (/proc/stat)(1s)": 0.3012658227848101,
    "CPU power": 4.274648,
    "lo RX": 0.0,
    "lo TX": 0.0,
    "enp3s0 RX": 27392659.0,
    "enp3s0 TX": 33542.0,
    "wlp2s0 RX": 0.0,
    "wlp2s0 TX": 0.0,
    "PDU power": 9.0
}