{
    "CPU temp": 58.0,
    "CPU load (/proc/stat)(1s)": 0.3333333333333333,
    "CPU power": 4.466725,
    "lo RX": 0.0,
    "lo TX": 0.0,
    "enp3s0 RX": 72424881.0,
    "enp3s0 TX": 74849.0,
    "wlp2s0 RX": 0.0,
    "wlp2s0 TX": 0.0,
    "PDU power": 9.0
}