{
    "CPU temp": 58.0,
    "CPU load (/proc/stat)(1s)": 0.418848167539267,
    "CPU power": 5.071886,
    "lo RX": 0.0,
    "lo TX": 0.0,
    "enp3s0 RX": 122223252.0,
    "enp3s0 TX": 113418.0,
    "wlp2s0 RX": 0.0,
    "wlp2s0 TX": 0.0,
    "PDU power": 9.0
}