{
    "CPU temp": 60.0,
    "CPU load (/proc/stat)(1s)": 0.5342105263157895,
    "CPU power": 5.918808,
    "lo RX": 0.0,
    "lo TX": 0.0,
    "enp3s0 RX": 122384796.0,
    "enp3s0 TX": 116198.0,
    "wlp2s0 RX": 0.0,
    "wlp2s0 TX": 0.0,
    "PDU power": 10.0
}