{
    "CPU temp": 60.0,
    "CPU load (/proc/stat)(1s)": 0.5418848167539267,
    "CPU power": 6.03331,
    "lo RX": 0.0,
    "lo TX": 0.0,
    "enp3s0 RX": 122576572.0,
    "enp3s0 TX": 113140.0,
    "wlp2s0 RX": 0.0,
    "wlp2s0 TX": 0.0,
    "PDU power": 10.0
}