{
    "CPU temp": 60.0,
    "CPU load (/proc/stat)(1s)": 0.5292553191489362,
    "CPU power": 6.171615,
    "lo RX": 0.0,
    "lo TX": 0.0,
    "enp3s0 RX": 122490334.0,
    "enp3s0 TX": 109628.0,
    "wlp2s0 RX": 0.0,
    "wlp2s0 TX": 0.0,
    "PDU power": 10.0
}