{
    "CPU temp": 60.0,
    "CPU load (/proc/stat)(1s)": 0.5408970976253298,
    "CPU power": 6.202499,
    "lo RX": 0.0,
    "lo TX": 0.0,
    "enp3s0 RX": 122319579.0,
    "enp3s0 TX": 116958.0,
    "wlp2s0 RX": 0.0,
    "wlp2s0 TX": 0.0,
    "PDU power": 10.0
}