{
    "CPU temp": 61.0,
    "CPU load (/proc/stat)(1s)": 0.623342175066313,
    "CPU power": 6.576522,
    "lo RX": 0.0,
    "lo TX": 0.0,
    "enp3s0 RX": 122603735.0,
    "enp3s0 TX": 117072.0,
    "wlp2s0 RX": 0.0,
    "wlp2s0 TX": 0.0,
    "PDU power": 11.0
}