{
    "CPU temp": 62.0,
    "CPU load (/proc/stat)(1s)": 0.6361256544502618,
    "CPU power": 6.807844,
    "lo RX": 0.0,
    "lo TX": 0.0,
    "enp3s0 RX": 122408906.0,
    "enp3s0 TX": 107832.0,
    "wlp2s0 RX": 0.0,
    "wlp2s0 TX": 0.0,
    "PDU power": 11.0
}