{
    "CPU temp": 62.0,
    "CPU load (/proc/stat)(1s)": 0.6256684491978609,
    "CPU power": 6.744673,
    "lo RX": 0.0,
    "lo TX": 0.0,
    "enp3s0 RX": 122073781.0,
    "enp3s0 TX": 108100.0,
    "wlp2s0 RX": 0.0,
    "wlp2s0 TX": 0.0,
    "PDU power": 11.0
}