{
    "CPU temp": 54.0,
    "CPU load (/proc/stat)(1s)": 0.03038674033149171,
    "CPU power": 2.341181,
    "lo RX": 0.0,
    "lo TX": 0.0,
    "enp3s0 RX": 77916463.0,
    "enp3s0 TX": 43787126.0,
    "wlp2s0 RX": 0.0,
    "wlp2s0 TX": 0.0,
    "PDU power": 7.0
}