{
    "CPU temp": 62.0,
    "CPU load (/proc/stat)(1s)": 0.7296587926509186,
    "CPU power": 7.226178,
    "lo RX": 0.0,
    "lo TX": 0.0,
    "enp3s0 RX": 122438343.0,
    "enp3s0 TX": 111140.0,
    "wlp2s0 RX": 0.0,
    "wlp2s0 TX": 0.0,
    "PDU power": 11.0
}