{
    "CPU temp": 63.0,
    "CPU load (/proc/stat)(1s)": 0.7296587926509186,
    "CPU power": 7.368878,
    "lo RX": 0.0,
    "lo TX": 0.0,
    "enp3s0 RX": 122532518.0,
    "enp3s0 TX": 109022.0,
    "wlp2s0 RX": 0.0,
    "wlp2s0 TX": 0.0,
    "PDU power": 12.0
}