{
    "CPU temp": 64.0,
    "CPU load (/proc/stat)(1s)": 0.7275132275132276,
    "CPU power": 7.428142,
    "lo RX": 0.0,
    "lo TX": 0.0,
    "enp3s0 RX": 122527976.0,
    "enp3s0 TX": 110628.0,
    "wlp2s0 RX": 0.0,
    "wlp2s0 TX": 0.0,
    "PDU power": 10.0
}