{
    "CPU temp": 64.0,
    "CPU load (/proc/stat)(1s)": 0.756544502617801,
    "CPU power": 7.387738,
    "lo RX": 0.0,
    "lo TX": 0.0,
    "enp3s0 RX": 108776875.0,
    "enp3s0 TX": 108686.0,
    "wlp2s0 RX": 0.0,
    "wlp2s0 TX": 0.0,
    "PDU power": 11.0
}