{
    "CPU temp": 66.0,
    "CPU load (/proc/stat)(1s)": 0.9289473684210526,
    "CPU power": 8.648354,
    "lo RX": 0.0,
    "lo TX": 0.0,
    "enp3s0 RX": 122641765.0,
    "enp3s0 TX": 107130.0,
    "wlp2s0 RX": 0.0,
    "wlp2s0 TX": 0.0,
    "PDU power": 12.0
}