{
    "CPU temp": 67.0,
    "CPU load (/proc/stat)(1s)": 0.9293193717277487,
    "CPU power": 8.638833,
    "lo RX": 0.0,
    "lo TX": 0.0,
    "enp3s0 RX": 121693030.0,
    "enp3s0 TX": 123264.0,
    "wlp2s0 RX": 0.0,
    "wlp2s0 TX": 0.0,
    "PDU power": 12.0
}