{
    "CPU temp": 65.0,
    "CPU load (/proc/stat)(1s)": 0.3877005347593583,
    "CPU power": 5.072985,
    "lo RX": 0.0,
    "lo TX": 0.0,
    "enp3s0 RX": 115896545.0,
    "enp3s0 TX": 141188.0,
    "wlp2s0 RX": 0.0,
    "wlp2s0 TX": 0.0,
    "PDU power": 9.0
}