{
    "CPU temp": 56.0,
    "CPU load (/proc/stat)(1s)": 0.45910290237467016,
    "CPU power": 5.647568,
    "lo RX": 0.0,
    "lo TX": 0.0,
    "enp3s0 RX": 122398159.0,
    "enp3s0 TX": 113802.0,
    "wlp2s0 RX": 0.0,
    "wlp2s0 TX": 0.0,
    "PDU power": 9.0
}