{
    "CPU temp": 62.0,
    "CPU load (/proc/stat)(1s)": 0.02631578947368421,
    "CPU power": 2.494256,
    "lo RX": 0.0,
    "lo TX": 0.0,
    "enp3s0 RX": 122408997.0,
    "enp3s0 TX": 128136.0,
    "wlp2s0 RX": 0.0,
    "wlp2s0 TX": 0.0,
    "PDU power": 8.0
}