{
    "CPU temp": 59.0,
    "CPU load (/proc/stat)(1s)": 0.015957446808510637,
    "CPU power": 2.486017,
    "lo RX": 0.0,
    "lo TX": 0.0,
    "enp3s0 RX": 122452364.0,
    "enp3s0 TX": 112530.0,
    "wlp2s0 RX": 0.0,
    "wlp2s0 TX": 0.0,
    "PDU power": 8.0
}