{
    "CPU temp": 55.0,
    "CPU load (/proc/stat)(1s)": 0.007614213197969543,
    "CPU power": 1.795527,
    "lo RX": 0.0,
    "lo TX": 0.0,
    "enp3s0 RX": 33831835.0,
    "enp3s0 TX": 30450.0,
    "wlp2s0 RX": 0.0,
    "wlp2s0 TX": 0.0,
    "PDU power": 7.0
}