{
    "CPU temp": 56.0,
    "CPU load (/proc/stat)(1s)": 0.11023622047244094,
    "CPU power": 3.046684,
    "lo RX": 0.0,
    "lo TX": 0.0,
    "enp3s0 RX": 122444913.0,
    "enp3s0 TX": 108688.0,
    "wlp2s0 RX": 0.0,
    "wlp2s0 TX": 0.0,
    "PDU power": 8.0
}