{
    "CPU temp": 53.0,
    "CPU load (/proc/stat)(1s)": 0.025936599423631124,
    "CPU power": 2.432183,
    "lo RX": 0.0,
    "lo TX": 0.0,
    "enp3s0 RX": 2262882.0,
    "enp3s0 TX": 122216506.0,
    "wlp2s0 RX": 0.0,
    "wlp2s0 TX": 0.0,
    "PDU power": 7.0
}