{
    "CPU temp": 56.0,
    "CPU load (/proc/stat)(1s)": 0.13123359580052493,
    "CPU power": 3.240104,
    "lo RX": 0.0,
    "lo TX": 0.0,
    "enp3s0 RX": 122470772.0,
    "enp3s0 TX": 108996.0,
    "wlp2s0 RX": 0.0,
    "wlp2s0 TX": 0.0,
    "PDU power": 9.0
}