{
    "CPU temp": 56.0,
    "CPU load (/proc/stat)(1s)": 0.28835978835978837,
    "CPU power": 4.336903,
    "lo RX": 0.0,
    "lo TX": 0.0,
    "enp3s0 RX": 122544820.0,
    "enp3s0 TX": 119834.0,
    "wlp2s0 RX": 0.0,
    "wlp2s0 TX": 0.0,
    "PDU power": 8.0
}