{
    "CPU temp": 56.0,
    "CPU load (/proc/stat)(1s)": 0.24266666666666667,
    "CPU power": 4.027334,
    "lo RX": 0.0,
    "lo TX": 0.0,
    "enp3s0 RX": 122431287.0,
    "enp3s0 TX": 109102.0,
    "wlp2s0 RX": 0.0,
    "wlp2s0 TX": 0.0,
    "PDU power": 9.0
}