{
    "CPU temp": 57.0,
    "CPU load (/proc/stat)(1s)": 0.31398416886543534,
    "CPU power": 4.466968,
    "lo RX": 0.0,
    "lo TX": 0.0,
    "enp3s0 RX": 122393377.0,
    "enp3s0 TX": 113500.0,
    "wlp2s0 RX": 0.0,
    "wlp2s0 TX": 0.0,
    "PDU power": 8.0
}