{
    "CPU temp": 57.0,
    "CPU load (/proc/stat)(1s)": 0.29708222811671087,
    "CPU power": 4.376149,
    "lo RX": 0.0,
    "lo TX": 0.0,
    "enp3s0 RX": 122505354.0,
    "enp3s0 TX": 118054.0,
    "wlp2s0 RX": 0.0,
    "wlp2s0 TX": 0.0,
    "PDU power": 9.0
}