{
    "CPU temp": 57.0,
    "CPU load (/proc/stat)(1s)": 0.30809399477806787,
    "CPU power": 4.319935,
    "lo RX": 0.0,
    "lo TX": 0.0,
    "enp3s0 RX": 73781260.0,
    "enp3s0 TX": 91789.0,
    "wlp2s0 RX": 0.0,
    "wlp2s0 TX": 0.0,
    "PDU power": 9.0
}