{
    "CPU temp": 58.0,
    "CPU load (/proc/stat)(1s)": 0.41688654353562005,
    "CPU power": 5.197863,
    "lo RX": 0.0,
    "lo TX": 0.0,
    "enp3s0 RX": 122475253.0,
    "enp3s0 TX": 112914.0,
    "wlp2s0 RX": 0.0,
    "wlp2s0 TX": 0.0,
    "PDU power": 9.0
}