{
    "CPU temp": 58.0,
    "CPU load (/proc/stat)(1s)": 0.4015957446808511,
    "CPU power": 5.271288,
    "lo RX": 0.0,
    "lo TX": 0.0,
    "enp3s0 RX": 122536999.0,
    "enp3s0 TX": 110142.0,
    "wlp2s0 RX": 0.0,
    "wlp2s0 TX": 0.0,
    "PDU power": 10.0
}