{
    "CPU temp": 59.0,
    "CPU load (/proc/stat)(1s)": 0.4603174603174603,
    "CPU power": 5.721726,
    "lo RX": 0.0,
    "lo TX": 0.0,
    "enp3s0 RX": 122387710.0,
    "enp3s0 TX": 107824.0,
    "wlp2s0 RX": 0.0,
    "wlp2s0 TX": 0.0,
    "PDU power": 10.0
}