{
    "CPU temp": 57.0,
    "CPU load (/proc/stat)(1s)": 0.4381720430107527,
    "CPU power": 5.629808,
    "lo RX": 0.0,
    "lo TX": 0.0,
    "enp3s0 RX": 122175186.0,
    "enp3s0 TX": 107248.0,
    "wlp2s0 RX": 0.0,
    "wlp2s0 TX": 0.0,
    "PDU power": 9.0
}