{
    "CPU temp": 58.0,
    "CPU load (/proc/stat)(1s)": 0.4217171717171717,
    "CPU power": 4.930407,
    "lo RX": 0.0,
    "lo TX": 0.0,
    "enp3s0 RX": 27078874.0,
    "enp3s0 TX": 28570.0,
    "wlp2s0 RX": 0.0,
    "wlp2s0 TX": 0.0,
    "PDU power": 9.0
}