{
    "CPU temp": 59.0,
    "CPU load (/proc/stat)(1s)": 0.5268817204301075,
    "CPU power": 5.991806,
    "lo RX": 0.0,
    "lo TX": 0.0,
    "enp3s0 RX": 122463081.0,
    "enp3s0 TX": 112188.0,
    "wlp2s0 RX": 0.0,
    "wlp2s0 TX": 0.0,
    "PDU power": 11.0
}