{
    "CPU temp": 60.0,
    "CPU load (/proc/stat)(1s)": 0.5261780104712042,
    "CPU power": 6.048019,
    "lo RX": 0.0,
    "lo TX": 0.0,
    "enp3s0 RX": 122162865.0,
    "enp3s0 TX": 112572.0,
    "wlp2s0 RX": 0.0,
    "wlp2s0 TX": 0.0,
    "PDU power": 10.0
}