{
    "CPU temp": 60.0,
    "CPU load (/proc/stat)(1s)": 0.5225464190981433,
    "CPU power": 5.922287,
    "lo RX": 0.0,
    "lo TX": 0.0,
    "enp3s0 RX": 122348466.0,
    "enp3s0 TX": 148686.0,
    "wlp2s0 RX": 0.0,
    "wlp2s0 TX": 0.0,
    "PDU power": 9.0
}