{
    "CPU temp": 62.0,
    "CPU load (/proc/stat)(1s)": 0.7427055702917772,
    "CPU power": 7.501323,
    "lo RX": 0.0,
    "lo TX": 0.0,
    "enp3s0 RX": 122429971.0,
    "enp3s0 TX": 109652.0,
    "wlp2s0 RX": 0.0,
    "wlp2s0 TX": 0.0,
    "PDU power": 11.0
}