{
    "CPU temp": 63.0,
    "CPU load (/proc/stat)(1s)": 0.7303664921465969,
    "CPU power": 7.435527,
    "lo RX": 0.0,
    "lo TX": 0.0,
    "enp3s0 RX": 122389044.0,
    "enp3s0 TX": 109062.0,
    "wlp2s0 RX": 0.0,
    "wlp2s0 TX": 0.0,
    "PDU power": 11.0
}