{
    "CPU temp": 63.0,
    "CPU load (/proc/stat)(1s)": 0.7401574803149606,
    "CPU power": 7.475933,
    "lo RX": 0.0,
    "lo TX": 0.0,
    "enp3s0 RX": 122201936.0,
    "enp3s0 TX": 108458.0,
    "wlp2s0 RX": 0.0,
    "wlp2s0 TX": 0.0,
    "PDU power": 11.0
}