{
    "CPU temp": 64.0,
    "CPU load (/proc/stat)(1s)": 0.7245989304812834,
    "CPU power": 7.351116,
    "lo RX": 0.0,
    "lo TX": 0.0,
    "enp3s0 RX": 122206351.0,
    "enp3s0 TX": 107022.0,
    "wlp2s0 RX": 0.0,
    "wlp2s0 TX": 0.0,
    "PDU power": 11.0
}