{
    "CPU temp": 57.0,
    "CPU load (/proc/stat)(1s)": 0.4217506631299735,
    "CPU power": 5.364305,
    "lo RX": 0.0,
    "lo TX": 0.0,
    "enp3s0 RX": 122502385.0,
    "enp3s0 TX": 108804.0,
    "wlp2s0 RX": 0.0,
    "wlp2s0 TX": 0.0,
    "PDU power": 10.0
}