{
    "CPU temp": 65.0,
    "CPU load (/proc/stat)(1s)": 0.8346456692913385,
    "CPU power": 8.059489,
    "lo RX": 0.0,
    "lo TX": 0.0,
    "enp3s0 RX": 122500932.0,
    "enp3s0 TX": 109496.0,
    "wlp2s0 RX": 0.0,
    "wlp2s0 TX": 0.0,
    "PDU power": 13.0
}