{
    "CPU temp": 65.0,
    "CPU load (/proc/stat)(1s)": 0.8350785340314136,
    "CPU power": 8.052836,
    "lo RX": 0.0,
    "lo TX": 0.0,
    "enp3s0 RX": 122232516.0,
    "enp3s0 TX": 108500.0,
    "wlp2s0 RX": 0.0,
    "wlp2s0 TX": 0.0,
    "PDU power": 11.0
}