{
    "CPU temp": 65.0,
    "CPU load (/proc/stat)(1s)": 0.8293333333333334,
    "CPU power": 8.044779,
    "lo RX": 0.0,
    "lo TX": 0.0,
    "enp3s0 RX": 122363366.0,
    "enp3s0 TX": 106104.0,
    "wlp2s0 RX": 0.0,
    "wlp2s0 TX": 0.0,
    "PDU power": 11.0
}