{
    "CPU temp": 65.0,
    "CPU load (/proc/stat)(1s)": 0.9333333333333333,
    "CPU power": 8.666177,
    "lo RX": 0.0,
    "lo TX": 0.0,
    "enp3s0 RX": 122393783.0,
    "enp3s0 TX": 114024.0,
    "wlp2s0 RX": 0.0,
    "wlp2s0 TX": 0.0,
    "PDU power": 12.0
}