{
    "CPU temp": 57.0,
    "CPU load (/proc/stat)(1s)": 0.41604010025062654,
    "CPU power": 4.67815,
    "lo RX": 0.0,
    "lo TX": 0.0,
    "enp3s0 RX": 2624.0,
    "enp3s0 TX": 2687.0,
    "wlp2s0 RX": 0.0,
    "wlp2s0 TX": 0.0,
    "PDU power": 8.0
}