{
    "CPU temp": 64.0,
    "CPU load (/proc/stat)(1s)": 0.02925531914893617,
    "CPU power": 2.657586,
    "lo RX": 0.0,
    "lo TX": 0.0,
    "enp3s0 RX": 122427014.0,
    "enp3s0 TX": 112344.0,
    "wlp2s0 RX": 0.0,
    "wlp2s0 TX": 0.0,
    "PDU power": 9.0
}