{
    "CPU temp": 62.0,
    "CPU load (/proc/stat)(1s)": 0.024193548387096774,
    "CPU power": 2.730706,
    "lo RX": 0.0,
    "lo TX": 0.0,
    "enp3s0 RX": 122431555.0,
    "enp3s0 TX": 106966.0,
    "wlp2s0 RX": 0.0,
    "wlp2s0 TX": 0.0,
    "PDU power": 9.0
}