{
    "CPU temp": 58.0,
    "CPU load (/proc/stat)(1s)": 0.028795811518324606,
    "CPU power": 2.469415,
    "lo RX": 0.0,
    "lo TX": 0.0,
    "enp3s0 RX": 122464476.0,
    "enp3s0 TX": 108902.0,
    "wlp2s0 RX": 0.0,
    "wlp2s0 TX": 0.0,
    "PDU power": 7.0
}