{
    "CPU temp": 56.0,
    "CPU load (/proc/stat)(1s)": 0.007518796992481203,
    "CPU power": 1.514889,
    "lo RX": 0.0,
    "lo TX": 0.0,
    "enp3s0 RX": 221509.0,
    "enp3s0 TX": 1422.0,
    "wlp2s0 RX": 0.0,
    "wlp2s0 TX": 0.0,
    "PDU power": 8.0
}