{
    "CPU temp": 56.0,
    "CPU load (/proc/stat)(1s)": 0.22774869109947643,
    "CPU power": 3.88146,
    "lo RX": 0.0,
    "lo TX": 0.0,
    "enp3s0 RX": 70161997.0,
    "enp3s0 TX": 83038.0,
    "wlp2s0 RX": 0.0,
    "wlp2s0 TX": 0.0,
    "PDU power": 9.0
}