{
    "CPU temp": 56.0,
    "CPU load (/proc/stat)(1s)": 0.1273209549071618,
    "CPU power": 3.20739,
    "lo RX": 0.0,
    "lo TX": 0.0,
    "enp3s0 RX": 121704287.0,
    "enp3s0 TX": 137282.0,
    "wlp2s0 RX": 0.0,
    "wlp2s0 TX": 0.0,
    "PDU power": 8.0
}