{
    "CPU temp": 56.0,
    "CPU load (/proc/stat)(1s)": 0.1111111111111111,
    "CPU power": 3.09008,
    "lo RX": 0.0,
    "lo TX": 0.0,
    "enp3s0 RX": 122455392.0,
    "enp3s0 TX": 108048.0,
    "wlp2s0 RX": 0.0,
    "wlp2s0 TX": 0.0,
    "PDU power": 9.0
}