{
    "CPU temp": 56.0,
    "CPU load (/proc/stat)(1s)": 0.1618798955613577,
    "CPU power": 3.401114,
    "lo RX": 0.0,
    "lo TX": 0.0,
    "enp3s0 RX": 122386135.0,
    "enp3s0 TX": 118334.0,
    "wlp2s0 RX": 0.0,
    "wlp2s0 TX": 0.0,
    "PDU power": 8.0
}