{
    "CPU temp": 56.0,
    "CPU load (/proc/stat)(1s)": 0.2572944297082228,
    "CPU power": 4.137807,
    "lo RX": 0.0,
    "lo TX": 0.0,
    "enp3s0 RX": 121620238.0,
    "enp3s0 TX": 126404.0,
    "wlp2s0 RX": 0.0,
    "wlp2s0 TX": 0.0,
    "PDU power": 8.0
}