{
    "CPU temp": 56.0,
    "CPU load (/proc/stat)(1s)": 0.18733509234828497,
    "CPU power": 3.560843,
    "lo RX": 0.0,
    "lo TX": 0.0,
    "enp3s0 RX": 122455632.0,
    "enp3s0 TX": 110718.0,
    "wlp2s0 RX": 0.0,
    "wlp2s0 TX": 0.0,
    "PDU power": 9.0
}