{
    "CPU temp": 56.0,
    "CPU load (/proc/stat)(1s)": 0.2632978723404255,
    "CPU power": 4.266774,
    "lo RX": 0.0,
    "lo TX": 0.0,
    "enp3s0 RX": 121860695.0,
    "enp3s0 TX": 122500.0,
    "wlp2s0 RX": 0.0,
    "wlp2s0 TX": 0.0,
    "PDU power": 8.0
}