{
    "CPU temp": 56.0,
    "CPU load (/proc/stat)(1s)": 0.24736842105263157,
    "CPU power": 4.117788,
    "lo RX": 0.0,
    "lo TX": 0.0,
    "enp3s0 RX": 122446487.0,
    "enp3s0 TX": 138394.0,
    "wlp2s0 RX": 0.0,
    "wlp2s0 TX": 0.0,
    "PDU power": 10.0
}