{
    "CPU temp": 56.0,
    "CPU load (/proc/stat)(1s)": 0.27676240208877284,
    "CPU power": 4.13091,
    "lo RX": 0.0,
    "lo TX": 0.0,
    "enp3s0 RX": 75583097.0,
    "enp3s0 TX": 83643.0,
    "wlp2s0 RX": 0.0,
    "wlp2s0 TX": 0.0,
    "PDU power": 7.0
}