{
    "CPU temp": 57.0,
    "CPU load (/proc/stat)(1s)": 0.34300791556728233,
    "CPU power": 4.627857,
    "lo RX": 0.0,
    "lo TX": 0.0,
    "enp3s0 RX": 122479736.0,
    "enp3s0 TX": 108858.0,
    "wlp2s0 RX": 0.0,
    "wlp2s0 TX": 0.0,
    "PDU power": 8.0
}