{
    "CPU temp": 57.0,
    "CPU load (/proc/stat)(1s)": 0.3403693931398417,
    "CPU power": 4.618885,
    "lo RX": 0.0,
    "lo TX": 0.0,
    "enp3s0 RX": 122450909.0,
    "enp3s0 TX": 118824.0,
    "wlp2s0 RX": 0.0,
    "wlp2s0 TX": 0.0,
    "PDU power": 9.0
}