{
    "CPU temp": 58.0,
    "CPU load (/proc/stat)(1s)": 0.35883905013192613,
    "CPU power": 4.986742,
    "lo RX": 0.0,
    "lo TX": 0.0,
    "enp3s0 RX": 122449723.0,
    "enp3s0 TX": 107832.0,
    "wlp2s0 RX": 0.0,
    "wlp2s0 TX": 0.0,
    "PDU power": 10.0
}