{
    "CPU temp": 58.0,
    "CPU load (/proc/stat)(1s)": 0.421875,
    "CPU power": 5.37401,
    "lo RX": 0.0,
    "lo TX": 0.0,
    "enp3s0 RX": 122421198.0,
    "enp3s0 TX": 113490.0,
    "wlp2s0 RX": 0.0,
    "wlp2s0 TX": 0.0,
    "PDU power": 9.0
}