{
    "CPU temp": 58.0,
    "CPU load (/proc/stat)(1s)": 0.46736292428198434,
    "CPU power": 5.714157,
    "lo RX": 0.0,
    "lo TX": 0.0,
    "enp3s0 RX": 122369422.0,
    "enp3s0 TX": 110484.0,
    "wlp2s0 RX": 0.0,
    "wlp2s0 TX": 0.0,
    "PDU power": 9.0
}