{
    "CPU temp": 59.0,
    "CPU load (/proc/stat)(1s)": 0.4576719576719577,
    "CPU power": 5.692735,
    "lo RX": 0.0,
    "lo TX": 0.0,
    "enp3s0 RX": 121851851.0,
    "enp3s0 TX": 136780.0,
    "wlp2s0 RX": 0.0,
    "wlp2s0 TX": 0.0,
    "PDU power": 9.0
}