{
    "CPU temp": 59.0,
    "CPU load (/proc/stat)(1s)": 0.4342105263157895,
    "CPU power": 5.453844,
    "lo RX": 0.0,
    "lo TX": 0.0,
    "enp3s0 RX": 122374129.0,
    "enp3s0 TX": 118360.0,
    "wlp2s0 RX": 0.0,
    "wlp2s0 TX": 0.0,
    "PDU power": 9.0
}