{
    "CPU temp": 60.0,
    "CPU load (/proc/stat)(1s)": 0.5517241379310345,
    "CPU power": 6.195724,
    "lo RX": 0.0,
    "lo TX": 0.0,
    "enp3s0 RX": 122437404.0,
    "enp3s0 TX": 123872.0,
    "wlp2s0 RX": 0.0,
    "wlp2s0 TX": 0.0,
    "PDU power": 10.0
}