{
    "CPU temp": 60.0,
    "CPU load (/proc/stat)(1s)": 0.5435356200527705,
    "CPU power": 6.147872,
    "lo RX": 0.0,
    "lo TX": 0.0,
    "enp3s0 RX": 122564340.0,
    "enp3s0 TX": 116054.0,
    "wlp2s0 RX": 0.0,
    "wlp2s0 TX": 0.0,
    "PDU power": 9.0
}