{
    "CPU temp": 55.0,
    "CPU load (/proc/stat)(1s)": 0.2664835164835165,
    "CPU power": 4.442921,
    "lo RX": 0.0,
    "lo TX": 0.0,
    "enp3s0 RX": 63824440.0,
    "enp3s0 TX": 57896812.0,
    "wlp2s0 RX": 0.0,
    "wlp2s0 TX": 0.0,
    "PDU power": 8.0
}