{
    "CPU temp": 60.0,
    "CPU load (/proc/stat)(1s)": 0.5319148936170213,
    "CPU power": 6.145737,
    "lo RX": 0.0,
    "lo TX": 0.0,
    "enp3s0 RX": 121267425.0,
    "enp3s0 TX": 118740.0,
    "wlp2s0 RX": 0.0,
    "wlp2s0 TX": 0.0,
    "PDU power": 9.0
}