{
    "CPU temp": 61.0,
    "CPU load (/proc/stat)(1s)": 0.6351706036745407,
    "CPU power": 6.779768,
    "lo RX": 0.0,
    "lo TX": 0.0,
    "enp3s0 RX": 122446755.0,
    "enp3s0 TX": 116972.0,
    "wlp2s0 RX": 0.0,
    "wlp2s0 TX": 0.0,
    "PDU power": 9.0
}