{
    "CPU temp": 61.0,
    "CPU load (/proc/stat)(1s)": 0.6464379947229552,
    "CPU power": 6.866437,
    "lo RX": 0.0,
    "lo TX": 0.0,
    "enp3s0 RX": 122016730.0,
    "enp3s0 TX": 109386.0,
    "wlp2s0 RX": 0.0,
    "wlp2s0 TX": 0.0,
    "PDU power": 10.0
}