{
    "CPU temp": 62.0,
    "CPU load (/proc/stat)(1s)": 0.6256544502617801,
    "CPU power": 6.651289,
    "lo RX": 0.0,
    "lo TX": 0.0,
    "enp3s0 RX": 122814453.0,
    "enp3s0 TX": 120098.0,
    "wlp2s0 RX": 0.0,
    "wlp2s0 TX": 0.0,
    "PDU power": 11.0
}