{
    "CPU temp": 62.0,
    "CPU load (/proc/stat)(1s)": 0.7374005305039788,
    "CPU power": 7.337262,
    "lo RX": 0.0,
    "lo TX": 0.0,
    "enp3s0 RX": 122369841.0,
    "enp3s0 TX": 112722.0,
    "wlp2s0 RX": 0.0,
    "wlp2s0 TX": 0.0,
    "PDU power": 11.0
}