{
    "CPU temp": 62.0,
    "CPU load (/proc/stat)(1s)": 0.7165775401069518,
    "CPU power": 7.342999,
    "lo RX": 0.0,
    "lo TX": 0.0,
    "enp3s0 RX": 122430300.0,
    "enp3s0 TX": 107398.0,
    "wlp2s0 RX": 0.0,
    "wlp2s0 TX": 0.0,
    "PDU power": 9.0
}